timestamp,open,high,low,close,volume,returns
2025-12-06 14:00:00,0.4125,0.4167,0.4118,0.4154,692463.98,0.007005705667276389
2025-12-06 15:00:00,0.4155,0.4164,0.4135,0.415,457074.38,-0.0009633912113136536
2025-12-06 16:00:00,0.4148,0.4188,0.4146,0.4168,337831.47,0.004327970208458954
2025-12-06 17:00:00,0.4168,0.4194,0.4156,0.4191,286923.58,0.0055030644918685106
2025-12-06 18:00:00,0.4192,0.4213,0.4173,0.4177,406653.9,-0.003346083427896069
2025-12-06 19:00:00,0.4177,0.4181,0.4122,0.4131,565865.45,-0.011073777100410779
2025-12-06 20:00:00,0.4131,0.415,0.4131,0.4146,283223.57,0.003624505598960298
2025-12-06 21:00:00,0.4145,0.4169,0.4139,0.4145,376140.3,-0.00024122542632962966
2025-12-06 22:00:00,0.4144,0.4155,0.4129,0.4136,357203.92,-0.0021736513811301916
2025-12-06 23:00:00,0.4138,0.4142,0.4112,0.4137,385694.73,0.00024175027314638016
2025-12-07 00:00:00,0.4138,0.4167,0.4135,0.4159,333495.61,0.005303773281500131
2025-12-07 01:00:00,0.416,0.4165,0.4147,0.4147,331865.54,-0.002889479496530351
2025-12-07 02:00:00,0.4148,0.4186,0.4147,0.4181,212427.02,0.008165271110183833
2025-12-07 03:00:00,0.418,0.4196,0.4171,0.4193,231790.79,0.0028660158141975136
2025-12-07 04:00:00,0.4193,0.4199,0.4171,0.4174,242041.98,-0.004541659533616657
2025-12-07 05:00:00,0.4174,0.4178,0.4147,0.416,405136.86,-0.0033597343818371384
2025-12-07 06:00:00,0.416,0.4201,0.4156,0.4196,587522.27,0.008616616260878797
2025-12-07 07:00:00,0.4195,0.4206,0.4169,0.4173,575183.55,-0.005496488924635106
2025-12-07 08:00:00,0.4173,0.4196,0.4161,0.4179,332754.06,0.0014367818563628255
2025-12-07 09:00:00,0.4179,0.4191,0.4146,0.4152,495942.9,-0.006481837602190806
2025-12-07 10:00:00,0.4152,0.4171,0.4148,0.4157,405148.64,0.0012035144069128026
2025-12-07 11:00:00,0.4156,0.416,0.4144,0.4151,262845.99,-0.0014443911995986845
2025-12-07 12:00:00,0.4151,0.4188,0.4147,0.4184,343229.47,0.007918457691719933
2025-12-07 13:00:00,0.4184,0.4194,0.4138,0.4163,534982.46,-0.005031758549783346
2025-12-07 14:00:00,0.4164,0.4168,0.4061,0.4077,2415036.74,-0.020874544375722035
2025-12-07 15:00:00,0.4076,0.4203,0.4069,0.42,1394681.83,0.029723101452206278
2025-12-07 16:00:00,0.4199,0.4254,0.4183,0.4254,1143927.86,0.01277519148872287
2025-12-07 17:00:00,0.4254,0.4318,0.4221,0.4301,1728339.13,0.010987837023553689
2025-12-07 18:00:00,0.4302,0.435,0.4302,0.4323,1252520.5241914,0.005102051883895552
2025-12-07 19:00:00,0.4323,0.4333,0.43,0.4317,385983.5,-0.001388889112154405
2025-12-07 20:00:00,0.4319,0.433,0.4307,0.4315,268801.37,-0.00046339203794917594
2025-12-07 21:00:00,0.4312,0.4313,0.4188,0.4211,588018.21,-0.024397175355600542
2025-12-07 22:00:00,0.4209,0.4209,0.411,0.4148,1311881.24,-0.015073858812509793
2025-12-07 23:00:00,0.4147,0.4178,0.4135,0.4174,470880.18,0.00624851828772815
2025-12-08 00:00:00,0.4174,0.4188,0.4144,0.416,354736.8,-0.0033597343818371384
2025-12-08 01:00:00,0.4159,0.427,0.4157,0.421,471176.45426811,0.011947573421118202
2025-12-08 02:00:00,0.421,0.4249,0.4204,0.4245,344322.4,0.008279172069020506
2025-12-08 03:00:00,0.4245,0.4259,0.4222,0.4229,369590.62,-0.003776261272959048
2025-12-08 04:00:00,0.4229,0.4275,0.4227,0.4262,255212.99,0.0077729751860739086
2025-12-08 05:00:00,0.4262,0.4267,0.4238,0.4258,231351.09,-0.0009389672051376704
2025-12-08 06:00:00,0.4259,0.4292,0.4249,0.4279,302243.08,0.004919770963391967
2025-12-08 07:00:00,0.428,0.4301,0.4266,0.4292,325639.54,0.0030334873337722933
2025-12-08 08:00:00,0.4291,0.4331,0.4284,0.4317,500243.05,0.005807891804888279
2025-12-08 09:00:00,0.4316,0.439,0.4316,0.4345,1431597.42,0.0064650421440149534
2025-12-08 10:00:00,0.4346,0.4356,0.4328,0.4339,840284.8,-0.0013818519011416675
2025-12-08 11:00:00,0.4338,0.4342,0.4299,0.4318,425907.28,-0.004851574723597964
2025-12-08 12:00:00,0.4318,0.4335,0.4301,0.4332,413462.23,0.0032369970461284705
2025-12-08 13:00:00,0.4332,0.4357,0.4326,0.4345,416209.12,0.0029964295786112094
2025-12-08 14:00:00,0.4344,0.44,0.432,0.4352,1486972.98,0.001609750836286111
2025-12-08 15:00:00,0.4352,0.4383,0.4302,0.4353,939809.92,0.00022975301651899542
2025-12-08 16:00:00,0.4352,0.4398,0.433,0.4357,549312.8,0.0009184845651444409
2025-12-08 17:00:00,0.4356,0.4413,0.4344,0.4379,709272.44,0.005036640683956239
2025-12-08 18:00:00,0.4378,0.4383,0.4301,0.4323,586013.18,-0.012870782133766604
2025-12-08 19:00:00,0.4323,0.4357,0.4316,0.4344,671755.22862878,0.004845976946139665
2025-12-08 20:00:00,0.4344,0.4374,0.4337,0.4356,485141.23,0.0027586224390796607
2025-12-08 21:00:00,0.4355,0.4369,0.4337,0.4365,475108.83,0.0020639842208514275
2025-12-08 22:00:00,0.4365,0.4372,0.4331,0.4336,521300.73,-0.006665925154220418
2025-12-08 23:00:00,0.4336,0.4344,0.4294,0.4328,342862.89,-0.0018467225931646629
2025-12-09 00:00:00,0.4328,0.4347,0.4305,0.4322,350101.39,-0.001387283459486239
2025-12-09 01:00:00,0.4323,0.4323,0.4277,0.4285,401806.12,-0.00859770603495113
2025-12-09 02:00:00,0.4285,0.4313,0.4281,0.4296,460128.15,0.0025638051568203702
2025-12-09 03:00:00,0.4296,0.4327,0.4269,0.432,510487.37,0.0055710450494554295
2025-12-09 04:00:00,0.432,0.4326,0.4254,0.4261,456537.93,-0.013751527738243952
2025-12-09 05:00:00,0.426,0.4293,0.4241,0.4268,917072.96,0.001641458921732072
2025-12-09 06:00:00,0.427,0.4291,0.425,0.4263,320267.57,-0.0011721956564336117
2025-12-09 07:00:00,0.4263,0.4287,0.4254,0.4275,377706.25,0.0028109646056502283
2025-12-09 08:00:00,0.4276,0.4288,0.4258,0.4267,534678.67,-0.0018730981828605497
2025-12-09 09:00:00,0.4267,0.4267,0.4239,0.4252,379359.76,-0.003521543726161449
2025-12-09 10:00:00,0.4253,0.4284,0.4247,0.4283,424712.92,0.007264238153532317
2025-12-09 11:00:00,0.4282,0.4438,0.4277,0.438,1161622.95,0.022395025755120753
2025-12-09 12:00:00,0.4379,0.4481,0.4369,0.4478,2572537.71684122,0.022127793788208252
2025-12-09 13:00:00,0.4478,0.4553,0.447,0.4505,2283935.23,0.006011372883738333
2025-12-09 14:00:00,0.4505,0.4537,0.4485,0.4516,1844736.91,0.0024387552271142423
2025-12-09 15:00:00,0.4517,0.4697,0.4514,0.4671,3280314.76877168,0.03374653523255545
2025-12-09 16:00:00,0.4672,0.4792,0.4672,0.4755,3254914.7,0.017823514477382674
2025-12-09 17:00:00,0.4755,0.4804,0.4752,0.4783,1444851.73,0.005871268700806219
2025-12-09 18:00:00,0.4783,0.4839,0.4775,0.4796,1071923.45,0.002714272467107991
2025-12-09 19:00:00,0.4796,0.4796,0.4755,0.4762,956158.09,-0.007114489100596781
2025-12-09 20:00:00,0.4766,0.4814,0.4704,0.4736,1228504.36,-0.005474850482966421
2025-12-09 21:00:00,0.4739,0.4782,0.4646,0.4703,1044133.85,-0.006992294618793709
2025-12-09 22:00:00,0.4703,0.475,0.4688,0.4699,649702.07,-0.0008508828422322406
2025-12-09 23:00:00,0.4698,0.4709,0.4677,0.4697,635096.94,-0.0004257130758205347
2025-12-10 00:00:00,0.4697,0.4718,0.464,0.4642,483041.79,-0.011778699192612763
2025-12-10 01:00:00,0.4641,0.4663,0.4629,0.4647,429148.26,0.0010765422505960701
2025-12-10 02:00:00,0.4646,0.4655,0.4622,0.4633,357463.28,-0.0030172436683299276
2025-12-10 03:00:00,0.4631,0.4651,0.462,0.4627,354821.97,-0.0012958965096487266
2025-12-10 04:00:00,0.4626,0.4656,0.4615,0.4646,507112.87,0.004097924423354837
2025-12-10 05:00:00,0.4645,0.4656,0.4629,0.4641,352717.49,-0.0010767740891785957
2025-12-10 06:00:00,0.4641,0.4644,0.4623,0.4634,465188.96,-0.0015094342488544033
2025-12-10 07:00:00,0.4631,0.4632,0.4583,0.4613,817581.19,-0.004542021434501009
2025-12-10 08:00:00,0.4615,0.4628,0.4596,0.4622,793216.64,0.001949107276505478
2025-12-10 09:00:00,0.4621,0.4748,0.4611,0.4733,1114863.59,0.02373173907192195
2025-12-10 10:00:00,0.4732,0.4759,0.4619,0.4636,1305743.24199978,-0.020707325446605623
2025-12-10 11:00:00,0.4633,0.466,0.4609,0.4657,1533861.22,0.004519538522734874
2025-12-10 12:00:00,0.4657,0.4664,0.4617,0.4638,845285.85,-0.004088225166900262
2025-12-10 13:00:00,0.4638,0.4664,0.463,0.4639,790882.13,0.00021558693626664094
2025-12-10 14:00:00,0.4639,0.464,0.4614,0.4634,815298.55,-0.0010783997594221468
2025-12-10 15:00:00,0.463,0.4662,0.4609,0.4619,843966.72,-0.0032421945617160776
2025-12-10 16:00:00,0.4619,0.4651,0.4603,0.4625,724758.15,0.0012981395159202725
2025-12-10 17:00:00,0.4624,0.4657,0.4618,0.4626,696174.39,0.0002161928448589646
2025-12-10 18:00:00,0.4626,0.4687,0.4614,0.4639,1038924.83,0.002806261960359174
2025-12-10 19:00:00,0.464,0.4711,0.4568,0.465,2931526.00187169,0.0023683938296584933
2025-12-10 20:00:00,0.4651,0.4748,0.4598,0.4615,2103879.83,-0.007555351644449502
2025-12-10 21:00:00,0.4615,0.4637,0.4561,0.4568,1149228.81,-0.010236395601106478
2025-12-10 22:00:00,0.4569,0.4593,0.4526,0.4572,1326744.05,0.0008752735788551747
2025-12-10 23:00:00,0.4571,0.4582,0.4523,0.4536,994706.14,-0.007905179507113261
2025-12-11 00:00:00,0.4534,0.4548,0.4437,0.445,989901.97,-0.019141470247302058
2025-12-11 01:00:00,0.4448,0.4448,0.4384,0.4386,1361530.63,-0.014486446182452397
2025-12-11 02:00:00,0.4385,0.4392,0.4348,0.4371,850879.89,-0.0034258341145189733
2025-12-11 03:00:00,0.4371,0.4371,0.4293,0.4299,1313530.38,-0.01660937836703295
2025-12-11 04:00:00,0.4298,0.4344,0.4277,0.4324,809428.26,0.005798462262817405
2025-12-11 05:00:00,0.4323,0.4324,0.4299,0.4313,646721.88,-0.002547182111255735
2025-12-11 06:00:00,0.4312,0.4326,0.4271,0.4291,555455.01,-0.005113911656318541
2025-12-11 07:00:00,0.429,0.4295,0.4251,0.4267,480184.47,-0.00560880180352459
2025-12-11 08:00:00,0.4268,0.4269,0.4215,0.4233,613986.01,-0.008000042667076265
2025-12-11 09:00:00,0.4232,0.4262,0.4219,0.4245,406555.16,0.0028308582245239132
2025-12-11 10:00:00,0.4245,0.4249,0.4219,0.4236,353071.64,-0.002122392024150606
2025-12-11 11:00:00,0.4235,0.4246,0.4197,0.4206,535639.17,-0.007107350458651945
2025-12-11 12:00:00,0.4206,0.4206,0.4145,0.4167,1518602.28,-0.009315724840191542
2025-12-11 13:00:00,0.4168,0.4174,0.4145,0.4155,498905.57,-0.002883924132904982
2025-12-11 14:00:00,0.4158,0.418,0.4119,0.4132,1080083.66,-0.005550877050019331
2025-12-11 15:00:00,0.413,0.4216,0.4124,0.4176,1468306.26,0.010592299322945517
2025-12-11 16:00:00,0.4175,0.4182,0.4115,0.4128,605591.86,-0.011560822401076084
2025-12-11 17:00:00,0.413,0.4144,0.4106,0.411,707870.94,-0.004369999671118379
2025-12-11 18:00:00,0.4108,0.4181,0.4094,0.4144,930372.95,0.008238476449038752
2025-12-11 19:00:00,0.4144,0.4222,0.4131,0.4175,729865.97,0.007452853345636813
2025-12-11 20:00:00,0.4175,0.4233,0.4171,0.4226,996025.85,0.012141560891046076
2025-12-11 21:00:00,0.4226,0.4282,0.4217,0.426,1366777.58,0.008013241087414084
2025-12-11 22:00:00,0.4261,0.4275,0.421,0.4231,1085435.73,-0.006830788543348696
2025-12-11 23:00:00,0.4232,0.4263,0.421,0.4251,632917.43,0.004715877638722607
2025-12-12 00:00:00,0.4254,0.4272,0.4177,0.4178,812932.04,-0.01732158624227894
2025-12-12 01:00:00,0.4182,0.4243,0.4181,0.4213,639170.47,0.008342319862505403
2025-12-12 02:00:00,0.4213,0.4251,0.4203,0.4236,496658.33946415,0.0054444447422805605
2025-12-12 03:00:00,0.4237,0.4244,0.4206,0.4225,358106.62,-0.0026001669300228557
2025-12-12 04:00:00,0.4225,0.423,0.4199,0.421,313457.72,-0.0035566131148471155
2025-12-12 05:00:00,0.421,0.4253,0.4195,0.4251,408277.97,0.009691601682363037
2025-12-12 06:00:00,0.4253,0.4293,0.4246,0.4253,472218.88,0.0004703668948434446
2025-12-12 07:00:00,0.4253,0.4283,0.4245,0.4262,291601.25,0.002113917404929005
2025-12-12 08:00:00,0.4261,0.4268,0.423,0.4239,398601.78,-0.0054111413059253575
2025-12-12 09:00:00,0.4238,0.4267,0.4214,0.4265,510879.1,0.006114788573142261
2025-12-12 10:00:00,0.4263,0.4275,0.426,0.4268,619201.89,0.0007031524958645444
2025-12-12 11:00:00,0.4267,0.4267,0.4241,0.4244,329339.38,-0.005639112687770262
2025-12-12 12:00:00,0.4244,0.4272,0.4235,0.4268,263122.65,0.005639112687770247
2025-12-12 13:00:00,0.4267,0.4268,0.4246,0.4254,566820.41,-0.0032856166614614935
2025-12-12 14:00:00,0.4254,0.4268,0.4227,0.4246,980213.33,-0.001882353496981203
2025-12-12 15:00:00,0.4244,0.4245,0.4067,0.4085,2272979.7749581,-0.03865563496909812
2025-12-12 16:00:00,0.4083,0.4111,0.4037,0.4049,1972516.58,-0.00885179126194215
2025-12-12 17:00:00,0.4049,0.4098,0.4047,0.4084,732168.12,0.00860696325239506
2025-12-12 18:00:00,0.4084,0.4157,0.4079,0.4124,848208.3814136,0.009746665852294474
2025-12-12 19:00:00,0.4123,0.4126,0.4084,0.4096,386498.42,-0.006812678417506707
2025-12-12 20:00:00,0.4095,0.4111,0.4089,0.4101,313420.65,0.0012199586727155388
2025-12-12 21:00:00,0.4102,0.4114,0.4092,0.4098,270303.04,-0.0007317965932142287
2025-12-12 22:00:00,0.4099,0.4114,0.4096,0.4106,214012.64432946,0.0019502687800339274
2025-12-12 23:00:00,0.4106,0.411,0.408,0.4091,363146.33,-0.0036598796494803133
2025-12-13 00:00:00,0.409,0.4109,0.409,0.4102,256323.16,0.00268522070292738
2025-12-13 01:00:00,0.4102,0.4112,0.4096,0.41,139981.48,-0.00048768593992683517
2025-12-13 02:00:00,0.4102,0.4118,0.41,0.4102,315036.2,0.00048768593992674897
2025-12-13 03:00:00,0.4102,0.4111,0.4093,0.4095,561988.89,-0.0017079423451562587
2025-12-13 04:00:00,0.4092,0.4112,0.4089,0.4108,218271.8,0.0031695747612790395
2025-12-13 05:00:00,0.4107,0.4121,0.4097,0.4103,214535.8,-0.0012178786062628044
2025-12-13 06:00:00,0.4103,0.4108,0.4081,0.41,564318.88,-0.0007314397497870049
2025-12-13 07:00:00,0.4101,0.4109,0.4096,0.4104,499064.89,0.0009751341582062914
2025-12-13 08:00:00,0.4104,0.4139,0.41,0.4121,329635.94,0.004133744488212005
2025-12-13 09:00:00,0.4121,0.4124,0.411,0.4117,306485.36,-0.0009711095689126657
2025-12-13 10:00:00,0.4118,0.4155,0.4113,0.4149,258954.08,0.007742598562963187
2025-12-13 11:00:00,0.415,0.4153,0.4116,0.4122,277719.94,-0.006528858882463556
2025-12-13 12:00:00,0.4123,0.4136,0.4113,0.4123,254358.29,0.00024257125649571412
2025-12-13 13:00:00,0.4124,0.4134,0.4108,0.4131,278881.69,0.001938454689864576
2025-12-13 14:00:00,0.4132,0.4137,0.4105,0.412,398392.97,-0.0026663450531925364
2025-12-13 15:00:00,0.4119,0.4146,0.4117,0.4131,256057.54,0.0026663450531924735
2025-12-13 16:00:00,0.4131,0.4143,0.4117,0.412,208902.13,-0.0026663450531925364
2025-12-13 17:00:00,0.412,0.412,0.409,0.4109,354834.06,-0.00267347346016233
2025-12-13 18:00:00,0.4109,0.4118,0.4099,0.4101,247274.05,-0.0019488434913504553
2025-12-13 19:00:00,0.4101,0.4113,0.4096,0.4101,164800.18,0.0
2025-12-13 20:00:00,0.4101,0.4114,0.41,0.4102,157413.35,0.0002438132402665713
2025-12-13 21:00:00,0.4103,0.4104,0.4061,0.4095,487843.57,-0.0017079423451562587
2025-12-13 22:00:00,0.4095,0.4109,0.4079,0.4089,628439.81,-0.001466275922527488
2025-12-13 23:00:00,0.4089,0.411,0.4082,0.4106,190103.72,0.0041488772142366384
2025-12-14 00:00:00,0.4106,0.4115,0.4091,0.4098,398585.24,-0.0019502687800338747
2025-12-14 01:00:00,0.4099,0.4104,0.4092,0.4096,138210.46,-0.00048816207950132343
2025-12-14 02:00:00,0.4096,0.4111,0.4095,0.4103,345677.6,0.0017075257228423724
2025-12-14 03:00:00,0.4103,0.4107,0.4088,0.4099,272171.97,-0.0009753719378485356
2025-12-14 04:00:00,0.4098,0.4103,0.4077,0.4078,293209.44,-0.005136369369937044
2025-12-14 05:00:00,0.4077,0.4081,0.4065,0.4078,275117.36,0.0
2025-12-14 06:00:00,0.4078,0.4086,0.4062,0.4075,226122.81,-0.000735925459437487
2025-12-14 07:00:00,0.4076,0.4088,0.407,0.4078,1137606.68,0.0007359254594374421
2025-12-14 08:00:00,0.4078,0.4096,0.4069,0.407,2131576.56,-0.0019636726977598174
2025-12-14 09:00:00,0.407,0.4077,0.4057,0.407,1884136.38664105,0.0
2025-12-14 10:00:00,0.4071,0.4077,0.4045,0.4068,677587.27,-0.0004915212681900063
2025-12-14 11:00:00,0.4069,0.4069,0.3976,0.4035,1135464.43,-0.008145176464401318
2025-12-14 12:00:00,0.4034,0.405,0.4013,0.4035,428147.28,0.0
2025-12-14 13:00:00,0.4036,0.4038,0.3997,0.4024,667438.27,-0.0027298689244741278
2025-12-14 14:00:00,0.4023,0.4033,0.397,0.3994,1145088.98,-0.007483197803814621
2025-12-14 15:00:00,0.3994,0.4003,0.3985,0.3994,589342.74,0.0
2025-12-14 16:00:00,0.3993,0.4026,0.3983,0.3998,727428.32,0.0010010010845848043
2025-12-14 17:00:00,0.3999,0.4005,0.3958,0.3971,527640.01,-0.006776283929093818
2025-12-14 18:00:00,0.397,0.4002,0.3968,0.4,367147.63,0.007276408970776157
2025-12-14 19:00:00,0.4,0.4001,0.3964,0.3986,518667.7,-0.0035061393292877014
2025-12-14 20:00:00,0.3986,0.4002,0.3969,0.3977,721658.5,-0.0022604555650494124
2025-12-14 21:00:00,0.3977,0.3981,0.3945,0.3954,361901.46,-0.005800041477128478
2025-12-14 22:00:00,0.3953,0.3976,0.3936,0.397,648855.03,0.004038369950673947
2025-12-14 23:00:00,0.397,0.399,0.3916,0.3962,837661.93,-0.0020171464227399655
2025-12-15 00:00:00,0.3962,0.3996,0.3956,0.3979,461856.04,0.004281583168432334
2025-12-15 01:00:00,0.398,0.4032,0.3973,0.4017,1367965.88,0.00950482393235356
2025-12-15 02:00:00,0.4017,0.4076,0.4015,0.4023,731675.86,0.0014925375905060505
2025-12-15 03:00:00,0.4024,0.403,0.4003,0.4015,322064.99,-0.0019905455689260988
2025-12-15 04:00:00,0.4015,0.4041,0.4014,0.4036,338723.6,0.005216755092637416
2025-12-15 05:00:00,0.4036,0.4052,0.4032,0.4041,210548.03,0.0012380836049740989
2025-12-15 06:00:00,0.4042,0.4065,0.4032,0.405,262831.52,0.0022246950221111086
2025-12-15 07:00:00,0.4051,0.4057,0.4013,0.4021,339719.53,-0.007186253203310862
2025-12-15 08:00:00,0.4022,0.4032,0.4005,0.4007,724400.36,-0.003487796261129524
2025-12-15 09:00:00,0.4007,0.4046,0.4005,0.4036,283288.42,0.007211270837355123
2025-12-15 10:00:00,0.4037,0.4058,0.4026,0.4045,543909.16,0.0022274480190926185
2025-12-15 11:00:00,0.4045,0.4052,0.4026,0.4027,294262.93,-0.004459868641137982
2025-12-15 12:00:00,0.403,0.4041,0.4015,0.4026,369064.28,-0.0002483546517173564
2025-12-15 13:00:00,0.4025,0.403,0.4002,0.4009,384188.06360521,-0.004231493557229924
2025-12-15 14:00:00,0.4009,0.4054,0.3895,0.3926,1261048.53,-0.020920737806100518
2025-12-15 15:00:00,0.3926,0.3949,0.3823,0.3854,5672487.6595881,-0.018509525862094655
2025-12-15 16:00:00,0.3855,0.3904,0.3808,0.3827,2312023.8202095,-0.007030363548609502
2025-12-15 17:00:00,0.3824,0.3834,0.3792,0.381,1208023.78,-0.0044520173049555365
2025-12-15 18:00:00,0.3811,0.383,0.3772,0.3828,1013669.14,0.004713284452098137
2025-12-15 19:00:00,0.3828,0.3881,0.3825,0.3847,719220.2647486,0.004951150179450313
2025-12-15 20:00:00,0.3847,0.3847,0.3798,0.381,918081.85833869,-0.009664434631548452
2025-12-15 21:00:00,0.381,0.3843,0.3803,0.3839,403007.57,0.007582726880051148
2025-12-15 22:00:00,0.3839,0.3853,0.3822,0.385,333419.92,0.002861232281032195
2025-12-15 23:00:00,0.385,0.3883,0.3846,0.3882,466012.67,0.008277336447125616
2025-12-16 00:00:00,0.3882,0.3899,0.384,0.3841,406725.03,-0.010617735383050709
2025-12-16 01:00:00,0.3843,0.3864,0.383,0.3842,378931.98,0.0002603149825971188
2025-12-16 02:00:00,0.3841,0.3859,0.3815,0.3821,407229.16,-0.005480895881601931
2025-12-16 03:00:00,0.3821,0.3831,0.3801,0.3828,411570.75,0.0018303051259447702
2025-12-16 04:00:00,0.3828,0.3832,0.3775,0.3826,607782.16,-0.0005226025726466809
2025-12-16 05:00:00,0.3826,0.3826,0.3805,0.3814,472755.79,-0.003141363839833795
2025-12-16 06:00:00,0.3815,0.3847,0.3813,0.3844,231933.44,0.007834983929818656
2025-12-16 07:00:00,0.3844,0.3853,0.3799,0.3804,399796.93,-0.010460346424902199
2025-12-16 08:00:00,0.3804,0.3828,0.3801,0.3814,399610.05,0.0026253624950834348
2025-12-16 09:00:00,0.3815,0.3819,0.3803,0.3811,465873.17,-0.0007868852865041748
2025-12-16 10:00:00,0.3812,0.3907,0.3805,0.3878,1343489.15,0.017427934928736774
2025-12-16 11:00:00,0.3879,0.3888,0.3856,0.3881,645541.42,0.0007732955663091387
2025-12-16 12:00:00,0.3881,0.3891,0.3863,0.3873,327273.45,-0.002063451854154174
2025-12-16 13:00:00,0.3872,0.3907,0.3811,0.3811,1885884.92,-0.016137778640891928
2025-12-16 14:00:00,0.3811,0.3888,0.3784,0.3864,1720820.06,0.013811294458548477
2025-12-16 15:00:00,0.3868,0.3915,0.3834,0.3901,2051023.62,0.00953001417424789
2025-12-16 16:00:00,0.3902,0.3906,0.386,0.3876,1139468.23,-0.006429236495999717
2025-12-16 17:00:00,0.3876,0.3891,0.3842,0.3846,812053.27,-0.007770046861931788
2025-12-16 18:00:00,0.3847,0.3897,0.3838,0.3882,583680.35,0.009316837580230539
2025-12-16 19:00:00,0.3882,0.3882,0.3843,0.3871,325188.5,-0.0028376131513074567
2025-12-16 20:00:00,0.3871,0.3883,0.3862,0.3864,570843.65,-0.001809955245239419
2025-12-16 21:00:00,0.3863,0.3878,0.3853,0.3868,306995.04,0.0010346612407762387
2025-12-16 22:00:00,0.3869,0.3874,0.3855,0.3859,235996.96,-0.0023294950355660813
2025-12-16 23:00:00,0.386,0.3861,0.3847,0.3859,235819.93,0.0
2025-12-17 00:00:00,0.3859,0.3859,0.3825,0.3836,360305.4,-0.005977925534289962
2025-12-17 01:00:00,0.3836,0.3878,0.3836,0.3843,314240.56,0.0018231545615149567
2025-12-17 02:00:00,0.3846,0.3857,0.3823,0.3849,293199.28,0.001560062718902406
2025-12-17 03:00:00,0.3851,0.3859,0.3827,0.3834,259405.39,-0.0039047296781563713
2025-12-17 04:00:00,0.3834,0.3836,0.3794,0.3799,283962.58,-0.009170770417964292
2025-12-17 05:00:00,0.3798,0.3808,0.3765,0.3803,1471683.2,0.0010523547406341793
2025-12-17 06:00:00,0.3803,0.3817,0.38,0.3804,376695.42,0.00026291573702118113
2025-12-17 07:00:00,0.3804,0.3822,0.3795,0.381,332508.68,0.0015760444554657142
2025-12-17 08:00:00,0.381,0.381,0.3781,0.3788,365799.25,-0.005791013814777716
2025-12-17 09:00:00,0.3787,0.3791,0.3768,0.378,344673.88,-0.0021141656923355256
2025-12-17 10:00:00,0.3781,0.3791,0.3769,0.3777,402390.49,-0.0007939659011766231
2025-12-17 11:00:00,0.3777,0.381,0.3776,0.3807,229397.6,0.007911433670040586
2025-12-17 12:00:00,0.3807,0.382,0.3802,0.3805,265223.52310195,-0.0005254860867110682
2025-12-17 13:00:00,0.3804,0.3859,0.379,0.3845,789942.35,0.010457611643958224
2025-12-17 14:00:00,0.3846,0.3953,0.3785,0.3952,2543208.07,0.02744817692801412
2025-12-17 15:00:00,0.3952,0.4001,0.3805,0.382,3834191.97,-0.03397135726713758
2025-12-17 16:00:00,0.3819,0.3849,0.3699,0.3754,2611808.19590449,-0.017428484454166705
2025-12-17 17:00:00,0.3756,0.3759,0.3679,0.3694,1025979.49,-0.016112056387268824
2025-12-17 18:00:00,0.3694,0.373,0.3659,0.3669,752204.2,-0.006790736403903264
2025-12-17 19:00:00,0.3671,0.369,0.364,0.3686,610479.6,0.004622713874486406
2025-12-17 20:00:00,0.3688,0.372,0.3666,0.3685,585147.39,-0.00027133360633158885
2025-12-17 21:00:00,0.3684,0.3696,0.3655,0.3662,525675.08,-0.00626107938898084
2025-12-17 22:00:00,0.3664,0.3687,0.3646,0.3682,397696.72,0.005446636558567085
2025-12-17 23:00:00,0.3681,0.3681,0.3657,0.3673,264493.16,-0.0024473159733559157
2025-12-18 00:00:00,0.3674,0.3676,0.3656,0.3668,337611.66,-0.001362212443311803
2025-12-18 01:00:00,0.3667,0.3668,0.3629,0.3647,544947.03,-0.005741642567675171
2025-12-18 02:00:00,0.3647,0.3688,0.3637,0.3676,278438.77,0.007920292666897286
2025-12-18 03:00:00,0.3675,0.3675,0.3635,0.3649,720483.01,-0.007372047039129967
2025-12-18 04:00:00,0.365,0.3667,0.3648,0.3653,268725.33,0.0010955903588348401
2025-12-18 05:00:00,0.3652,0.3653,0.3607,0.3613,542884.33,-0.011010295647642337
2025-12-18 06:00:00,0.3613,0.3624,0.3607,0.3617,353633.36,0.0011065008044578236
2025-12-18 07:00:00,0.3619,0.3631,0.361,0.3622,373184.14,0.0013814064912607202
2025-12-18 08:00:00,0.3623,0.3651,0.362,0.3628,551044.04,0.0016551727916684252
2025-12-18 09:00:00,0.3627,0.3649,0.3618,0.3641,333157.97,0.0035768369404060884
2025-12-18 10:00:00,0.3641,0.3659,0.3637,0.3646,333759.79,0.0013723070631749413
2025-12-18 11:00:00,0.3649,0.3649,0.3625,0.3648,248927.49,0.0005483959556137368
2025-12-18 12:00:00,0.3649,0.3665,0.3637,0.3657,301168.84,0.0024640669551592785
2025-12-18 13:00:00,0.3656,0.3763,0.3656,0.3758,2327554.86,0.027243761824029485
2025-12-18 14:00:00,0.3758,0.3794,0.368,0.3703,1721077.34,-0.014743599059797994
2025-12-18 15:00:00,0.3705,0.3768,0.3681,0.3731,1775117.51,0.00753299230754501
2025-12-18 16:00:00,0.3733,0.3736,0.3702,0.3716,607674.52,-0.004028473287428727
2025-12-18 17:00:00,0.3716,0.3717,0.3506,0.3586,4501871.70155998,-0.035610445768651036
2025-12-18 18:00:00,0.3585,0.3623,0.3541,0.3549,833572.69,-0.010371501518581659
2025-12-18 19:00:00,0.3548,0.356,0.3468,0.3477,1997321.59,-0.020496020638635013
2025-12-18 20:00:00,0.3477,0.3519,0.3472,0.348,1149861.2,0.0008624407606584821
2025-12-18 21:00:00,0.348,0.3547,0.3478,0.3546,727763.59,0.01878791386563327
2025-12-18 22:00:00,0.3547,0.3554,0.3528,0.3542,509274.71,-0.0011286682913743654
2025-12-18 23:00:00,0.3543,0.3543,0.3509,0.3515,493938.65,-0.007652014098013702
2025-12-19 00:00:00,0.3515,0.3525,0.3481,0.3501,615615.18,-0.003990883290099486
2025-12-19 01:00:00,0.3501,0.3501,0.3466,0.3483,576885.05,-0.0051546505886645375
2025-12-19 02:00:00,0.3481,0.3516,0.347,0.3506,725322.94,0.006581795115178622
2025-12-19 03:00:00,0.3507,0.3629,0.3504,0.3595,1402615.51,0.025068204673967164
2025-12-19 04:00:00,0.3597,0.3624,0.3597,0.3614,720358.98,0.005271200997026838
2025-12-19 05:00:00,0.3615,0.3616,0.3595,0.3604,865116.74430966,-0.0027708524239452178
2025-12-19 06:00:00,0.3605,0.3637,0.36,0.3636,391367.02,0.0088398365691408
2025-12-19 07:00:00,0.3636,0.3696,0.3636,0.3664,1204413.46,0.007671270496651489
2025-12-19 08:00:00,0.3664,0.3675,0.3647,0.367,389407.94,0.0016362152545950318
2025-12-19 09:00:00,0.367,0.3671,0.3657,0.3659,264523.75,-0.003001776029409134
2025-12-19 10:00:00,0.3659,0.3668,0.365,0.3659,307005.46,0.0
2025-12-19 11:00:00,0.366,0.3673,0.3653,0.3663,236766.57,0.001092597759607527
2025-12-19 12:00:00,0.3664,0.3676,0.3651,0.3668,315988.07,0.0013640705975410158
2025-12-19 13:00:00,0.3669,0.3677,0.3658,0.3666,335019.03,-0.0005454049767052485
2025-12-19 14:00:00,0.3666,0.3732,0.3656,0.3709,1270644.87,0.011661149089940601
2025-12-19 15:00:00,0.3709,0.379,0.3696,0.3711,1765136.01,0.0005390835710067136
2025-12-19 16:00:00,0.3711,0.3798,0.3709,0.3741,832922.29,0.008051573287548556
2025-12-19 17:00:00,0.3742,0.3775,0.3693,0.3694,1045392.38,-0.012643073588960801
2025-12-19 18:00:00,0.3694,0.3743,0.3693,0.3732,925536.34,0.010234401208049197
2025-12-19 19:00:00,0.3733,0.3806,0.3733,0.3781,676509.52,0.01304424192369841
2025-12-19 20:00:00,0.3782,0.3807,0.3775,0.3794,559565.5,0.00343234660402668
2025-12-19 21:00:00,0.3793,0.3794,0.3752,0.3756,312083.44,-0.010066310166806059
2025-12-19 22:00:00,0.3757,0.3783,0.3756,0.3778,497290.82,0.005840207733301502
2025-12-19 23:00:00,0.3777,0.3778,0.3765,0.3767,425718.25,-0.00291584036941391
2025-12-20 00:00:00,0.3768,0.3772,0.3754,0.3759,328718.52,-0.002125964127862999
2025-12-20 01:00:00,0.3759,0.3767,0.374,0.3741,290337.4,-0.004800009216031893
2025-12-20 02:00:00,0.3743,0.3754,0.3735,0.3745,217403.12,0.0010686616031737664
2025-12-20 03:00:00,0.3746,0.3759,0.3739,0.3744,195059.94,-0.00026705835383719026
2025-12-20 04:00:00,0.3744,0.3745,0.3723,0.3723,361702.65,-0.005624763724765745
2025-12-20 05:00:00,0.3724,0.3752,0.3724,0.3733,219312.05,0.002682405041867025
2025-12-20 06:00:00,0.3734,0.3739,0.373,0.3738,118618.98,0.0013385091009242706
2025-12-20 07:00:00,0.374,0.3747,0.3726,0.3745,253570.16,0.0018709079358116025
2025-12-20 08:00:00,0.3744,0.3808,0.3744,0.3767,1309066.01,0.005857311740721065
2025-12-20 09:00:00,0.3766,0.3804,0.3765,0.3794,434411.8,0.0071419428029186015
2025-12-20 10:00:00,0.3794,0.38,0.3771,0.3783,319229.73,-0.0029035258619302417
2025-12-20 11:00:00,0.3783,0.3792,0.3773,0.3786,386765.86,0.0007927071362389057
2025-12-20 12:00:00,0.3786,0.3788,0.3765,0.3771,187770.09,-0.003969834510911043
2025-12-20 13:00:00,0.3771,0.378,0.3745,0.3773,586859.72,0.0005302227059534305
2025-12-20 14:00:00,0.3773,0.3795,0.375,0.3791,394081.23,0.004759395552024399
2025-12-20 15:00:00,0.3791,0.3793,0.3764,0.3775,403183.92,-0.00422945383320974
2025-12-20 16:00:00,0.3776,0.378,0.3756,0.3765,276911.32,-0.002652521449131117
2025-12-20 17:00:00,0.3764,0.3769,0.3752,0.3761,261524.57,-0.0010629817636576269
2025-12-20 18:00:00,0.3762,0.3773,0.3759,0.3766,231204.32,0.0013285507467613973
2025-12-20 19:00:00,0.3768,0.3772,0.3754,0.3754,159523.03,-0.003191492070643555
2025-12-20 20:00:00,0.3754,0.376,0.3749,0.3757,334362.73,0.0007988284275147834
2025-12-20 21:00:00,0.3758,0.3765,0.3747,0.3747,343035.6,-0.002665246780281579
2025-12-20 22:00:00,0.3747,0.3758,0.3733,0.3753,491070.28,0.001600000341333653
2025-12-20 23:00:00,0.3753,0.3754,0.3724,0.373,1378518.48,-0.006147286497159617
2025-12-21 00:00:00,0.373,0.3738,0.3717,0.3723,298486.98,-0.0018784387651443037
2025-12-21 01:00:00,0.3728,0.3728,0.3697,0.3697,237662.21,-0.007008114936085164
2025-12-21 02:00:00,0.3698,0.3709,0.3676,0.3686,333091.2,-0.0029798207068632405
2025-12-21 03:00:00,0.3686,0.3706,0.3684,0.3696,306189.03,0.0027092945318061656
2025-12-21 04:00:00,0.3696,0.3696,0.3681,0.3681,192532.46,-0.004066699382553686
2025-12-21 05:00:00,0.3682,0.3695,0.3678,0.368,161684.31,-0.0002717022160444988
2025-12-21 06:00:00,0.3681,0.3692,0.3677,0.3685,219124.49,0.0013577734604602887
2025-12-21 07:00:00,0.3685,0.3687,0.3671,0.3675,287689.59,-0.002717392976499915
2025-12-21 08:00:00,0.3675,0.372,0.3667,0.3708,478498.94,0.008939515038808828
2025-12-21 09:00:00,0.3708,0.3746,0.3699,0.3729,512274.24,0.0056474534930749925
2025-12-21 10:00:00,0.3732,0.374,0.3701,0.3707,340435.95,-0.005917177028088619
2025-12-21 11:00:00,0.3707,0.3711,0.3697,0.3701,194227.23,-0.0016198707645762379
2025-12-21 12:00:00,0.3702,0.3725,0.3672,0.368,403120.35,-0.005690301223179306
2025-12-21 13:00:00,0.368,0.3681,0.3577,0.3585,1476034.56,-0.026154278129255856
2025-12-21 14:00:00,0.3585,0.3621,0.3579,0.361,509334.76,0.006949298293205944
2025-12-21 15:00:00,0.3609,0.3622,0.3588,0.3609,559038.29,-0.00027704668413796614
2025-12-21 16:00:00,0.361,0.3639,0.36,0.3631,422682.61,0.006077366771547084
2025-12-21 17:00:00,0.3631,0.3657,0.3628,0.363,462487.97,-0.00027544415543930716
2025-12-21 18:00:00,0.3631,0.3636,0.3609,0.3634,364583.07,0.0011013216972199976
2025-12-21 19:00:00,0.3635,0.3656,0.3631,0.365,503151.72,0.004393197620420774
2025-12-21 20:00:00,0.3651,0.3651,0.362,0.3621,432210.91,-0.00797693681089604
2025-12-21 21:00:00,0.3623,0.3633,0.3599,0.3604,591544.38,-0.004705891037412617
2025-12-21 22:00:00,0.3605,0.365,0.359,0.3648,1037894.29,0.012134732465993614
2025-12-21 23:00:00,0.3648,0.3683,0.3641,0.3661,577902.51,0.003557261926014078
2025-12-22 00:00:00,0.3662,0.3753,0.3659,0.3674,1965747.06,0.0035446526548348813
2025-12-22 01:00:00,0.3673,0.3726,0.367,0.3672,581917.08,-0.0005445140346898722
2025-12-22 02:00:00,0.3673,0.3673,0.3617,0.3651,742047.98,-0.00573537008474431
2025-12-22 03:00:00,0.3652,0.3686,0.3639,0.3672,333409.89,0.005735370084744348
2025-12-22 04:00:00,0.3672,0.3681,0.3657,0.3669,354542.69,-0.0008173273850991443
2025-12-22 05:00:00,0.367,0.3677,0.3656,0.366,294027.8,-0.00245599795987015
2025-12-22 06:00:00,0.3659,0.3676,0.3649,0.3663,362726.17,0.0008193363834024275
2025-12-22 07:00:00,0.3662,0.3695,0.3659,0.3683,362250.89,0.0054451536662508265
2025-12-22 08:00:00,0.3682,0.3717,0.3668,0.3682,729908.11,-0.0002715546520420652
2025-12-22 09:00:00,0.3683,0.3703,0.3677,0.3693,327399.33,0.0029830530595400854
2025-12-22 10:00:00,0.3694,0.3703,0.3681,0.3694,532421.05,0.0002707459066221031
2025-12-22 11:00:00,0.3695,0.372,0.3686,0.3709,386444.19,0.0040524167304056
2025-12-22 12:00:00,0.3708,0.3769,0.3708,0.3736,823257.17,0.007253221859142324
2025-12-22 13:00:00,0.3738,0.3749,0.3724,0.3739,683064.46,0.0008026756283804294
2025-12-22 14:00:00,0.3739,0.378,0.3722,0.3775,1317535.96,0.009582186706011343
2025-12-22 15:00:00,0.3775,0.3821,0.3741,0.3792,1578320.18,0.004493201691787386
2025-12-22 16:00:00,0.3795,0.3814,0.3775,0.3788,954307.01,-0.001055409068943492
2025-12-22 17:00:00,0.3789,0.3799,0.3764,0.3782,521885.79,-0.0015852050875661409
2025-12-22 18:00:00,0.3782,0.3802,0.3764,0.3768,653359.07,-0.003708613522149027
2025-12-22 19:00:00,0.3769,0.3769,0.3679,0.3686,1420664.99,-0.022002497466485253
2025-12-22 20:00:00,0.3683,0.3704,0.3658,0.3683,996292.3073209,-0.0008142217847032183
2025-12-22 21:00:00,0.3682,0.3726,0.3681,0.3711,363238.75,0.007573744615532126
2025-12-22 22:00:00,0.3711,0.3735,0.3687,0.3727,941138.54,0.00430223841866087
2025-12-22 23:00:00,0.3728,0.3728,0.3702,0.3711,312764.05,-0.004302238418660745
2025-12-23 00:00:00,0.3711,0.3743,0.3705,0.3724,352536.17,0.003496977336360122
2025-12-23 01:00:00,0.3726,0.3726,0.3689,0.3705,324761.73,-0.005115100666770489
2025-12-23 02:00:00,0.3706,0.3721,0.3675,0.3681,495614.37,-0.006498804351166128
2025-12-23 03:00:00,0.3683,0.3692,0.3658,0.3685,401643.3,0.0010860712444157809
2025-12-23 04:00:00,0.3685,0.3695,0.3668,0.367,367029.67,-0.0040788635748210044
2025-12-23 05:00:00,0.3669,0.3672,0.3637,0.366,1332288.55,-0.0027285146532040625
2025-12-23 06:00:00,0.3661,0.3666,0.3633,0.3649,670199.43,-0.003009989958964217
2025-12-23 07:00:00,0.365,0.3658,0.364,0.3641,945578.57,-0.0021947882610142706
2025-12-23 08:00:00,0.3642,0.3657,0.3633,0.3639,503980.65,-0.0005494505632735273
2025-12-23 09:00:00,0.364,0.3647,0.3623,0.3645,493935.37,0.0016474468305987288
2025-12-23 10:00:00,0.3645,0.3669,0.3636,0.3663,491551.46,0.004926118336056003
2025-12-23 11:00:00,0.3664,0.3689,0.3659,0.3672,450875.59786156,0.002453988961566787
2025-12-23 12:00:00,0.3674,0.3674,0.3641,0.3646,253586.72,-0.0071057965017728595
2025-12-23 13:00:00,0.3645,0.3654,0.3607,0.3614,708267.64,-0.008815484086434544
2025-12-23 14:00:00,0.3615,0.3633,0.3551,0.358,1483488.22,-0.009452391757427884
2025-12-23 15:00:00,0.3581,0.3627,0.3575,0.361,954127.7591793,0.008344971932180688
2025-12-23 16:00:00,0.361,0.3651,0.3597,0.364,1357447.61,0.008275909303859661
2025-12-23 17:00:00,0.364,0.3651,0.3592,0.3595,482805.83,-0.012439690475639236
2025-12-23 18:00:00,0.3596,0.3644,0.3596,0.3638,451867.36,0.011890088922920468
2025-12-23 19:00:00,0.3639,0.3643,0.3605,0.3616,448764.97,-0.006065637566000507
2025-12-23 20:00:00,0.3616,0.3662,0.3604,0.3633,596708.32,0.004690310709135007
2025-12-23 21:00:00,0.3632,0.3643,0.3619,0.3636,221169.84,0.0008254230761674215
2025-12-23 22:00:00,0.3638,0.3645,0.361,0.3619,343119.61,-0.004686431733626971
2025-12-23 23:00:00,0.3619,0.3637,0.3607,0.3631,234597.68,0.0033103478505933596
2025-12-24 00:00:00,0.363,0.3637,0.3621,0.3633,385919.7,0.0005506608068663515
2025-12-24 01:00:00,0.3635,0.3652,0.3617,0.3621,136536.24,-0.003308522455560844
2025-12-24 02:00:00,0.3618,0.3619,0.3575,0.359,786072.36,-0.008598028283316668
2025-12-24 03:00:00,0.3589,0.3603,0.357,0.3601,285065.64,0.0030593821665505887
2025-12-24 04:00:00,0.3602,0.362,0.3578,0.358,189069.27,-0.005848784254129261
2025-12-24 05:00:00,0.358,0.3584,0.3554,0.3554,975037.99,-0.007289070680149367
2025-12-24 06:00:00,0.3553,0.3574,0.354,0.3569,331237.17,0.00421171477556377
2025-12-24 07:00:00,0.3571,0.3581,0.3558,0.3558,296618.92,-0.0030868552643798413
2025-12-24 08:00:00,0.3559,0.3569,0.3544,0.3554,358973.89,-0.001124859511183791
2025-12-24 09:00:00,0.3557,0.3571,0.3556,0.3558,167832.63,0.001124859511183784
2025-12-24 10:00:00,0.3557,0.3577,0.3555,0.3565,265343.52,0.0019654646226157126
2025-12-24 11:00:00,0.3564,0.3595,0.3563,0.3587,197193.68,0.006152144683886386
2025-12-24 12:00:00,0.3588,0.3596,0.358,0.359,153760.9,0.0008360039500419571
2025-12-24 13:00:00,0.3589,0.3589,0.3562,0.3568,153194.49,-0.00614698778242449
2025-12-24 14:00:00,0.3569,0.3583,0.3522,0.3538,690404.38,-0.008443618980169407
2025-12-24 15:00:00,0.3538,0.3569,0.3524,0.3556,582983.15839705,0.005074721914064708
2025-12-24 16:00:00,0.3555,0.3583,0.3539,0.3561,537304.08,0.001405086643982434
2025-12-24 17:00:00,0.3562,0.3575,0.3548,0.355,249650.71,-0.003093800808316398
2025-12-24 18:00:00,0.3549,0.3565,0.3544,0.3556,217923.13,0.001688714164333759
2025-12-24 19:00:00,0.3556,0.3564,0.3547,0.3561,178487.5,0.001405086643982434
2025-12-24 20:00:00,0.3562,0.3574,0.3549,0.355,415617.49,-0.003093800808316398
2025-12-24 21:00:00,0.3552,0.3569,0.3551,0.3563,261901.13,0.003655283136374696
2025-12-24 22:00:00,0.3563,0.3587,0.3558,0.3583,446661.18,0.0055975516991177586
2025-12-24 23:00:00,0.3584,0.3586,0.3559,0.3566,265462.04,-0.004755918881868143
2025-12-25 00:00:00,0.3567,0.3568,0.3548,0.3548,179140.16878793,-0.005060454993615479
2025-12-25 01:00:00,0.355,0.358,0.3549,0.3573,153103.65,0.007021514593939716
2025-12-25 02:00:00,0.3573,0.3605,0.3565,0.3604,262004.56,0.008638760704818615
2025-12-25 03:00:00,0.3604,0.3608,0.359,0.3605,176910.95,0.00027743099082092043
2025-12-25 04:00:00,0.3606,0.3614,0.3597,0.3603,186200.92,-0.0005549389709561956
2025-12-25 05:00:00,0.3603,0.3605,0.3595,0.3596,165823.57,-0.0019447151565824656
2025-12-25 06:00:00,0.3596,0.3611,0.3591,0.3606,149084.54,0.0027770081717517544
2025-12-25 07:00:00,0.3607,0.3607,0.3588,0.3592,155503.15,-0.0038899743411722437
2025-12-25 08:00:00,0.3592,0.3609,0.3571,0.3578,277184.43,-0.003905165353425794
2025-12-25 09:00:00,0.3579,0.3579,0.3564,0.3566,146151.69,-0.0033594656455788016
2025-12-25 10:00:00,0.3566,0.3566,0.35,0.3506,770228.81,-0.01696873294190581
2025-12-25 11:00:00,0.3506,0.3517,0.3498,0.3511,188805.99,0.0014251106872525093
2025-12-25 12:00:00,0.351,0.3517,0.3502,0.3515,154975.05,0.0011386280763329732
2025-12-25 13:00:00,0.3515,0.3528,0.3496,0.3514,403424.89,-0.0002845354977227461
2025-12-25 14:00:00,0.3515,0.3522,0.3505,0.3511,332017.55770678,-0.0008540925786101619
2025-12-25 15:00:00,0.3511,0.3592,0.3504,0.3572,1258250.15,0.017224765827957515
2025-12-25 16:00:00,0.3574,0.3586,0.3535,0.354,557056.13,-0.008998935868569584
2025-12-25 17:00:00,0.3541,0.3552,0.353,0.3549,182670.28,0.0025391465186764594
2025-12-25 18:00:00,0.3548,0.3587,0.3548,0.358,385603.07,0.008696926748249439
2025-12-25 19:00:00,0.358,0.3599,0.357,0.3596,272433.41,0.004459316196764897
2025-12-25 20:00:00,0.3596,0.3598,0.3567,0.3574,412366.62,-0.006136699872137532
2025-12-25 21:00:00,0.3575,0.359,0.3568,0.3582,205522.84,0.0022358869012836947
2025-12-25 22:00:00,0.3582,0.3583,0.3395,0.347,1771503.75,-0.031766709679752377
2025-12-25 23:00:00,0.3469,0.3474,0.3418,0.3436,724587.38,-0.009846589836758724
2025-12-26 00:00:00,0.3435,0.3446,0.3419,0.3433,550294.81,-0.0008734896464539931
2025-12-26 01:00:00,0.3434,0.3467,0.343,0.3459,463707.48,0.007545015479476718
2025-12-26 02:00:00,0.3459,0.3583,0.3452,0.355,918559.63325867,0.025968073532292683
2025-12-26 03:00:00,0.3554,0.3557,0.3513,0.3533,432642.7,-0.0048002351103162335
2025-12-26 04:00:00,0.3534,0.355,0.3511,0.3536,295437.83,0.0008487763983889752
2025-12-26 05:00:00,0.3537,0.3543,0.3526,0.3541,232007.31,0.0014130283543696742
2025-12-26 06:00:00,0.3543,0.3574,0.3538,0.3556,563266.26,0.004227144521891562
2025-12-26 07:00:00,0.3555,0.3566,0.3514,0.3521,306328.32,-0.009891277478742667
2025-12-26 08:00:00,0.3522,0.3539,0.3519,0.3539,222631.41,0.005099161190410713
2025-12-26 09:00:00,0.3539,0.3556,0.3532,0.3552,275280.78,0.003666623766597281
2025-12-26 10:00:00,0.3553,0.3563,0.3545,0.3556,181660.66,0.0011254925217345582
2025-12-26 11:00:00,0.3556,0.356,0.3547,0.3551,175794.61463769,-0.0014070636907073165
2025-12-26 12:00:00,0.3552,0.3567,0.3552,0.3566,536266.17,0.0042152654799977735
2025-12-26 13:00:00,0.3566,0.3579,0.3559,0.3573,434832.23,0.0019610596003241574
2025-12-26 14:00:00,0.3573,0.3574,0.3489,0.3498,984364.45168936,-0.021214202444862447
2025-12-26 15:00:00,0.3494,0.3496,0.3455,0.347,858280.69,-0.008036782637642532
2025-12-26 16:00:00,0.347,0.3482,0.3442,0.3444,303471.86,-0.0075210073932834775
2025-12-26 17:00:00,0.3446,0.3494,0.3446,0.3482,290091.99,0.010973254780512953
2025-12-26 18:00:00,0.3484,0.3503,0.3482,0.3493,210244.36,0.0031541244786975862
2025-12-26 19:00:00,0.3493,0.3509,0.3491,0.3501,231733.82,0.002287676147833771
2025-12-26 20:00:00,0.3501,0.3513,0.3489,0.3498,274662.84,-0.0008572653761183422
2025-12-26 21:00:00,0.3499,0.3508,0.3494,0.3501,253783.18,0.000857265376118367
2025-12-26 22:00:00,0.3502,0.3505,0.349,0.3504,277068.3,0.0008565311016162061
2025-12-26 23:00:00,0.3504,0.351,0.3496,0.3497,237497.11022377,-0.001999714992906122
2025-12-27 00:00:00,0.3496,0.3511,0.3487,0.351,228167.41,0.0037105793965355534
2025-12-27 01:00:00,0.3511,0.3523,0.3508,0.3522,155654.68,0.0034129725962399426
2025-12-27 02:00:00,0.3522,0.3533,0.3508,0.3528,267328.55,0.0017021280705303626
2025-12-27 03:00:00,0.3528,0.3558,0.3518,0.3546,393286.24,0.005089069507471449
2025-12-27 04:00:00,0.3547,0.355,0.3527,0.3533,160724.96,-0.0036728392750080604
2025-12-27 05:00:00,0.3533,0.3541,0.3523,0.3537,149078.63,0.001131541846335364
2025-12-27 06:00:00,0.3538,0.3542,0.3527,0.3531,128828.89,-0.0016977932770942247
2025-12-27 07:00:00,0.3531,0.3542,0.3521,0.3523,190748.06,-0.0022682175871488537
2025-12-27 08:00:00,0.3523,0.3541,0.3521,0.3533,116845.11,0.002834469017907475
2025-12-27 09:00:00,0.3534,0.3545,0.3532,0.3543,211662.68,0.0028264575063267983
2025-12-27 10:00:00,0.3543,0.3551,0.3524,0.3543,257228.33,0.0
2025-12-27 11:00:00,0.3544,0.3555,0.3541,0.3552,219091.31,0.0025369992465886526
2025-12-27 12:00:00,0.3554,0.3588,0.3554,0.3573,569281.63,0.005894753911349012
2025-12-27 13:00:00,0.3574,0.3577,0.3555,0.3559,268773.97,-0.003925972513217194
2025-12-27 14:00:00,0.356,0.3569,0.3556,0.3567,158972.02,0.002245299848698998
2025-12-27 15:00:00,0.3568,0.3574,0.3556,0.3571,119405.03,0.0011207622355568286
2025-12-27 16:00:00,0.3572,0.3577,0.356,0.3561,246855.77,-0.002804264316670579
2025-12-27 17:00:00,0.3562,0.3578,0.3557,0.3577,227460.5,0.004483055981240086
2025-12-27 18:00:00,0.3577,0.358,0.3563,0.3566,239985.6,-0.003079940835932109
2025-12-27 19:00:00,0.3567,0.3582,0.3565,0.3577,181408.59,0.0030799408359321457
2025-12-27 20:00:00,0.3577,0.3699,0.3577,0.362,1801916.0,0.011949565560799008
2025-12-27 21:00:00,0.362,0.3706,0.362,0.3641,2148375.2,0.00578434335561664
2025-12-27 22:00:00,0.3641,0.3672,0.3633,0.365,350891.06,0.002468798401103813
2025-12-27 23:00:00,0.365,0.371,0.3649,0.37,790003.85,0.013605652055778678
2025-12-28 00:00:00,0.3699,0.371,0.3679,0.3691,426103.17,-0.0024353956023173274
2025-12-28 01:00:00,0.3691,0.3704,0.3677,0.3692,268367.04,0.0002708925927440989
2025-12-28 02:00:00,0.3693,0.3709,0.3687,0.3691,195284.71,-0.0002708925927441791
2025-12-28 03:00:00,0.3692,0.3701,0.3687,0.3698,350582.19,0.0018947089170717295
2025-12-28 04:00:00,0.3699,0.3707,0.369,0.37,132304.75,0.0005406866852456777
2025-12-28 05:00:00,0.3701,0.3726,0.3695,0.3708,480052.15,0.002159828053429938
2025-12-28 06:00:00,0.3708,0.3768,0.3703,0.3743,899638.37,0.009394781218683129
2025-12-28 07:00:00,0.3743,0.3755,0.3736,0.374,359540.37,-0.0008018174958514333
2025-12-28 08:00:00,0.3741,0.3752,0.3734,0.3739,203105.67,-0.00026741543146387804
2025-12-28 09:00:00,0.3739,0.3739,0.3698,0.3704,373662.54,-0.009404879211043686
2025-12-28 10:00:00,0.3705,0.3717,0.3702,0.3703,269194.74,-0.00027001485245727557
2025-12-28 11:00:00,0.3704,0.3722,0.37,0.3714,855003.55,0.0029661609990383497
2025-12-28 12:00:00,0.3714,0.3715,0.3693,0.3694,324220.83,-0.005399581153465786
2025-12-28 13:00:00,0.3694,0.3704,0.3687,0.3693,354501.55,-0.00027074590662199956
2025-12-28 14:00:00,0.3693,0.372,0.3693,0.3709,270141.28,0.00432316263702748
2025-12-28 15:00:00,0.3709,0.3723,0.3694,0.3696,150567.88,-0.003511144728016098
2025-12-28 16:00:00,0.3696,0.3715,0.3696,0.37,252146.77,0.0010816658707409699
2025-12-28 17:00:00,0.37,0.3713,0.3695,0.3695,233802.28,-0.0013522652500136498
2025-12-28 18:00:00,0.3695,0.3698,0.3616,0.3637,1480045.25,-0.01582138839531301
2025-12-28 19:00:00,0.3637,0.3651,0.3625,0.3628,335272.18,-0.00247763375196183
2025-12-28 20:00:00,0.3628,0.3641,0.3615,0.3629,208117.49,0.0002755959780430665
2025-12-28 21:00:00,0.3628,0.3642,0.3622,0.3636,153049.01,0.0019270480842991013
2025-12-28 22:00:00,0.3636,0.3664,0.363,0.3657,229876.76,0.005758962852011916
2025-12-28 23:00:00,0.3656,0.369,0.364,0.3687,428608.18,0.008169980084763362
2025-12-29 00:00:00,0.3688,0.3741,0.3669,0.3716,1498828.41,0.007834701699584617
2025-12-29 01:00:00,0.3716,0.3748,0.3679,0.3739,550505.45,0.006170375043384671
2025-12-29 02:00:00,0.374,0.3799,0.374,0.3768,1173345.24,0.007726160719139969
2025-12-29 03:00:00,0.377,0.3829,0.3758,0.3811,996941.68,0.011347265177606453
2025-12-29 04:00:00,0.3812,0.3847,0.3806,0.3815,626579.05422548,0.0010490428446972963
2025-12-29 05:00:00,0.3815,0.3838,0.3792,0.3799,1006297.32,-0.00420279053093173
2025-12-29 06:00:00,0.3799,0.3803,0.3763,0.3768,652564.08,-0.008193517491371842
2025-12-29 07:00:00,0.3771,0.3774,0.3737,0.3759,703395.45,-0.0023913921320757674
2025-12-29 08:00:00,0.3758,0.3776,0.3741,0.3754,448962.52,-0.0013310264177238392
2025-12-29 09:00:00,0.3754,0.3761,0.3675,0.3699,1091262.01,-0.014759425314000155
2025-12-29 10:00:00,0.3698,0.3723,0.3693,0.3702,480840.14,0.0008107013009886394
2025-12-29 11:00:00,0.3703,0.3711,0.3693,0.3694,276771.52,-0.00216333237425742
2025-12-29 12:00:00,0.3694,0.3695,0.3608,0.3656,3401950.01,-0.010340228185144667
2025-12-29 13:00:00,0.3657,0.3665,0.3633,0.3641,339312.00658699,-0.004111284398607232
2025-12-29 14:00:00,0.3642,0.3696,0.3634,0.365,1436567.53,0.002468798401103813
2025-12-29 15:00:00,0.3649,0.3675,0.3642,0.3656,698379.11,0.0016424859975034108
2025-12-29 16:00:00,0.3655,0.3657,0.3591,0.3599,1029417.63,-0.015713624495009914
2025-12-29 17:00:00,0.3599,0.3611,0.358,0.3596,824073.51,-0.0008339124875198234
2025-12-29 18:00:00,0.3597,0.36,0.3545,0.3554,565849.5,-0.01174838687691415
2025-12-29 19:00:00,0.3555,0.3575,0.3528,0.3529,586451.85,-0.007059185039326576
2025-12-29 20:00:00,0.3529,0.3541,0.3505,0.352,571760.02,-0.0025535550831272736
2025-12-29 21:00:00,0.3519,0.3535,0.3516,0.3529,254502.62,0.002553555083127409
2025-12-29 22:00:00,0.3528,0.3555,0.3519,0.3543,446311.34,0.003959281190202024
2025-12-29 23:00:00,0.3541,0.3543,0.353,0.3532,515079.23,-0.003109543141621384
2025-12-30 00:00:00,0.3532,0.3542,0.352,0.3542,270496.26,0.002827256618928323
2025-12-30 01:00:00,0.3541,0.3555,0.3522,0.3525,398025.11,-0.004811103096409938
2025-12-30 02:00:00,0.3526,0.3528,0.3482,0.3508,993260.10987009,-0.004834361754295331
2025-12-30 03:00:00,0.3508,0.353,0.35,0.3526,260734.85,0.005118009465741897
2025-12-30 04:00:00,0.3526,0.3535,0.3518,0.3525,181735.29,-0.0002836477114466155
2025-12-30 05:00:00,0.3524,0.3525,0.3509,0.351,239866.72447951,-0.00426439878645754
2025-12-30 06:00:00,0.351,0.3529,0.3508,0.3512,201521.42,0.0005696382950959299
2025-12-30 07:00:00,0.3513,0.3534,0.3511,0.3522,263130.17,0.002843334301144251
2025-12-30 08:00:00,0.3522,0.3567,0.3521,0.3552,607340.24,0.00848181505590935
2025-12-30 09:00:00,0.3551,0.3565,0.3544,0.3557,272126.67,0.00140666783639446
2025-12-30 10:00:00,0.3558,0.3562,0.3537,0.354,453570.63,-0.004790765820635177
2025-12-30 11:00:00,0.3541,0.3543,0.352,0.3523,255532.8,-0.004813827786582405
2025-12-30 12:00:00,0.3524,0.3541,0.3521,0.3531,206644.82,0.002268217587148776
2025-12-30 13:00:00,0.3531,0.354,0.3524,0.3534,523996.14,0.0008492569512551065
2025-12-30 14:00:00,0.3535,0.3569,0.3503,0.3553,929086.26,0.005361943141385373
2025-12-30 15:00:00,0.3554,0.356,0.3514,0.3542,495496.35,-0.0031007776782481593
2025-12-30 16:00:00,0.3542,0.3557,0.352,0.3537,383092.89,-0.0014126291372982388
2025-12-30 17:00:00,0.3536,0.3545,0.3517,0.3528,667996.51,-0.0025477720787987755
2025-12-30 18:00:00,0.3529,0.3533,0.3512,0.3519,297051.04,-0.0025542798050968538
2025-12-30 19:00:00,0.3519,0.3523,0.3497,0.3513,418826.92,-0.0017064850557580759
2025-12-30 20:00:00,0.3513,0.3513,0.349,0.3492,214821.14,-0.005995735306334157
2025-12-30 21:00:00,0.3491,0.3505,0.3489,0.3505,222285.89,0.0037158825091976283
2025-12-30 22:00:00,0.3506,0.3511,0.3496,0.3508,311728.67,0.0008555540233832333
2025-12-30 23:00:00,0.3507,0.3519,0.3503,0.3514,162919.78,0.0017089152549687743
2025-12-31 00:00:00,0.3514,0.3514,0.3495,0.3508,186959.16,-0.0017089152549687608
2025-12-31 01:00:00,0.3508,0.3536,0.3507,0.3519,329100.56,0.003130783829511482
2025-12-31 02:00:00,0.3518,0.3533,0.3509,0.3531,168692.13,0.003404258606801387
2025-12-31 03:00:00,0.3532,0.3532,0.351,0.3517,125233.55,-0.003972763454403984
2025-12-31 04:00:00,0.3518,0.3527,0.3515,0.3523,300347.41,0.0017045458672551958
2025-12-31 05:00:00,0.3522,0.3534,0.3521,0.3532,410229.97,0.0025513833826129447
2025-12-31 06:00:00,0.3532,0.3535,0.351,0.3519,403237.17,-0.0036874244022655723
2025-12-31 07:00:00,0.352,0.3524,0.3504,0.3511,413071.19,-0.0022759611531527773
2025-12-31 08:00:00,0.3511,0.3517,0.349,0.3494,183690.01,-0.00485368547443049
2025-12-31 09:00:00,0.3493,0.3501,0.3491,0.3498,150313.64,0.0011441648845455675
2025-12-31 10:00:00,0.3498,0.3506,0.3491,0.3505,239456.97,0.0019991438901429547
2025-12-31 11:00:00,0.3505,0.3523,0.3503,0.3521,434969.45,0.004554519686362182
2025-12-31 12:00:00,0.3521,0.3521,0.3494,0.35,276585.38,-0.00598207167754754
2025-12-31 13:00:00,0.3499,0.3507,0.3465,0.3486,747720.68,-0.004008021397538711
2025-12-31 14:00:00,0.3487,0.3513,0.3474,0.3482,603994.69,-0.0011481057518318604
2025-12-31 15:00:00,0.3484,0.3484,0.3405,0.3422,1443908.7,-0.017381665875995628
2025-12-31 16:00:00,0.3425,0.3426,0.3288,0.3335,3015727.9,-0.025752496102414625
2025-12-31 17:00:00,0.3336,0.3357,0.3325,0.3335,670578.13461375,0.0
2025-12-31 18:00:00,0.3339,0.3358,0.3332,0.3333,581736.04,-0.000599880041984533
2025-12-31 19:00:00,0.3333,0.3343,0.3319,0.332,345720.85,-0.003908016397205335
2025-12-31 20:00:00,0.3321,0.3349,0.3305,0.3338,805847.07,0.00540704231124605
2025-12-31 21:00:00,0.3337,0.3349,0.3328,0.3341,500461.29,0.0008983381349761128
2025-12-31 22:00:00,0.334,0.334,0.3325,0.3329,341417.42,-0.00359820478173169
2025-12-31 23:00:00,0.3328,0.3339,0.3322,0.3336,430856.97,0.0021005259036126233
2026-01-01 00:00:00,0.3335,0.335,0.3333,0.334,276832.38,0.0011983224921087163
2026-01-01 01:00:00,0.334,0.3354,0.3327,0.3331,205467.24,-0.0026982477770664637
2026-01-01 02:00:00,0.3332,0.3339,0.3327,0.3327,194620.58,-0.0012015621752030049
2026-01-01 03:00:00,0.3328,0.3338,0.3324,0.3327,145627.18,0.0
2026-01-01 04:00:00,0.3328,0.3331,0.3321,0.3325,188913.1,-0.0006013229285221701
2026-01-01 05:00:00,0.3325,0.3385,0.3324,0.3366,694025.47,0.01225542166079682
2026-01-01 06:00:00,0.3367,0.3369,0.336,0.3365,191510.61,-0.00029713267192312616
2026-01-01 07:00:00,0.3365,0.3382,0.3359,0.3365,275696.06,0.0
2026-01-01 08:00:00,0.3365,0.3382,0.3363,0.3382,109284.12,0.005039287379697411
2026-01-01 09:00:00,0.3383,0.341,0.3381,0.3387,399552.8,0.0014773233592461454
2026-01-01 10:00:00,0.3388,0.3395,0.3386,0.3388,637473.2,0.0002952029541732625
2026-01-01 11:00:00,0.3388,0.341,0.3386,0.3408,454923.84,0.00588583217726135
2026-01-01 12:00:00,0.3409,0.3411,0.3395,0.3399,211382.79,-0.002644338253090424
2026-01-01 13:00:00,0.3399,0.3428,0.3396,0.3426,651272.59,0.007912129187949228
2026-01-01 14:00:00,0.3427,0.3446,0.3423,0.3436,625939.74,0.002914604220080849
2026-01-01 15:00:00,0.3436,0.3493,0.3432,0.3471,664330.63,0.010134732757640364
2026-01-01 16:00:00,0.3472,0.3489,0.3456,0.3486,1591022.08,0.004312210218179906
2026-01-01 17:00:00,0.3486,0.3533,0.3482,0.3515,812234.13,0.00828457816479887
2026-01-01 18:00:00,0.3517,0.3527,0.3499,0.3516,758187.7,0.0002844545603024161
2026-01-01 19:00:00,0.3517,0.3583,0.3517,0.3579,1326283.6,0.01775945196095807
2026-01-01 20:00:00,0.358,0.3606,0.3558,0.3569,766779.65,-0.0027979872758654768
2026-01-01 21:00:00,0.3569,0.3576,0.3559,0.356,551929.47,-0.0025248996440842037
2026-01-01 22:00:00,0.356,0.3581,0.355,0.3576,1896972.1,0.004484312447328586
2026-01-01 23:00:00,0.3578,0.3586,0.3564,0.3566,381966.81186568,-0.0028003378703190854
2026-01-02 00:00:00,0.3566,0.3576,0.3546,0.3562,854575.49,-0.00112233457347858
2026-01-02 01:00:00,0.3563,0.3574,0.3554,0.3563,277852.63,0.00028070175622896303
2026-01-02 02:00:00,0.3564,0.3587,0.3555,0.3581,346898.16,0.00503920439259656
2026-01-02 03:00:00,0.3584,0.3633,0.358,0.3622,697595.23,0.011384268444926177
2026-01-02 04:00:00,0.3623,0.3639,0.3589,0.3599,797005.47,-0.006370330364328106
2026-01-02 05:00:00,0.3599,0.3599,0.3574,0.3582,373161.98,-0.004734725458373517
2026-01-02 06:00:00,0.3582,0.359,0.3572,0.358,214467.96,-0.0005585032259112239
2026-01-02 07:00:00,0.3582,0.3584,0.3554,0.3557,182517.9,-0.006445307446290714
2026-01-02 08:00:00,0.3556,0.3577,0.3556,0.3577,336297.42,0.0056069673105624915
2026-01-02 09:00:00,0.3577,0.3676,0.3571,0.365,1744720.88,0.02020270731751947
2026-01-02 10:00:00,0.3651,0.3671,0.3637,0.3646,1348526.03,-0.0010964913379288583
2026-01-02 11:00:00,0.3646,0.3647,0.3596,0.3608,581702.96,-0.010477074056093964
2026-01-02 12:00:00,0.3607,0.3647,0.3584,0.3644,675833.1,0.009928377197334692
2026-01-02 13:00:00,0.3644,0.366,0.3633,0.3646,576673.51,0.0005486968587594479
2026-01-02 14:00:00,0.3646,0.3707,0.3609,0.3682,2305055.0,0.009825406554414858
2026-01-02 15:00:00,0.3684,0.3746,0.3652,0.3716,1527734.65987123,0.009191738140705782
2026-01-02 16:00:00,0.3717,0.3892,0.3717,0.3889,3125979.32974519,0.045504234222018346
2026-01-02 17:00:00,0.389,0.3934,0.3867,0.3883,1911629.43,-0.001544004424080096
2026-01-02 18:00:00,0.3886,0.3894,0.3805,0.3819,881676.45,-0.016619442506150987
2026-01-02 19:00:00,0.3819,0.389,0.3814,0.3884,721518.54,0.01687694218569928
2026-01-02 20:00:00,0.3885,0.3892,0.3847,0.3859,549845.61146704,-0.006457467873596726
2026-01-02 21:00:00,0.3859,0.3913,0.3859,0.3904,619503.11855747,0.01159358599536444
2026-01-02 22:00:00,0.3904,0.3962,0.3896,0.3945,1244943.89,0.010447285746991466
2026-01-02 23:00:00,0.3945,0.3961,0.3927,0.3949,450642.12,0.001013428006674794
2026-01-03 00:00:00,0.3949,0.3991,0.3948,0.3949,646628.75,0.0
2026-01-03 01:00:00,0.3948,0.3962,0.3927,0.3939,357767.28,-0.00253549831574349
2026-01-03 02:00:00,0.3939,0.397,0.3916,0.3967,303679.41,0.007083257543424244
2026-01-03 03:00:00,0.3966,0.3988,0.394,0.3984,396955.7,0.00427619819015872
2026-01-03 04:00:00,0.3984,0.3989,0.3961,0.397,257058.23,-0.003520245023252688
2026-01-03 05:00:00,0.3974,0.3984,0.3922,0.3931,380358.85,-0.009872248259375771
2026-01-03 06:00:00,0.393,0.3952,0.3895,0.3908,511095.81,-0.005868112259187081
2026-01-03 07:00:00,0.3907,0.3919,0.3831,0.3842,1094023.75,-0.017032669834171392
2026-01-03 08:00:00,0.3841,0.3877,0.3827,0.3865,502346.93,0.005968617693020537
2026-01-03 09:00:00,0.3865,0.3889,0.3857,0.3874,392770.45,0.0023258829454189697
2026-01-03 10:00:00,0.3874,0.3875,0.3849,0.3853,338738.35,-0.005435499340783725
2026-01-03 11:00:00,0.3853,0.3854,0.3836,0.3845,208356.19,-0.002078462686413161
2026-01-03 12:00:00,0.3845,0.3869,0.3836,0.3867,458129.22,0.005705409667552589
2026-01-03 13:00:00,0.3868,0.3873,0.3855,0.3872,219373.69,0.0012921567891705297
2026-01-03 14:00:00,0.3873,0.3909,0.3865,0.3869,475925.16,-0.000775093695954593
2026-01-03 15:00:00,0.387,0.3877,0.3859,0.3861,320369.79,-0.0020698584362766298
2026-01-03 16:00:00,0.3863,0.3885,0.3857,0.3877,258538.87,0.004135441406692805
2026-01-03 17:00:00,0.3877,0.3886,0.3866,0.3881,134389.5,0.0010311936979772447
2026-01-03 18:00:00,0.3882,0.3898,0.3869,0.3892,184973.42,0.0028303119369892773
2026-01-03 19:00:00,0.3893,0.3893,0.3878,0.3886,219951.51,-0.0015428133685102593
2026-01-03 20:00:00,0.3886,0.3888,0.386,0.3882,186818.4,-0.0010298662084298146
2026-01-03 21:00:00,0.3883,0.3904,0.3873,0.3888,154591.25,0.0015444018513742074
2026-01-03 22:00:00,0.389,0.3908,0.3881,0.3896,268704.47,0.002055499182096181
2026-01-03 23:00:00,0.3896,0.3901,0.3888,0.3894,142013.23,-0.0005134788302806617
2026-01-04 00:00:00,0.3894,0.3961,0.3888,0.3952,836720.0,0.014784872935613274
2026-01-04 01:00:00,0.3951,0.3951,0.3915,0.3943,348889.39,-0.002279924990131312
2026-01-04 02:00:00,0.3942,0.3957,0.3929,0.3938,244269.83,-0.0012688746785563402
2026-01-04 03:00:00,0.3939,0.4003,0.3937,0.3995,612804.96,0.014370599001304319
2026-01-04 04:00:00,0.3996,0.4019,0.397,0.3979,559405.9,-0.004013047773446535
2026-01-04 05:00:00,0.3979,0.3993,0.3961,0.3985,404143.54,0.0015067807973867995
2026-01-04 06:00:00,0.3986,0.3994,0.3939,0.3944,476801.49,-0.010341875501789496
2026-01-04 07:00:00,0.3945,0.3975,0.3942,0.3962,406918.86,0.004553511535970248
2026-01-04 08:00:00,0.3962,0.3988,0.3931,0.3984,724323.1,0.005537391445992621
2026-01-04 09:00:00,0.3984,0.4037,0.3966,0.403,570286.82404509,0.011480036236239955
2026-01-04 10:00:00,0.4031,0.4055,0.4024,0.4034,727301.46,0.0009920635734282477
2026-01-04 11:00:00,0.4034,0.4034,0.3993,0.4013,292479.49,-0.005219348247240281
2026-01-04 12:00:00,0.4014,0.4045,0.4006,0.4014,548647.9,0.0002491590893666539
2026-01-04 13:00:00,0.4013,0.4013,0.3974,0.4,476116.64,-0.003493889254255629
2026-01-04 14:00:00,0.3999,0.4007,0.396,0.3988,509990.47,-0.003004509020298836
2026-01-04 15:00:00,0.3987,0.3994,0.3965,0.3991,256053.56,0.000751973967005107
2026-01-04 16:00:00,0.399,0.4029,0.3985,0.4026,312669.29,0.00873150115100284
2026-01-04 17:00:00,0.4027,0.4043,0.4009,0.4031,456331.0,0.0012411569174290223
2026-01-04 18:00:00,0.4033,0.4037,0.3984,0.4009,433152.87,-0.0054726504746589405
2026-01-04 19:00:00,0.4006,0.4006,0.3956,0.3988,713789.44,-0.005251981560778014
2026-01-04 20:00:00,0.3988,0.4018,0.3982,0.3993,196240.97,0.0012529759814922821
2026-01-04 21:00:00,0.3993,0.4019,0.397,0.3988,445857.11,-0.0012529759814924174
2026-01-04 22:00:00,0.3987,0.4015,0.3978,0.3987,403751.9,-0.0002507837003739097
2026-01-04 23:00:00,0.3988,0.4025,0.3983,0.4008,424579.26,0.005253295383345628
2026-01-05 00:00:00,0.4006,0.4034,0.398,0.4016,875928.84,0.0019940186068644495
2026-01-05 01:00:00,0.4018,0.4079,0.4009,0.4063,1372735.39354422,0.011635234616161668
2026-01-05 02:00:00,0.4063,0.4074,0.4011,0.4044,585738.86,-0.004687315847364722
2026-01-05 03:00:00,0.4044,0.4055,0.4022,0.4035,324019.08,-0.0022279994363128006
2026-01-05 04:00:00,0.4032,0.4036,0.3938,0.3975,906840.5,-0.014981553615616946
2026-01-05 05:00:00,0.3974,0.4008,0.3964,0.398,440295.73,0.0012570711900511137
2026-01-05 06:00:00,0.398,0.4,0.3957,0.3999,434242.94,0.004762510568334931
2026-01-05 07:00:00,0.3997,0.4028,0.399,0.4011,387645.27,0.0029962569232344855
2026-01-05 08:00:00,0.401,0.4041,0.3986,0.3986,364158.04,-0.006252364997312797
2026-01-05 09:00:00,0.3985,0.3994,0.3959,0.3964,560620.11,-0.005534605322861494
2026-01-05 10:00:00,0.3964,0.4003,0.3962,0.398,290692.14483381,0.004028202828604788
2026-01-05 11:00:00,0.3979,0.4,0.3966,0.4,427899.61967463,0.0050125418235441935
2026-01-05 12:00:00,0.4,0.4018,0.3984,0.4007,413781.82,0.001748470534116803
2026-01-05 13:00:00,0.4008,0.4019,0.397,0.3985,580479.57,-0.005505519411829078
2026-01-05 14:00:00,0.3985,0.4082,0.3974,0.4036,766666.09,0.012716790249184186
2026-01-05 15:00:00,0.4038,0.4141,0.4011,0.4126,1487545.94829448,0.022054312157697525
2026-01-05 16:00:00,0.4127,0.4165,0.4115,0.4133,1216407.42,0.001695120880535139
2026-01-05 17:00:00,0.413,0.4147,0.4068,0.4139,866242.66923635,0.0014506772369999538
2026-01-05 18:00:00,0.4139,0.4195,0.4123,0.4187,673381.17,0.011530274270411015
2026-01-05 19:00:00,0.4188,0.4196,0.4154,0.4173,677284.35271197,-0.003349285427590792
2026-01-05 20:00:00,0.4175,0.424,0.4171,0.4189,948971.48,0.0038268403554822888
2026-01-05 21:00:00,0.4192,0.4222,0.4181,0.4215,506914.33,0.0061875494889209025
2026-01-05 22:00:00,0.4214,0.425,0.4191,0.4233,456245.27,0.004261370084967894
2026-01-05 23:00:00,0.4234,0.425,0.4212,0.4212,459600.33,-0.004973367267057598
2026-01-06 00:00:00,0.4212,0.4244,0.4179,0.4241,777331.5,0.006861496220724471
2026-01-06 01:00:00,0.424,0.4307,0.4232,0.4241,912941.74,0.0
2026-01-06 02:00:00,0.4242,0.4297,0.4239,0.4249,757902.74,0.00188457064022088
2026-01-06 03:00:00,0.4249,0.4279,0.4241,0.4259,372153.21,0.0023507298084019753
2026-01-06 04:00:00,0.4258,0.427,0.4236,0.4248,360480.83,-0.0025861070014386637
2026-01-06 05:00:00,0.4248,0.4258,0.4217,0.4229,380482.27,-0.004482725449286256
2026-01-06 06:00:00,0.423,0.4258,0.4204,0.4233,561660.27,0.0009454030484351666
2026-01-06 07:00:00,0.4233,0.4235,0.414,0.4148,761961.35,-0.020284671171505776
2026-01-06 08:00:00,0.4147,0.4184,0.4147,0.4159,337540.67,0.002648370393493612
2026-01-06 09:00:00,0.4159,0.4185,0.4155,0.4176,330907.55,0.004079189819562987
2026-01-06 10:00:00,0.4177,0.4203,0.4166,0.4192,425110.51,0.0038240964384034758
2026-01-06 11:00:00,0.4191,0.4224,0.4184,0.4222,408062.55780988,0.007131002407387764
2026-01-06 12:00:00,0.4222,0.4242,0.4213,0.4227,518881.64,0.0011835721585240213
2026-01-06 13:00:00,0.4226,0.4251,0.4208,0.4222,474643.98,-0.0011835721585240044
2026-01-06 14:00:00,0.4223,0.4374,0.4223,0.4271,2930118.19211871,0.011539042433200494
2026-01-06 15:00:00,0.4272,0.4302,0.4177,0.4201,2038021.73,-0.0165253996720844
2026-01-06 16:00:00,0.4201,0.421,0.4061,0.4099,2238485.01,-0.02457955066504446
2026-01-06 17:00:00,0.4099,0.4115,0.4016,0.4024,1981828.08,-0.018466608724762492
2026-01-06 18:00:00,0.4022,0.4094,0.4013,0.4079,526414.45,0.01357542753798323
2026-01-06 19:00:00,0.4081,0.4092,0.4068,0.4075,216678.0,-0.0009811136425953795
2026-01-06 20:00:00,0.4075,0.4132,0.4074,0.4123,365553.01,0.011710307031936904
2026-01-06 21:00:00,0.4122,0.4221,0.4104,0.418,967479.48,0.013730192811902037
2026-01-06 22:00:00,0.4177,0.4191,0.4149,0.4175,340703.73,-0.0011968882338461752
2026-01-06 23:00:00,0.4176,0.4211,0.4172,0.4195,362501.03,0.004778981616350601
2026-01-07 00:00:00,0.4195,0.4195,0.4126,0.4129,355185.88,-0.015858093015216304
2026-01-07 01:00:00,0.4128,0.4148,0.4097,0.4103,504606.77629679,-0.006316833443904156
2026-01-07 02:00:00,0.4103,0.4147,0.4091,0.414,321757.92,0.008977374377173887
2026-01-07 03:00:00,0.4143,0.4159,0.4117,0.4121,324787.61,-0.004599935480542603
2026-01-07 04:00:00,0.4123,0.4133,0.4107,0.4119,170088.42,-0.00048543690273666624
2026-01-07 05:00:00,0.4121,0.4126,0.4097,0.4102,181577.03,-0.004135755803754726
2026-01-07 06:00:00,0.4103,0.4127,0.4101,0.4112,187415.83,0.002434868502675215
2026-01-07 07:00:00,0.4111,0.4188,0.4111,0.4188,536154.73510271,0.018313764855426372
2026-01-07 08:00:00,0.4189,0.4227,0.4178,0.4213,545098.1,0.005951689988589141
2026-01-07 09:00:00,0.4212,0.4212,0.4095,0.4105,701572.59,-0.025969240092487977
2026-01-07 10:00:00,0.4104,0.414,0.4094,0.4133,420762.27,0.0067977926252037555
2026-01-07 11:00:00,0.413,0.4164,0.4129,0.415,382146.05,0.00410479871301166
2026-01-07 12:00:00,0.4149,0.4157,0.4112,0.4115,545043.94,-0.008469500113573834
2026-01-07 13:00:00,0.4119,0.4131,0.4095,0.4099,345800.46,-0.003895792606832636
2026-01-07 14:00:00,0.41,0.4102,0.4006,0.4076,1661118.8329115,-0.005626926161722067
2026-01-07 15:00:00,0.4077,0.4079,0.4004,0.4029,1002105.15,-0.011597909151268248
2026-01-07 16:00:00,0.4028,0.4059,0.4016,0.404,457200.24,0.002726485763848624
2026-01-07 17:00:00,0.4043,0.4077,0.4028,0.4038,318978.27,-0.0004951720824130599
2026-01-07 18:00:00,0.4038,0.4059,0.402,0.4035,453142.52,-0.0007432181687335195
2026-01-07 19:00:00,0.4037,0.4045,0.4005,0.4029,545069.25,-0.0014880955127020668
2026-01-07 20:00:00,0.403,0.4039,0.3988,0.401,485506.36,-0.004726964890732319
2026-01-07 21:00:00,0.4009,0.4026,0.4006,0.4012,198222.96,0.0004986287812112266
2026-01-07 22:00:00,0.4011,0.4036,0.3986,0.4004,390710.85,-0.0019960086467150384
2026-01-07 23:00:00,0.4004,0.4044,0.3973,0.4022,680809.61,0.004485429897486277
2026-01-08 00:00:00,0.4022,0.4034,0.3997,0.403,450900.52,0.0019870846081313847
2026-01-08 01:00:00,0.4031,0.4047,0.4019,0.4039,428717.35,0.0022307606226840996
2026-01-08 02:00:00,0.4039,0.4045,0.3994,0.4003,460584.83,-0.008953056570839222
2026-01-08 03:00:00,0.4003,0.4023,0.3953,0.3979,647549.66,-0.0060135485656450105
2026-01-08 04:00:00,0.3978,0.4018,0.3966,0.4006,508533.5,0.006762705798834919
2026-01-08 05:00:00,0.4007,0.4019,0.3981,0.3987,265648.27321691,-0.004754168844408617
2026-01-08 06:00:00,0.3987,0.3993,0.3914,0.3917,841154.86,-0.01771301371552375
2026-01-08 07:00:00,0.3914,0.3955,0.3892,0.3953,1279631.21,0.009148729630854165
2026-01-08 08:00:00,0.3954,0.3971,0.3922,0.3925,443205.56,-0.007108433080176616
2026-01-08 09:00:00,0.3926,0.3945,0.3898,0.39,435644.86,-0.00638979809877101
2026-01-08 10:00:00,0.3899,0.3929,0.3871,0.3923,732995.23,0.005880114091814615
2026-01-08 11:00:00,0.3921,0.3926,0.3874,0.3906,385491.46,-0.004342834772928258
2026-01-08 12:00:00,0.3906,0.3907,0.3871,0.3886,400544.93,-0.0051334814992388
2026-01-08 13:00:00,0.3886,0.3904,0.388,0.3891,188940.28,0.0012858430471681848
2026-01-08 14:00:00,0.389,0.3902,0.3848,0.3887,1562617.22,-0.0010285421323304729
2026-01-08 15:00:00,0.3886,0.3955,0.3867,0.3953,918583.02,0.016837132444462253
2026-01-08 16:00:00,0.3953,0.3962,0.3905,0.3951,714987.76,-0.0005060728852946998
2026-01-08 17:00:00,0.3952,0.3979,0.3925,0.3971,577788.76,0.005049240719860677
2026-01-08 18:00:00,0.3971,0.3974,0.3938,0.3945,371997.24,-0.006568997851276875
2026-01-08 19:00:00,0.3947,0.3965,0.3925,0.3932,493374.81,-0.003300752012917482
2026-01-08 20:00:00,0.3933,0.3936,0.3896,0.3929,606635.8,-0.000763261708597306
2026-01-08 21:00:00,0.3929,0.398,0.3928,0.3977,631725.72,0.012142825649230821
2026-01-08 22:00:00,0.3978,0.3989,0.3946,0.3967,482264.48,-0.0025176246933605135
2026-01-08 23:00:00,0.3968,0.3978,0.3957,0.3957,186698.74,-0.002523979128905852
2026-01-09 00:00:00,0.3956,0.3983,0.3956,0.3977,209887.46,0.00504160382226637
2026-01-09 01:00:00,0.398,0.4007,0.3948,0.3958,638292.56,-0.004788919045179673
2026-01-09 02:00:00,0.3958,0.3996,0.395,0.3955,168985.27,-0.0007582459607566645
2026-01-09 03:00:00,0.3955,0.3985,0.3947,0.3984,177873.09,0.007305738502734559
2026-01-09 04:00:00,0.3985,0.3989,0.3961,0.3963,275756.85,-0.0052850255140537965
2026-01-09 05:00:00,0.3964,0.3971,0.3943,0.3969,266811.95,0.0015128595926304088
2026-01-09 06:00:00,0.397,0.3997,0.3959,0.3996,273287.44,0.006779686985378769
2026-01-09 07:00:00,0.3997,0.3997,0.3971,0.3971,162156.74,-0.006275908637192671
2026-01-09 08:00:00,0.3971,0.3977,0.3896,0.3919,814564.55,-0.01318143293161995
2026-01-09 09:00:00,0.3919,0.3948,0.3918,0.3918,306437.33,-0.00025519969514547315
2026-01-09 10:00:00,0.3918,0.3928,0.3909,0.3918,163847.63,0.0
2026-01-09 11:00:00,0.3918,0.3941,0.3914,0.3917,158254.62,-0.00025526483865474
2026-01-09 12:00:00,0.3917,0.3925,0.3898,0.3914,192622.41,-0.0007661857098097244
2026-01-09 13:00:00,0.3915,0.398,0.3913,0.3956,1662894.53,0.010673544786581234
2026-01-09 14:00:00,0.3957,0.3958,0.3877,0.3904,843194.79,-0.013231745209619592
2026-01-09 15:00:00,0.3904,0.4052,0.3884,0.3971,1813342.89,0.017016283598268393
2026-01-09 16:00:00,0.3972,0.4044,0.3971,0.4018,939953.61,0.011766314243628187
2026-01-09 17:00:00,0.4018,0.402,0.3928,0.3965,374784.32,-0.013278411305931319
2026-01-09 18:00:00,0.3962,0.3973,0.3897,0.393,414192.93,-0.008866429205641468
2026-01-09 19:00:00,0.393,0.393,0.389,0.3901,198147.58,-0.007406495356650448
2026-01-09 20:00:00,0.3901,0.393,0.3898,0.3913,346751.68,0.003071412703755804
2026-01-09 21:00:00,0.3912,0.3937,0.3896,0.3927,290281.37,0.0035714323675971795
2026-01-09 22:00:00,0.3927,0.3938,0.391,0.3933,177887.39,0.0015267178537998873
2026-01-09 23:00:00,0.3933,0.3934,0.3908,0.3914,117527.05,-0.004842624475787903
2026-01-10 00:00:00,0.3914,0.3915,0.3886,0.3896,165828.53,-0.004609483193595919
2026-01-10 01:00:00,0.3896,0.3907,0.3893,0.3903,124090.07,0.0017951024181891975
2026-01-10 02:00:00,0.3904,0.3913,0.3891,0.3895,109110.47,-0.002051808875766246
2026-01-10 03:00:00,0.3895,0.3896,0.3867,0.3892,215476.54,-0.0007705149989529815
2026-01-10 04:00:00,0.3891,0.3892,0.3874,0.3878,140401.42,-0.0036036075032985443
2026-01-10 05:00:00,0.3879,0.3886,0.3873,0.3875,118819.36,-0.0007738940151496922
2026-01-10 06:00:00,0.3876,0.3879,0.3846,0.3862,248676.19,-0.003360478798987654
2026-01-10 07:00:00,0.3862,0.3886,0.3861,0.3881,187867.07,0.0049076683804466425
2026-01-10 08:00:00,0.3881,0.3885,0.3871,0.3881,222535.83,0.0
2026-01-10 09:00:00,0.3883,0.3905,0.3879,0.3904,331841.12,0.005908816164076956
2026-01-10 10:00:00,0.3905,0.3916,0.3895,0.3912,188151.28,0.002047083621724823
2026-01-10 11:00:00,0.3911,0.3912,0.3901,0.3911,103618.46,-0.00025565639919381434
2026-01-10 12:00:00,0.3911,0.3924,0.391,0.3924,121468.27,0.0033184459297396383
2026-01-10 13:00:00,0.3924,0.3925,0.3905,0.3905,96332.78,-0.004853758411467401
2026-01-10 14:00:00,0.3905,0.3905,0.3887,0.3893,316920.36,-0.003077714663330658
2026-01-10 15:00:00,0.3894,0.3906,0.3894,0.3897,334369.58,0.0010269577282536076
2026-01-10 16:00:00,0.3896,0.3908,0.3885,0.39,177393.21,0.0007695267790285181
2026-01-10 17:00:00,0.3902,0.3918,0.389,0.3892,226452.79,-0.002053388811842196
2026-01-10 18:00:00,0.3892,0.391,0.3887,0.3894,160073.21,0.0005137426262493428
2026-01-10 19:00:00,0.3895,0.3912,0.3892,0.3911,149571.52,0.004356188823369079
2026-01-10 20:00:00,0.3912,0.3914,0.3902,0.3903,133053.97,-0.002047607574899162
2026-01-10 21:00:00,0.3902,0.3905,0.389,0.389,177429.3,-0.00333633056812294
2026-01-10 22:00:00,0.3891,0.3891,0.3856,0.3857,223398.57,-0.008519478404264303
2026-01-10 23:00:00,0.3857,0.3892,0.3856,0.3885,248244.96,0.007233304593520061
2026-01-11 00:00:00,0.3886,0.3895,0.3877,0.3892,113432.09,0.0018001805041478473
2026-01-11 01:00:00,0.3892,0.3902,0.3885,0.3902,143753.52,0.00256607787716076
2026-01-11 02:00:00,0.3902,0.392,0.39,0.3902,103119.59,0.0
2026-01-11 03:00:00,0.3902,0.391,0.3899,0.3906,93372.62,0.00102459025356772
2026-01-11 04:00:00,0.3907,0.3913,0.3896,0.3911,116423.09,0.0012792633188898645
2026-01-11 05:00:00,0.3911,0.3921,0.3903,0.3916,328047.98,0.001277628894886818
2026-01-11 06:00:00,0.3916,0.3918,0.3889,0.3907,151974.37,-0.0023009085953304064
2026-01-11 07:00:00,0.3907,0.3916,0.3903,0.3915,137823.7,0.0020455133698329313
2026-01-11 08:00:00,0.3915,0.3922,0.3907,0.3916,190852.24,0.0002553952254974682
2026-01-11 09:00:00,0.3917,0.3932,0.3909,0.3915,218081.73,-0.00025539522549745014
2026-01-11 10:00:00,0.3913,0.3915,0.3898,0.3912,143562.39,-0.0007665772701955732
2026-01-11 11:00:00,0.3912,0.3921,0.3909,0.3918,134584.97,0.0015325673497779888
2026-01-11 12:00:00,0.3919,0.3968,0.3918,0.3959,601263.3,0.010410148601644516
2026-01-11 13:00:00,0.396,0.3972,0.3934,0.3936,574996.92,-0.005826488933986543
2026-01-11 14:00:00,0.3935,0.3963,0.3932,0.3954,266582.19994691,0.004562745558418016
2026-01-11 15:00:00,0.3955,0.3959,0.389,0.3904,611219.21,-0.012726056197579026
2026-01-11 16:00:00,0.3906,0.396,0.3903,0.3936,834752.38,0.008163310639160835
2026-01-11 17:00:00,0.3937,0.3953,0.3919,0.3948,361668.73,0.003044142381228052
2026-01-11 18:00:00,0.3949,0.395,0.3922,0.3944,133845.74,-0.0010136848308462314
2026-01-11 19:00:00,0.3944,0.3949,0.3923,0.3926,323042.29,-0.004574340886119595
2026-01-11 20:00:00,0.3925,0.3925,0.3868,0.3897,751425.3,-0.007414069497697183
2026-01-11 21:00:00,0.3896,0.3929,0.3874,0.3919,514322.42,0.005629492860922397
2026-01-11 22:00:00,0.392,0.392,0.3878,0.388,499908.85,-0.010001365582312396
2026-01-11 23:00:00,0.388,0.3925,0.3839,0.3909,1041756.6,0.007446433175635658
2026-01-12 00:00:00,0.3908,0.3918,0.3858,0.3915,1072676.18,0.0015337426319487184
2026-01-12 01:00:00,0.3916,0.3957,0.3907,0.3945,1418574.27,0.007633624855071205
2026-01-12 02:00:00,0.3947,0.4032,0.3946,0.402,811650.06,0.018832948333092178
2026-01-12 03:00:00,0.4019,0.4036,0.3973,0.3973,504318.31,-0.011760425798467877
2026-01-12 04:00:00,0.3974,0.4009,0.3969,0.4005,234747.58,0.008022103687860643
2026-01-12 05:00:00,0.4007,0.4012,0.3981,0.3985,278736.76,-0.005006268278144194
2026-01-12 06:00:00,0.3986,0.3997,0.3945,0.3948,230670.99,-0.009328190670943298
2026-01-12 07:00:00,0.3949,0.3968,0.39,0.3905,523535.23,-0.010951338279585754
2026-01-12 08:00:00,0.3905,0.3928,0.3853,0.388,883730.34,-0.006422629656467247
2026-01-12 09:00:00,0.3881,0.3887,0.3864,0.3866,333289.49,-0.0036147728490429055
2026-01-12 10:00:00,0.3867,0.3883,0.3849,0.3852,220892.39,-0.003627886850260065
2026-01-12 11:00:00,0.3854,0.3882,0.3851,0.3874,198471.7,0.00569507104892503
2026-01-12 12:00:00,0.3874,0.3883,0.3858,0.3864,201454.71,-0.0025846486345325243
2026-01-12 13:00:00,0.3864,0.3869,0.3816,0.3824,462452.32,-0.010405921161116693
2026-01-12 14:00:00,0.3824,0.3899,0.3815,0.3892,1058494.9,0.017626169134603808
2026-01-12 15:00:00,0.3892,0.3949,0.3883,0.3944,777481.12,0.01327227241663021
2026-01-12 16:00:00,0.3944,0.3994,0.3942,0.3976,725102.67,0.008080852053938674
2026-01-12 17:00:00,0.3976,0.3989,0.3908,0.3933,618688.57,-0.010873795344655178
2026-01-12 18:00:00,0.3935,0.3969,0.3924,0.3935,320045.27,0.0005083884196941405
2026-01-12 19:00:00,0.3935,0.3939,0.3916,0.3931,188000.49126928,-0.0010170354296432653
2026-01-12 20:00:00,0.3934,0.3952,0.389,0.3893,400237.88,-0.009713777811404681
2026-01-12 21:00:00,0.3893,0.3893,0.3838,0.3853,562960.82,-0.0103280029842981
2026-01-12 22:00:00,0.3855,0.3879,0.3851,0.3872,266669.53,0.0049191037703100885
2026-01-12 23:00:00,0.3872,0.3895,0.3856,0.3863,274944.93,-0.002327085730186315
2026-01-13 00:00:00,0.3861,0.3874,0.3852,0.3869,184688.79,0.0015519920342316916
2026-01-13 01:00:00,0.3867,0.3883,0.3852,0.3861,176355.99,-0.0020698584362766298
2026-01-13 02:00:00,0.3862,0.389,0.3858,0.3859,151753.8,-0.0005181347266175198
2026-01-13 03:00:00,0.386,0.3884,0.3857,0.3867,288686.8,0.00207093006967834
2026-01-13 04:00:00,0.3869,0.3893,0.3866,0.3892,148468.04,0.0064441516985986914
2026-01-13 05:00:00,0.3893,0.3957,0.3893,0.3918,582064.58,0.006658155198590308
2026-01-13 06:00:00,0.3919,0.3934,0.3907,0.3923,319787.57,0.0012753477050664154
2026-01-13 07:00:00,0.3922,0.3923,0.3898,0.39,265036.09,-0.005880114091814737
2026-01-13 08:00:00,0.39,0.3939,0.3897,0.393,185669.06,0.007662872745569097
2026-01-13 09:00:00,0.3933,0.3954,0.3918,0.393,333416.41,0.0
2026-01-13 10:00:00,0.393,0.3943,0.391,0.3915,184202.88,-0.0038240964384033942
2026-01-13 11:00:00,0.3914,0.3936,0.3905,0.3924,442533.42,0.002296212260350157
2026-01-13 12:00:00,0.3922,0.3936,0.3907,0.3932,285413.36,0.0020366605818033334
2026-01-13 13:00:00,0.3931,0.3975,0.3926,0.394,1505653.93,0.0020325210249224307
2026-01-13 14:00:00,0.394,0.4025,0.3921,0.3986,1385003.6,0.011607498480760552
2026-01-13 15:00:00,0.3981,0.4063,0.3958,0.4059,727631.17,0.01814841606615758
2026-01-13 16:00:00,0.4062,0.411,0.4062,0.4094,1000637.20024964,0.008585849382337184
2026-01-13 17:00:00,0.4095,0.4103,0.405,0.4063,816116.06,-0.007600870233508105
2026-01-13 18:00:00,0.4062,0.4089,0.4053,0.4062,453827.01,-0.0002461538473967244
2026-01-13 19:00:00,0.4063,0.4104,0.4051,0.4102,240150.96,0.009799196491995876
2026-01-13 20:00:00,0.4103,0.4115,0.4066,0.4084,398045.09,-0.004397759347769859
2026-01-13 21:00:00,0.4088,0.4107,0.4082,0.4101,278101.37,0.004153946107503068
2026-01-13 22:00:00,0.4101,0.425,0.4099,0.4224,2778313.38,0.029551699994038165
2026-01-13 23:00:00,0.4225,0.4266,0.4193,0.4217,736110.41,-0.001658571639537477
2026-01-14 00:00:00,0.4219,0.424,0.4197,0.4226,600704.58,0.002131944429442036
2026-01-14 01:00:00,0.4225,0.4243,0.4204,0.4212,461121.35,-0.003318324922135811
2026-01-14 02:00:00,0.4212,0.4241,0.4201,0.4215,354282.63,0.0007119971820895601
2026-01-14 03:00:00,0.4217,0.426,0.4214,0.426,262482.83,0.010619568827460351
2026-01-14 04:00:00,0.426,0.4269,0.4228,0.4238,475434.65,-0.005177700435171646
2026-01-14 05:00:00,0.4237,0.4239,0.4214,0.4219,264438.51,-0.004493326703905707
2026-01-14 06:00:00,0.4219,0.426,0.4182,0.4253,435711.64,0.008026483129294954
2026-01-14 07:00:00,0.4253,0.4271,0.4227,0.4239,318442.99,-0.003297223900996437
2026-01-14 08:00:00,0.4238,0.4253,0.4206,0.4206,211847.96,-0.007815315089992076
2026-01-14 09:00:00,0.4208,0.422,0.4198,0.4203,186800.71,-0.0007135212575283558
2026-01-14 10:00:00,0.4204,0.4209,0.4178,0.4182,207721.53,-0.005008955016537773
2026-01-14 11:00:00,0.418,0.4184,0.4135,0.4137,304288.33,-0.010818713527167364
2026-01-14 12:00:00,0.4139,0.4163,0.4135,0.4152,376191.23,0.003619258384313058
2026-01-14 13:00:00,0.4152,0.4159,0.4113,0.4121,323152.83,-0.007494293506907145
2026-01-14 14:00:00,0.4121,0.4225,0.4121,0.4196,805025.49,0.018035838177370297
2026-01-14 15:00:00,0.4196,0.4231,0.417,0.42,992882.61,0.0009528347552718458
2026-01-14 16:00:00,0.4202,0.424,0.4196,0.4208,545308.96,0.0019029501460860636
2026-01-14 17:00:00,0.4211,0.4225,0.4156,0.4164,520211.11,-0.01051132468268635
2026-01-14 18:00:00,0.4164,0.4175,0.4097,0.4135,674373.73,-0.006988822277067843
2026-01-14 19:00:00,0.4135,0.4204,0.4127,0.415,754514.89,0.003621005766952362
2026-01-14 20:00:00,0.415,0.4176,0.4117,0.4129,367924.21,-0.005073087338653704
2026-01-14 21:00:00,0.4129,0.4154,0.412,0.4141,367016.89,0.0029020576594770736
2026-01-14 22:00:00,0.4141,0.4145,0.4105,0.4123,353783.11,-0.0043562508386672475
2026-01-14 23:00:00,0.4125,0.416,0.4123,0.4144,301168.43,0.005080451232418914
2026-01-15 00:00:00,0.4144,0.4144,0.4109,0.4117,292882.29,-0.006536762169414301
2026-01-15 01:00:00,0.412,0.4142,0.4077,0.4084,286950.78,-0.008047842485348526
2026-01-15 02:00:00,0.4083,0.4094,0.4047,0.4055,528707.87,-0.007126212735042789
2026-01-15 03:00:00,0.4057,0.4063,0.399,0.4003,1084895.20051893,-0.01290660755693974
2026-01-15 04:00:00,0.4002,0.4033,0.3998,0.4027,190757.9,0.005977601858880691
2026-01-15 05:00:00,0.4026,0.4041,0.4017,0.4026,243169.97,-0.0002483546517173564
2026-01-15 06:00:00,0.4024,0.4033,0.4006,0.4012,288820.39,-0.0034834571179106883
2026-01-15 07:00:00,0.4012,0.4054,0.4008,0.4043,363652.81,0.007697120558944622
2026-01-15 08:00:00,0.4045,0.4053,0.4023,0.4035,243625.01,-0.0019806889367216013
2026-01-15 09:00:00,0.4035,0.4066,0.4012,0.4049,643713.73,0.0034636353281118433
2026-01-15 10:00:00,0.405,0.4054,0.4036,0.4052,287236.54,0.0007406493364129792
2026-01-15 11:00:00,0.4053,0.4061,0.404,0.4049,251306.08,-0.0007406493364128876
2026-01-15 12:00:00,0.4048,0.4079,0.4045,0.4077,236075.99,0.0068914867870924195
2026-01-15 13:00:00,0.4075,0.4106,0.4055,0.4085,603926.98,0.001960304474849742
2026-01-15 14:00:00,0.4084,0.4098,0.4004,0.4029,1104472.33,-0.013803522102756028
2026-01-15 15:00:00,0.403,0.4046,0.3935,0.3997,1509330.92,-0.007974126480023666
2026-01-15 16:00:00,0.3997,0.4002,0.3958,0.3994,591092.77,-0.0007508447355630194
2026-01-15 17:00:00,0.3993,0.401,0.3952,0.3963,522155.34939812,-0.007791920785325455
2026-01-15 18:00:00,0.3964,0.3971,0.3909,0.392,652129.93,-0.01090966040592669
2026-01-15 19:00:00,0.392,0.3932,0.3896,0.3926,557638.64,0.0015294420518981147
2026-01-15 20:00:00,0.3925,0.3939,0.3893,0.3906,335965.50600205,-0.005107263399782157
2026-01-15 21:00:00,0.3906,0.3936,0.3903,0.3928,301478.97,0.005616558037732301
2026-01-15 22:00:00,0.393,0.3945,0.3921,0.3939,160545.83,0.0027964934965494293
2026-01-15 23:00:00,0.3939,0.3945,0.3928,0.3936,118793.43,-0.0007619047987618025
2026-01-16 00:00:00,0.3936,0.3944,0.393,0.3932,177718.37,-0.0010167769050869464
2026-01-16 01:00:00,0.3931,0.394,0.3916,0.3923,100136.19,-0.002291535057504638
2026-01-16 02:00:00,0.3922,0.3931,0.3898,0.3928,167695.9,0.0012737232648040427
2026-01-16 03:00:00,0.393,0.3933,0.391,0.3915,148473.39,-0.0033150610494529584
2026-01-16 04:00:00,0.3915,0.3925,0.3886,0.3899,281938.77,-0.004095219442306124
2026-01-16 05:00:00,0.3898,0.394,0.3896,0.3931,255185.7,0.008173736439262988
2026-01-16 06:00:00,0.3931,0.3945,0.3922,0.394,189464.37,0.002286876870119314
2026-01-16 07:00:00,0.394,0.3943,0.3922,0.3925,100671.63,-0.0038143720754706774
2026-01-16 08:00:00,0.3925,0.3938,0.3922,0.3929,325450.48,0.001018589341951046
2026-01-16 09:00:00,0.3928,0.3933,0.3916,0.3918,171708.36,-0.0028036210539738593
2026-01-16 10:00:00,0.3917,0.3918,0.3908,0.3912,166826.7,-0.0015325673497781163
2026-01-16 11:00:00,0.3913,0.3927,0.3904,0.3927,141111.4,0.0038270234233015897
2026-01-16 12:00:00,0.3928,0.3929,0.3907,0.3914,114357.36,-0.003315906621987988
2026-01-16 13:00:00,0.3916,0.3917,0.3888,0.3901,340131.54,-0.0033269384493650697
2026-01-16 14:00:00,0.39,0.3921,0.3891,0.3893,427963.65,-0.002052861896200866
2026-01-16 15:00:00,0.3893,0.3911,0.3791,0.3818,1332551.28,-0.019453343324762812
2026-01-16 16:00:00,0.3816,0.3852,0.3804,0.384,440101.34,0.00574564129607967
2026-01-16 17:00:00,0.384,0.3871,0.3818,0.3866,403895.27,0.006748014186503724
2026-01-16 18:00:00,0.3867,0.3879,0.3861,0.3866,161537.47,0.0
2026-01-16 19:00:00,0.3865,0.3875,0.3845,0.3869,238018.69,0.0007756949322369219
2026-01-16 20:00:00,0.3867,0.395,0.385,0.3947,361609.58,0.019959720962334077
2026-01-16 21:00:00,0.3948,0.398,0.3937,0.3964,1284673.83,0.004297819787031429
2026-01-16 22:00:00,0.3964,0.3985,0.3948,0.3965,939386.22,0.00025223861906979283
2026-01-16 23:00:00,0.3964,0.3972,0.3951,0.3955,216308.11,-0.002525253867194071
2026-01-17 00:00:00,0.3956,0.3973,0.3951,0.3958,381447.4,0.0007582459607567071
2026-01-17 01:00:00,0.3957,0.3969,0.3951,0.396,105085.73,0.0005051780860153327
2026-01-17 02:00:00,0.396,0.3962,0.3936,0.3947,219609.87,-0.0032882285856791664
2026-01-17 03:00:00,0.3947,0.3959,0.3937,0.3946,105000.45,-0.0002533890802864007
2026-01-17 04:00:00,0.3945,0.3965,0.3938,0.3961,97760.05,0.003794111039355968
2026-01-17 05:00:00,0.3962,0.3968,0.3957,0.3961,87410.46,0.0
2026-01-17 06:00:00,0.396,0.3962,0.395,0.395,108785.59,-0.0027809397267490703
2026-01-17 07:00:00,0.395,0.3958,0.3938,0.3955,157310.71,0.0012650223065867022
2026-01-17 08:00:00,0.3956,0.397,0.3953,0.3959,126229.05,0.0010108669043761872
2026-01-17 09:00:00,0.3961,0.397,0.3953,0.3953,183613.49,-0.0015166838094450264
2026-01-17 10:00:00,0.3952,0.3968,0.3947,0.396,162916.94,0.001769240951840781
2026-01-17 11:00:00,0.3959,0.3968,0.3945,0.3947,216576.88,-0.0032882285856791664
2026-01-17 12:00:00,0.3947,0.3966,0.3945,0.396,113218.06,0.0032882285856792744
2026-01-17 13:00:00,0.3959,0.3982,0.3953,0.3977,121744.77,0.004283740959164341
2026-01-17 14:00:00,0.3976,0.4018,0.3963,0.4009,602235.1,0.008014067434816237
2026-01-17 15:00:00,0.401,0.4028,0.3999,0.4026,394483.65,0.004231493557229817
2026-01-17 16:00:00,0.4026,0.4042,0.399,0.4006,463322.13,-0.004980089973973247
2026-01-17 17:00:00,0.4006,0.4021,0.3994,0.4003,178630.24,-0.0007491572331899929
2026-01-17 18:00:00,0.4004,0.4005,0.3988,0.4003,145318.68728459,0.0
2026-01-17 19:00:00,0.4001,0.4012,0.3992,0.4002,178299.27,-0.0002498438488948854
2026-01-17 20:00:00,0.4002,0.4022,0.3987,0.3991,251738.04,-0.0027524100949447993
2026-01-17 21:00:00,0.3992,0.3993,0.3977,0.3989,220505.89,-0.0005012531433272989
2026-01-17 22:00:00,0.3988,0.399,0.395,0.3964,440565.13,-0.00628695645552804
2026-01-17 23:00:00,0.3964,0.3974,0.3957,0.3973,176377.79,0.002267860364720269
2026-01-18 00:00:00,0.397,0.3989,0.3959,0.3964,304902.86,-0.002267860364720331
2026-01-18 01:00:00,0.3966,0.3968,0.393,0.3941,336090.17,-0.005819118254874891
2026-01-18 02:00:00,0.3943,0.396,0.3937,0.3942,174708.87,0.0002537105176617888
2026-01-18 03:00:00,0.3942,0.3968,0.394,0.3955,121674.13,0.003292392489088708
2026-01-18 04:00:00,0.3955,0.3956,0.3938,0.3955,126642.0,0.0
2026-01-18 05:00:00,0.3955,0.396,0.3945,0.3952,93693.45091111,-0.0007588213339958443
2026-01-18 06:00:00,0.3953,0.3961,0.3943,0.3951,106928.33,-0.00025306845636768253
2026-01-18 07:00:00,0.3951,0.3953,0.3934,0.3942,153619.71,-0.0022805026987252177
2026-01-18 08:00:00,0.3941,0.3943,0.3921,0.3938,215658.04,-0.001015228513594663
2026-01-18 09:00:00,0.3937,0.3948,0.3931,0.3942,101599.1,0.001015228513594672
2026-01-18 10:00:00,0.3943,0.3947,0.3926,0.3937,182346.87989726,-0.0012691967689279658
2026-01-18 11:00:00,0.3937,0.3939,0.3927,0.393,171307.66,-0.0017795860804305892
2026-01-18 12:00:00,0.393,0.394,0.3921,0.3925,129087.85,-0.0012730746467980965
2026-01-18 13:00:00,0.3924,0.3941,0.391,0.3929,316444.1,0.001018589341951046
2026-01-18 14:00:00,0.3928,0.3954,0.3904,0.3905,487558.69969724,-0.006127157284673403
2026-01-18 15:00:00,0.3904,0.3925,0.3894,0.3923,360112.96,0.004598883935766238
2026-01-18 16:00:00,0.3923,0.3939,0.3913,0.3919,418526.66,-0.0010201480099209389
2026-01-18 17:00:00,0.3919,0.3926,0.3902,0.3924,301777.18,0.001275022485622287
2026-01-18 18:00:00,0.3922,0.3961,0.3911,0.3947,462802.36,0.005844254977593381
2026-01-18 19:00:00,0.3946,0.3957,0.3919,0.3926,232957.42,-0.005334700826440668
2026-01-18 20:00:00,0.3926,0.3952,0.3915,0.3935,233277.40878026,0.00228978601509735
2026-01-18 21:00:00,0.3939,0.3947,0.3929,0.3944,104721.57,0.0022845548710222377
2026-01-18 22:00:00,0.3945,0.397,0.3942,0.3958,697158.32,0.0035434104399850114
2026-01-18 23:00:00,0.3959,0.3959,0.3746,0.3757,3159218.10948282,-0.05211808058854218
2026-01-19 00:00:00,0.3757,0.3757,0.35,0.3632,6828207.90116015,-0.033837305852784876
2026-01-19 01:00:00,0.3631,0.3666,0.3611,0.3636,675409.21204981,0.001100715576185493
2026-01-19 02:00:00,0.3635,0.3663,0.3627,0.3653,874993.14978354,0.004664571497913225
2026-01-19 03:00:00,0.3652,0.3662,0.364,0.3658,177357.24,0.001367802155528526
2026-01-19 04:00:00,0.3656,0.3659,0.363,0.363,910142.95,-0.007683901691914663
2026-01-19 05:00:00,0.3631,0.3669,0.3629,0.3641,674229.54,0.00302572091653689
2026-01-19 06:00:00,0.3641,0.3643,0.3609,0.3625,285557.02,-0.004404080886658308
2026-01-19 07:00:00,0.3625,0.3653,0.3625,0.3641,235114.62,0.004404080886658267
2026-01-19 08:00:00,0.3642,0.3695,0.3635,0.3693,747714.29,0.014180766677129938
2026-01-19 09:00:00,0.3692,0.3706,0.3681,0.3698,612385.97,0.0013529970945069028
2026-01-19 10:00:00,0.3699,0.3712,0.3686,0.3709,258836.49,0.002970165542520544
2026-01-19 11:00:00,0.371,0.3727,0.3686,0.3691,635469.37987397,-0.0048648744595923415
2026-01-19 12:00:00,0.3692,0.3692,0.3661,0.367,208030.43877722,-0.005705761981382605
2026-01-19 13:00:00,0.367,0.3675,0.3652,0.3658,231475.38,-0.0032751120978048867
2026-01-19 14:00:00,0.3659,0.3705,0.3658,0.368,355934.18,0.005996202212165455
2026-01-19 15:00:00,0.3681,0.3689,0.3658,0.3668,179835.68,-0.0032661977866210697
2026-01-19 16:00:00,0.3667,0.3718,0.3665,0.3708,138077.89,0.010846093309390384
2026-01-19 17:00:00,0.3708,0.3709,0.3687,0.3687,167261.15,-0.0056795284516012205
2026-01-19 18:00:00,0.3688,0.3702,0.3685,0.3692,93005.51,0.001355197388598209
2026-01-19 19:00:00,0.3693,0.3728,0.3692,0.3709,204150.76,0.00459398186684803
2026-01-19 20:00:00,0.3709,0.3725,0.3708,0.3713,87618.74,0.0010778766874893514
2026-01-19 21:00:00,0.3714,0.3721,0.3697,0.37,161265.85,-0.003507355544764285
2026-01-19 22:00:00,0.37,0.371,0.367,0.367,295053.35,-0.008141157583699885
2026-01-19 23:00:00,0.3671,0.3713,0.3671,0.3704,269188.37,0.009221654717454073
2026-01-20 00:00:00,0.3703,0.3704,0.368,0.3684,94976.69,-0.005414198390872514
2026-01-20 01:00:00,0.3684,0.3705,0.3673,0.3688,82785.05,0.0010851873012869833
2026-01-20 02:00:00,0.3688,0.369,0.366,0.3678,282934.82,-0.002715179512217998
2026-01-20 03:00:00,0.368,0.3683,0.3655,0.3665,306772.43984554,-0.0035407908435145523
2026-01-20 04:00:00,0.3664,0.3674,0.3654,0.3656,216180.09,-0.002458681746711261
2026-01-20 05:00:00,0.3658,0.3688,0.364,0.3677,509452.64,0.005727548727231403
2026-01-20 06:00:00,0.3677,0.3678,0.3638,0.3665,531410.01,-0.003268866980520262
2026-01-20 07:00:00,0.3666,0.368,0.3658,0.3659,216367.67,-0.0016384493015450339
2026-01-20 08:00:00,0.3659,0.3666,0.3576,0.3608,1121169.81,-0.01403628383669249
2026-01-20 09:00:00,0.3607,0.3607,0.358,0.3588,275461.61,-0.005558658003827493
2026-01-20 10:00:00,0.3588,0.3615,0.3586,0.3601,206756.06,0.003616640470188515
2026-01-20 11:00:00,0.3601,0.3609,0.3575,0.3575,131221.0,-0.007246408520767198
2026-01-20 12:00:00,0.3578,0.36,0.3575,0.3591,260616.52,0.004465539097974686
2026-01-20 13:00:00,0.3591,0.36,0.356,0.3572,582687.57,-0.005305052229693006
2026-01-20 14:00:00,0.3571,0.3641,0.357,0.3607,1004916.52,0.009750738907149444
2026-01-20 15:00:00,0.3607,0.3612,0.3569,0.3594,714034.01,-0.003610613560034659
2026-01-20 16:00:00,0.3593,0.3604,0.3525,0.3544,477981.59,-0.014009755618532802
2026-01-20 17:00:00,0.3542,0.3566,0.3499,0.352,720634.32,-0.0067950431328288015
2026-01-20 18:00:00,0.3519,0.3531,0.3503,0.3514,237835.04,-0.0017059998451002785
2026-01-20 19:00:00,0.3516,0.3532,0.3502,0.3524,212718.25,0.002841718309027529
2026-01-20 20:00:00,0.3523,0.3542,0.351,0.3535,1448665.55,0.0031165912746029686
2026-01-20 21:00:00,0.3539,0.3539,0.3512,0.3522,271513.11,-0.0036842892745215417
2026-01-20 22:00:00,0.352,0.3528,0.3468,0.351,424161.25,-0.003412972596240069
2026-01-20 23:00:00,0.3511,0.3522,0.3494,0.3507,257622.06,-0.0008550663197332763
2026-01-21 00:00:00,0.3507,0.3572,0.3505,0.3571,206658.4,0.018084697454270254
2026-01-21 01:00:00,0.3571,0.3598,0.3569,0.358,332741.28,0.0025171318002975003
2026-01-21 02:00:00,0.358,0.3609,0.3578,0.3581,263478.54,0.00027929060368666946
2026-01-21 03:00:00,0.3581,0.3602,0.358,0.3583,98778.05,0.0005583473065211471
2026-01-21 04:00:00,0.3582,0.3592,0.3578,0.359,59515.84,0.001951764177370583
2026-01-21 05:00:00,0.359,0.3623,0.3588,0.3611,151581.9,0.0058325397951330595
2026-01-21 06:00:00,0.3612,0.3614,0.3586,0.3589,128184.54,-0.006111130129850475
2026-01-21 07:00:00,0.359,0.3631,0.3585,0.3597,413333.28,0.0022265525480166374
2026-01-21 08:00:00,0.3596,0.3597,0.3567,0.3585,353460.26,-0.0033416906619033247
2026-01-21 09:00:00,0.3585,0.3591,0.3575,0.3581,56831.6,-0.0011163830352880126
2026-01-21 10:00:00,0.3582,0.3595,0.3571,0.3571,72756.1,-0.002796422403984216
2026-01-21 11:00:00,0.3571,0.3579,0.3543,0.3548,233282.59504117,-0.006461604164978231
2026-01-21 12:00:00,0.3549,0.3552,0.3503,0.3548,461764.27,0.0
2026-01-21 13:00:00,0.3548,0.3572,0.3523,0.3529,356648.85077739,-0.005369519754200042
2026-01-21 14:00:00,0.3529,0.3628,0.3522,0.3621,1601873.69,0.02573568609037099
2026-01-21 15:00:00,0.3619,0.3638,0.3586,0.3625,352064.67,0.001104057523133948
2026-01-21 16:00:00,0.3626,0.3628,0.3474,0.3478,1005937.29,-0.04139687237454673
2026-01-21 17:00:00,0.3483,0.3519,0.3463,0.3511,724459.28,0.009443481254203924
2026-01-21 18:00:00,0.3507,0.3549,0.3494,0.3538,261951.21,0.007660698551298196
2026-01-21 19:00:00,0.3539,0.3676,0.3522,0.3672,1356241.02,0.03717487702065063
2026-01-21 20:00:00,0.3677,0.3682,0.3625,0.3669,429647.54,-0.0008173273850991443
2026-01-21 21:00:00,0.367,0.37,0.3659,0.3692,496439.57,0.006249171267460541
2026-01-21 22:00:00,0.3692,0.3738,0.3678,0.3686,734667.41757565,-0.0016264573929741398
2026-01-21 23:00:00,0.3685,0.3696,0.365,0.366,253348.65,-0.00707871183435658
2026-01-22 00:00:00,0.3663,0.3685,0.3658,0.3673,116372.61,0.0035456194242554804
2026-01-22 01:00:00,0.3672,0.369,0.3664,0.3678,88237.19,0.0013603593445991613
2026-01-22 02:00:00,0.3677,0.3685,0.365,0.3653,216876.25,-0.006820378368983953
2026-01-22 03:00:00,0.3654,0.367,0.3635,0.364,205255.3,-0.003565066164496257
2026-01-22 04:00:00,0.364,0.3662,0.3639,0.366,171704.86,0.0054794657646255705
2026-01-22 05:00:00,0.366,0.3673,0.3651,0.3655,106162.25,-0.0013670542115330011
2026-01-22 06:00:00,0.3654,0.3664,0.3643,0.3657,234529.99,0.0005470459655025322
2026-01-22 07:00:00,0.3657,0.366,0.3634,0.3635,183828.88,-0.006034028181761577
2026-01-22 08:00:00,0.3635,0.3652,0.3628,0.3647,290094.81,0.003295800841060652
2026-01-22 09:00:00,0.3648,0.3664,0.364,0.3656,124892.34,0.002464741765360378
2026-01-22 10:00:00,0.3658,0.366,0.3649,0.3657,83235.34,0.0002734855753406958
2026-01-22 11:00:00,0.3656,0.3656,0.3634,0.3638,180599.17,-0.005209059071313725
2026-01-22 12:00:00,0.3637,0.3642,0.3631,0.3634,49219.63,-0.0011001101219510491
2026-01-22 13:00:00,0.3633,0.3663,0.3613,0.3625,287158.24,-0.0024796816673413615
2026-01-22 14:00:00,0.3621,0.3629,0.3571,0.3581,388257.28,-0.012212197290342487
2026-01-22 15:00:00,0.3581,0.3604,0.3555,0.3585,440689.27,0.0011163830352881043
2026-01-22 16:00:00,0.3585,0.3628,0.3584,0.3617,220157.56,0.008886478918377282
2026-01-22 17:00:00,0.3618,0.3632,0.36,0.3623,250441.49,0.0016574589429793445
2026-01-22 18:00:00,0.3623,0.3626,0.3595,0.3597,220977.27,-0.007202247199453231
2026-01-22 19:00:00,0.3597,0.3622,0.3587,0.3615,149364.71,0.004991690897240975
2026-01-22 20:00:00,0.3614,0.3619,0.3591,0.3601,130483.6,-0.0038802709439898116
2026-01-22 21:00:00,0.3602,0.361,0.3593,0.3593,104248.36,-0.002224076535356469
2026-01-22 22:00:00,0.3594,0.3606,0.3588,0.3597,133409.13,0.0011126565821053145
2026-01-22 23:00:00,0.3597,0.3599,0.3578,0.3594,129702.12,-0.0008343763521196721
2026-01-23 00:00:00,0.3595,0.3601,0.3585,0.3594,56902.6,0.0
2026-01-23 01:00:00,0.3594,0.3614,0.3592,0.3613,93030.72,0.005272663804136001
2026-01-23 02:00:00,0.3613,0.3615,0.3593,0.3595,82252.64,-0.004994460992493282
2026-01-23 03:00:00,0.3596,0.3633,0.3595,0.3619,108619.14,0.006653753408595462
2026-01-23 04:00:00,0.3619,0.3651,0.3616,0.3645,191299.16,0.0071586208790159625
2026-01-23 05:00:00,0.3645,0.3645,0.3601,0.3606,67738.81,-0.010757240679495983
2026-01-23 06:00:00,0.3607,0.3627,0.359,0.3602,446055.89,-0.00110987802736108
2026-01-23 07:00:00,0.3604,0.3616,0.3596,0.3613,97486.75,0.0030492054117388337
2026-01-23 08:00:00,0.3612,0.3616,0.3584,0.3592,453127.59,-0.005829301725549976
2026-01-23 09:00:00,0.3592,0.3607,0.3578,0.3589,471382.57,-0.0008355382744830513
2026-01-23 10:00:00,0.3589,0.36,0.3581,0.3591,132090.74,0.0005571030784755648
2026-01-23 11:00:00,0.3592,0.3609,0.3589,0.3602,320219.36,0.0030585315098186037
2026-01-23 12:00:00,0.3601,0.3606,0.3585,0.36,93006.91,-0.0005554012917001288
2026-01-23 13:00:00,0.36,0.3605,0.359,0.359,96079.43781437,-0.0027816429618768026
2026-01-23 14:00:00,0.359,0.3592,0.3526,0.355,1242583.81,-0.011204599012863132
2026-01-23 15:00:00,0.3552,0.3611,0.3534,0.3604,709512.66,0.01509673625876699
2026-01-23 16:00:00,0.3604,0.3665,0.3601,0.3634,498650.8,0.008289630227888057
2026-01-23 17:00:00,0.3635,0.3706,0.3618,0.3659,759249.86,0.006855916063090305
2026-01-23 18:00:00,0.3659,0.3685,0.3648,0.3659,221776.2,0.0
2026-01-23 19:00:00,0.366,0.366,0.3598,0.3615,528938.65,-0.01209803042634182
2026-01-23 20:00:00,0.3615,0.3628,0.3573,0.3589,415490.81,-0.007218243445257769
2026-01-23 21:00:00,0.3591,0.361,0.3586,0.3598,83249.63,0.002504523362871221
2026-01-23 22:00:00,0.3598,0.3627,0.3597,0.3625,112096.01,0.007476152778296712
2026-01-23 23:00:00,0.3624,0.3624,0.3603,0.3604,87175.73,-0.005809948560546638
2026-01-24 00:00:00,0.3603,0.3613,0.3592,0.3592,110301.69,-0.003335189306138239
2026-01-24 01:00:00,0.3592,0.3599,0.3585,0.3597,187646.02,0.0013910142735336897
2026-01-24 02:00:00,0.3598,0.3604,0.3596,0.3599,46801.41,0.0005558643834067468
2026-01-24 03:00:00,0.3601,0.3624,0.3597,0.3618,62690.57,0.005265357876209698
2026-01-24 04:00:00,0.3618,0.3625,0.3609,0.3612,40451.55,-0.0016597514183643968
2026-01-24 05:00:00,0.3613,0.3614,0.3603,0.3604,41368.88,-0.002217295808647557
2026-01-24 06:00:00,0.3605,0.3606,0.3599,0.3599,41138.33,-0.0013883106491978498
2026-01-24 07:00:00,0.36,0.3606,0.3595,0.3596,89942.74,-0.0008339124875198234
2026-01-24 08:00:00,0.3596,0.3602,0.3588,0.3597,57232.63,0.00027804810411325033
2026-01-24 09:00:00,0.3597,0.3607,0.3592,0.3595,59955.35,-0.000556173540476967
2026-01-24 10:00:00,0.3597,0.3597,0.359,0.3592,26743.92,-0.0008348407330567696
2026-01-24 11:00:00,0.3592,0.3601,0.3591,0.3598,26900.96,0.0016689850883881618
2026-01-24 12:00:00,0.36,0.3605,0.3594,0.3602,69786.67,0.001111111225422971
2026-01-24 13:00:00,0.3601,0.3603,0.3583,0.3583,144194.17,-0.005288808430947572
2026-01-24 14:00:00,0.3583,0.3603,0.3577,0.3593,130242.67974018,0.002787069808564908
2026-01-24 15:00:00,0.3594,0.3601,0.3576,0.358,162650.15,-0.003624707718772817
2026-01-24 16:00:00,0.358,0.3589,0.3565,0.3587,193125.09,0.0019533981375367366
2026-01-24 17:00:00,0.3586,0.3592,0.3582,0.3589,111819.93,0.0005574136153245266
2026-01-24 18:00:00,0.3588,0.3597,0.3582,0.3589,201787.08,0.0
2026-01-24 19:00:00,0.3588,0.3588,0.3579,0.3583,87472.63,-0.0016731738426534308
2026-01-24 20:00:00,0.3582,0.3594,0.3582,0.3591,38241.08,0.002230276921128842
2026-01-24 21:00:00,0.3592,0.3594,0.3583,0.3591,116264.0,0.0
2026-01-24 22:00:00,0.3591,0.36,0.3588,0.3598,254986.34,0.0019474202843956288
2026-01-24 23:00:00,0.3599,0.3601,0.3579,0.3584,155365.91,-0.003898640415657309
2026-01-25 00:00:00,0.3584,0.3591,0.3574,0.3591,80343.23,0.0019512201312617493
2026-01-25 01:00:00,0.3591,0.3595,0.3572,0.3577,83176.97,-0.0039062549670649885
2026-01-25 02:00:00,0.3577,0.3585,0.3564,0.3568,114839.13,-0.0025192455591178144
2026-01-25 03:00:00,0.3568,0.3574,0.3545,0.3558,154302.68,-0.0028066254741195788
2026-01-25 04:00:00,0.3558,0.3577,0.3554,0.3572,107191.17,0.003927073770609144
2026-01-25 05:00:00,0.3572,0.3573,0.3556,0.357,34120.44,-0.0005600672227049846
2026-01-25 06:00:00,0.357,0.357,0.3556,0.3558,145539.99,-0.0033670065479042954
2026-01-25 07:00:00,0.3559,0.3563,0.3542,0.3557,141747.77,-0.0002810962773252496
2026-01-25 08:00:00,0.3558,0.3568,0.3538,0.3548,216434.78,-0.0025334285189851564
2026-01-25 09:00:00,0.3547,0.3578,0.3538,0.3568,122789.22,0.005621150270429911
2026-01-25 10:00:00,0.3568,0.3602,0.3566,0.3583,264745.97,0.004195223605053869
2026-01-25 11:00:00,0.3584,0.3587,0.3562,0.3566,282203.38,-0.004755918881868143
2026-01-25 12:00:00,0.3566,0.3566,0.3548,0.356,141476.09,-0.0016839745770095334
2026-01-25 13:00:00,0.356,0.3572,0.3553,0.3568,69143.48,0.0022446698538239494
2026-01-25 14:00:00,0.3567,0.357,0.3506,0.3528,374058.96,-0.011274076573218108
2026-01-25 15:00:00,0.3528,0.354,0.3517,0.3523,320264.12,-0.001418238785444296
2026-01-25 16:00:00,0.3523,0.3524,0.342,0.3448,2694344.84,-0.021518546557653895
2026-01-25 17:00:00,0.3445,0.3458,0.3417,0.3419,351936.84,-0.008446242144282473
2026-01-25 18:00:00,0.3419,0.3425,0.3383,0.3402,1038837.83,-0.004984616683494164
2026-01-25 19:00:00,0.3403,0.3407,0.3329,0.3346,1285531.63,-0.016597891409037828
2026-01-25 20:00:00,0.3345,0.3373,0.3332,0.336,784091.59,0.004175371410480592
2026-01-25 21:00:00,0.336,0.3394,0.3359,0.3391,384827.56,0.009183889168388772
2026-01-25 22:00:00,0.3391,0.3393,0.3366,0.3386,318486.13,-0.0014755794325580294
2026-01-25 23:00:00,0.3387,0.3397,0.337,0.3391,163588.27,0.0014755794325580942
2026-01-26 00:00:00,0.3391,0.3449,0.3388,0.344,631818.43,0.014346608241805338
2026-01-26 01:00:00,0.344,0.3495,0.3437,0.3485,432790.63,0.012996572827180137
2026-01-26 02:00:00,0.3486,0.3488,0.3456,0.3463,243709.14,-0.006332778792202217
2026-01-26 03:00:00,0.3463,0.3478,0.3441,0.3448,155226.27,-0.004340912618838213
2026-01-26 04:00:00,0.3452,0.3498,0.3452,0.3474,169619.56,0.007512315017466559
2026-01-26 05:00:00,0.3476,0.3482,0.3467,0.3479,150340.79,0.0014382283508917433
2026-01-26 06:00:00,0.3478,0.3489,0.3463,0.3481,162059.45,0.0005747126594968735
2026-01-26 07:00:00,0.3482,0.3496,0.3471,0.3482,279665.19,0.0002872325166954532
2026-01-26 08:00:00,0.3482,0.3517,0.3473,0.3486,405704.18,0.0011481057518319265
2026-01-26 09:00:00,0.3487,0.3487,0.345,0.3454,199048.85,-0.009221967373342401
2026-01-26 10:00:00,0.3454,0.3479,0.3454,0.3472,103589.97,0.005197817073616917
2026-01-26 11:00:00,0.3472,0.3484,0.3466,0.3472,89107.01,0.0
2026-01-26 12:00:00,0.3471,0.3484,0.3469,0.3478,290425.25,0.001726619133987503
2026-01-26 13:00:00,0.3479,0.3497,0.3476,0.3497,142039.04,0.00544804214914746
2026-01-26 14:00:00,0.3497,0.3547,0.3479,0.3539,970315.58,0.011938743282087442
2026-01-26 15:00:00,0.3539,0.3584,0.3507,0.3522,906811.72,-0.004815191289311877
2026-01-26 16:00:00,0.3524,0.3547,0.3507,0.3532,540093.07,0.0028352726676992963
2026-01-26 17:00:00,0.3532,0.3542,0.3495,0.3529,323832.65,-0.0008497380485806637
2026-01-26 18:00:00,0.3528,0.3558,0.3522,0.3541,483756.32,0.0033946284366337155
2026-01-26 19:00:00,0.3542,0.3551,0.3518,0.3521,250874.85,-0.005664132956851241
2026-01-26 20:00:00,0.3521,0.3526,0.3496,0.3501,131804.12,-0.0056963982003867975
2026-01-26 21:00:00,0.3501,0.3544,0.3491,0.3533,263435.11,0.009098726404479509
2026-01-26 22:00:00,0.3532,0.354,0.3516,0.3525,101593.02,-0.0022669321127762286
2026-01-26 23:00:00,0.3524,0.3542,0.3514,0.3521,73017.2,-0.0011353960913164287
2026-01-27 00:00:00,0.3522,0.3527,0.3512,0.3523,58546.62,0.0005678591861851319
2026-01-27 01:00:00,0.3524,0.355,0.3512,0.3539,220616.7,0.004531302004225751
2026-01-27 02:00:00,0.3539,0.3552,0.3536,0.3546,368132.03,0.0019760062886900118
2026-01-27 03:00:00,0.3546,0.3547,0.3525,0.3527,252126.75,-0.005372556398101252
2026-01-27 04:00:00,0.3526,0.3549,0.3525,0.3532,142017.58,0.0014166314877987211
2026-01-27 05:00:00,0.3533,0.3533,0.3518,0.3523,108308.15,-0.0025513833826130696
2026-01-27 06:00:00,0.3525,0.3528,0.351,0.351,99078.41,-0.003696861881326203
2026-01-27 07:00:00,0.3512,0.3525,0.351,0.3519,130156.51,0.0025608208616736505
2026-01-27 08:00:00,0.3519,0.3529,0.3509,0.3515,145780.17,-0.001137333076819919
2026-01-27 09:00:00,0.3515,0.3515,0.349,0.3493,97161.93,-0.006278559437933268
2026-01-27 10:00:00,0.3493,0.3502,0.3493,0.3496,89106.05,0.0008584919685941888
2026-01-27 11:00:00,0.3498,0.3514,0.3492,0.3506,137897.84,0.0028563287057536365
2026-01-27 12:00:00,0.3506,0.3508,0.3493,0.3498,176986.04,-0.002284409902632482
2026-01-27 13:00:00,0.35,0.3503,0.3477,0.3484,87999.72,-0.004010317606154034
2026-01-27 14:00:00,0.3483,0.3527,0.3482,0.3492,638341.95,0.0022935789870993646
2026-01-27 15:00:00,0.3492,0.3519,0.3487,0.3516,251387.74,0.006849341845574768
2026-01-27 16:00:00,0.3517,0.3576,0.3516,0.3574,1129010.08,0.016361436914305576
2026-01-27 17:00:00,0.3574,0.3578,0.3493,0.3503,1048185.55,-0.02006567252188649
2026-01-27 18:00:00,0.3504,0.357,0.3499,0.3558,451773.4,0.015578845028293613
2026-01-27 19:00:00,0.3557,0.3561,0.3541,0.3555,137705.39,-0.0008435259884392981
2026-01-27 20:00:00,0.3557,0.3626,0.3556,0.3618,877692.63,0.017566323717899283
2026-01-27 21:00:00,0.3618,0.3634,0.3596,0.3598,385400.3,-0.005543251444762005
2026-01-27 22:00:00,0.36,0.3627,0.36,0.361,235305.08,0.0033296368164481794
2026-01-27 23:00:00,0.3613,0.3623,0.3606,0.3611,149859.83,0.000276969950531075
2026-01-28 00:00:00,0.3609,0.3615,0.3579,0.3595,213689.73827983,-0.00444075112231065
2026-01-28 01:00:00,0.3595,0.3595,0.3563,0.3576,164760.75,-0.0052991338617422905
2026-01-28 02:00:00,0.3575,0.3587,0.3567,0.3579,230326.72,0.0008385744726211675
2026-01-28 03:00:00,0.3579,0.3583,0.3562,0.3569,158064.8,-0.0027979872758654768
2026-01-28 04:00:00,0.3566,0.3568,0.355,0.3557,114969.31,-0.003367951541705071
2026-01-28 05:00:00,0.3558,0.3576,0.3552,0.3572,95038.12,0.004208170047934541
2026-01-28 06:00:00,0.3572,0.3592,0.3569,0.3585,360770.71,0.003632811037331086
2026-01-28 07:00:00,0.3585,0.3589,0.3568,0.3575,85699.2,-0.002793297905612711
2026-01-28 08:00:00,0.3576,0.3587,0.3568,0.357,361567.34,-0.0013995803544232435
2026-01-28 09:00:00,0.3571,0.3614,0.3565,0.3611,445218.25,0.011419146503772947
2026-01-28 10:00:00,0.3612,0.3624,0.3599,0.3599,180498.95,-0.003328713198426995
2026-01-28 11:00:00,0.36,0.3645,0.3595,0.3645,259551.35,0.0127003363637277
2026-01-28 12:00:00,0.3644,0.365,0.3599,0.3611,450832.11,-0.009371623165300859
2026-01-28 13:00:00,0.3611,0.3636,0.361,0.3617,168530.31,0.0016602106746402274
2026-01-28 14:00:00,0.3617,0.3618,0.3582,0.3586,499965.35,-0.008607577787019921
2026-01-28 15:00:00,0.3587,0.3599,0.3547,0.3573,364825.65,-0.0036317961416682592
2026-01-28 16:00:00,0.3571,0.3592,0.3561,0.3569,139906.66,-0.0011201345332495333
2026-01-28 17:00:00,0.357,0.3615,0.3553,0.3599,431457.59,0.008370584588870272
2026-01-28 18:00:00,0.36,0.36,0.3556,0.3575,356745.81,-0.006690852950922687
2026-01-28 19:00:00,0.3575,0.3594,0.3558,0.3585,783220.62886155,0.0027932979056126536
2026-01-28 20:00:00,0.3582,0.3615,0.3568,0.3574,655005.59,-0.0030730573143473573
2026-01-28 21:00:00,0.3577,0.3593,0.3551,0.3586,695460.41,0.0033519584457047734
2026-01-28 22:00:00,0.3585,0.3605,0.357,0.3603,263380.12,0.0047294565830152385
2026-01-28 23:00:00,0.3603,0.361,0.358,0.3583,328198.99,-0.0055663934431393804
2026-01-29 00:00:00,0.3585,0.3591,0.3552,0.3568,383582.7,-0.0041952236050538
2026-01-29 01:00:00,0.3567,0.3574,0.3528,0.3544,294200.91,-0.0067491819749284495
2026-01-29 02:00:00,0.3544,0.3557,0.3495,0.3506,878958.26,-0.010780246243791654
2026-01-29 03:00:00,0.3506,0.3532,0.3499,0.3511,215409.4,0.0014251106872525093
2026-01-29 04:00:00,0.3511,0.3512,0.3476,0.3501,548687.28,-0.0028522552137665203
2026-01-29 05:00:00,0.3502,0.3514,0.3498,0.3504,214723.59,0.0008565311016162061
2026-01-29 06:00:00,0.3505,0.3519,0.3502,0.3519,215698.75,0.004271685265303196
2026-01-29 07:00:00,0.3518,0.3525,0.351,0.3515,239917.21,-0.001137333076819919
2026-01-29 08:00:00,0.3514,0.3517,0.3492,0.35,352346.72,-0.004276556767260194
2026-01-29 09:00:00,0.3499,0.3503,0.3489,0.349,152471.77,-0.002861232281032235
2026-01-29 10:00:00,0.349,0.3491,0.3474,0.3482,217390.16,-0.002294894868338402
2026-01-29 11:00:00,0.3483,0.3485,0.346,0.3466,427277.8,-0.004605650052582934
2026-01-29 12:00:00,0.3466,0.3469,0.3443,0.3452,329189.42,-0.004047418072232826
2026-01-29 13:00:00,0.3451,0.3468,0.3451,0.3465,233600.33,0.003758859420684893
2026-01-29 14:00:00,0.3465,0.3472,0.3387,0.3391,1011213.63,-0.021587769498364873
2026-01-29 15:00:00,0.3392,0.3392,0.3299,0.3333,2451299.98227208,-0.017252063817898983
2026-01-29 16:00:00,0.3333,0.3366,0.3306,0.3365,1308173.84,0.009555163771088528
2026-01-29 17:00:00,0.3364,0.3409,0.3336,0.3343,782115.28,-0.006559355658729658
2026-01-29 18:00:00,0.3342,0.3354,0.3283,0.3283,1954511.79,-0.018110968918505936
2026-01-29 19:00:00,0.3282,0.3321,0.3273,0.331,832963.87,0.008190550869516105
2026-01-29 20:00:00,0.3308,0.3342,0.3301,0.3336,522498.52613655,0.007824295107528705
2026-01-29 21:00:00,0.3336,0.3359,0.3336,0.3351,547312.1,0.004486324258673106
2026-01-29 22:00:00,0.3351,0.3364,0.3347,0.3351,505768.89,0.0
2026-01-29 23:00:00,0.335,0.3351,0.3331,0.3346,285863.02,-0.001493206190541101
2026-01-30 00:00:00,0.3347,0.3359,0.3334,0.3342,318478.58,-0.0011961723914302779
2026-01-30 01:00:00,0.3343,0.3348,0.3183,0.3269,6306271.53,-0.022085302431128363
2026-01-30 02:00:00,0.3269,0.327,0.3207,0.3247,1173787.21,-0.006752634621364731
2026-01-30 03:00:00,0.325,0.3267,0.3244,0.325,1154412.12772223,0.0009235032209371943
2026-01-30 04:00:00,0.3251,0.3298,0.325,0.3282,516382.38,0.00979799632625303
2026-01-30 05:00:00,0.3282,0.3289,0.3268,0.3269,252924.4,-0.003968864925825449
2026-01-30 06:00:00,0.3268,0.327,0.3198,0.3218,800194.42,-0.01572407917188225
2026-01-30 07:00:00,0.3217,0.3267,0.3217,0.3258,477945.39,0.01235346160966185
2026-01-30 08:00:00,0.3255,0.3257,0.3217,0.3228,474237.26,-0.009250759772150998
2026-01-30 09:00:00,0.3228,0.3238,0.3206,0.3223,455759.61072294,-0.001550147574401562
2026-01-30 10:00:00,0.3223,0.3239,0.3215,0.3238,332176.36,0.004643252422142538
2026-01-30 11:00:00,0.3237,0.3292,0.3234,0.3279,458126.34,0.012582642607067944
2026-01-30 12:00:00,0.328,0.3284,0.3247,0.3255,300605.12,-0.007346222201978702
2026-01-30 13:00:00,0.3254,0.3261,0.3216,0.3236,805647.16,-0.005854276464287313
2026-01-30 14:00:00,0.3236,0.3283,0.3236,0.3255,733226.39,0.00585427646428726
2026-01-30 15:00:00,0.3256,0.328,0.3209,0.3258,893131.31,0.0009212345193206184
2026-01-30 16:00:00,0.3257,0.3284,0.3235,0.3256,1159360.23,-0.0006140620395594097
2026-01-30 17:00:00,0.3257,0.3282,0.3238,0.3252,580927.41,-0.0012292564547297443
2026-01-30 18:00:00,0.3252,0.3308,0.3161,0.3288,2202414.19,0.011009285508369396
2026-01-30 19:00:00,0.3289,0.3319,0.3284,0.3291,967691.85,0.0009119927672694428
2026-01-30 20:00:00,0.329,0.3291,0.3231,0.3237,1823206.56,-0.01654449501709566
2026-01-30 21:00:00,0.3238,0.3271,0.3233,0.3246,699509.48,0.002776494148292223
2026-01-30 22:00:00,0.3247,0.325,0.3219,0.3234,532023.33,-0.003703707937484303
2026-01-30 23:00:00,0.3235,0.3235,0.3201,0.3208,609645.14,-0.008072071150647182
2026-01-31 00:00:00,0.3209,0.3212,0.3195,0.3202,326060.55,-0.0018720754297450852
2026-01-31 01:00:00,0.3201,0.3223,0.3201,0.3211,326785.6,0.0028068005328540668
2026-01-31 02:00:00,0.3212,0.3212,0.3181,0.3198,328118.56,-0.00405680069561443
2026-01-31 03:00:00,0.3198,0.3205,0.3183,0.3186,154091.44,-0.00375940292390559
2026-01-31 04:00:00,0.3186,0.3192,0.3147,0.3157,1409005.05,-0.009144001912002276
2026-01-31 05:00:00,0.3157,0.3164,0.3127,0.3158,995981.07,0.00031670625759596635
2026-01-31 06:00:00,0.3159,0.3164,0.3113,0.3115,936552.23,-0.013709763594034014
2026-01-31 07:00:00,0.3115,0.313,0.3103,0.3124,915731.7,0.0028850797380231556
2026-01-31 08:00:00,0.3125,0.3128,0.3071,0.3103,2098136.97,-0.006744846511196395
2026-01-31 09:00:00,0.3103,0.3125,0.3097,0.3111,684973.7,0.0025748324492567134
2026-01-31 10:00:00,0.311,0.3132,0.3103,0.3111,430642.99,0.0
2026-01-31 11:00:00,0.3113,0.3115,0.3093,0.3104,532724.06,-0.002252615594527634
2026-01-31 12:00:00,0.3104,0.3109,0.3093,0.3099,602260.06,-0.0016121235153611255
2026-01-31 13:00:00,0.3099,0.3102,0.3071,0.308,1080318.97,-0.00614988182012815
2026-01-31 14:00:00,0.3082,0.3089,0.294,0.2986,5373332.92,-0.030994897868484552
2026-01-31 15:00:00,0.2985,0.3006,0.2959,0.2962,2423187.31,-0.008069983271391514
2026-01-31 16:00:00,0.2962,0.3003,0.2908,0.2924,2223498.53,-0.012912173958075004
2026-01-31 17:00:00,0.2924,0.2934,0.277,0.2844,6871247.22,-0.027741029946537682
2026-01-31 18:00:00,0.2845,0.2872,0.2689,0.284,6513578.98,-0.0014074597678798285
2026-01-31 19:00:00,0.2842,0.287,0.2826,0.2853,3321676.56,0.004567020058248322
2026-01-31 20:00:00,0.2854,0.2875,0.282,0.2856,883909.1797815,0.0010509722459750015
2026-01-31 21:00:00,0.2855,0.2918,0.2847,0.2906,933263.48,0.017355520670753147
2026-01-31 22:00:00,0.2911,0.2914,0.2873,0.2888,621029.2,-0.006213344117511435
2026-01-31 23:00:00,0.2888,0.2957,0.2883,0.2938,1230251.28,0.017164856721105768
2026-02-01 00:00:00,0.2937,0.2966,0.2934,0.2956,1696775.79,0.006107925334269619
2026-02-01 01:00:00,0.2956,0.2959,0.2916,0.2956,1823661.47,0.0
2026-02-01 02:00:00,0.2957,0.2978,0.2942,0.2961,1249235.65,0.001690046033498884
2026-02-01 03:00:00,0.2961,0.2968,0.2951,0.2958,999829.72,-0.0010136848308460091
2026-02-01 04:00:00,0.2959,0.2977,0.2957,0.297,1073713.34,0.004048588526000111
2026-02-01 05:00:00,0.2969,0.2973,0.2945,0.295,779460.66,-0.0067567824628797625
2026-02-01 06:00:00,0.295,0.2963,0.2935,0.2945,658041.12,-0.001696353248178402
2026-02-01 07:00:00,0.2947,0.2991,0.2929,0.2963,1888371.65,0.00609345148787835
2026-02-01 08:00:00,0.2963,0.2979,0.2948,0.2965,869043.63,0.0006747638582605389
2026-02-01 09:00:00,0.2966,0.298,0.2952,0.2977,799060.65,0.004039049583950575
2026-02-01 10:00:00,0.2977,0.2979,0.2919,0.2921,741193.1,-0.018990058628035406
2026-02-01 11:00:00,0.292,0.2963,0.292,0.2954,795864.02,0.011234160703583983
2026-02-01 12:00:00,0.2955,0.2956,0.2925,0.2935,923011.23,-0.006452730829128283
2026-02-01 13:00:00,0.2934,0.2967,0.2926,0.2937,1273091.64,0.0006811989364233845
2026-02-01 14:00:00,0.2937,0.2952,0.2888,0.2928,1983146.68,-0.0030690561174178833
2026-02-01 15:00:00,0.2928,0.2929,0.2848,0.2895,1470697.19,-0.011334485074106643
2026-02-01 16:00:00,0.2894,0.2916,0.2866,0.2878,1368103.04,-0.005889502559782431
2026-02-01 17:00:00,0.2878,0.2886,0.2847,0.2873,871942.25,-0.001738828468023611
2026-02-01 18:00:00,0.2873,0.2928,0.2873,0.2904,1241894.58,0.010732316965397237
2026-02-01 19:00:00,0.2903,0.291,0.2856,0.2867,766360.54220794,-0.01282291006131682
2026-02-01 20:00:00,0.2869,0.2908,0.2844,0.2878,726916.36,0.003829421563943182
2026-02-01 21:00:00,0.2878,0.288,0.2849,0.2859,614619.11,-0.006623695125001397
2026-02-01 22:00:00,0.2862,0.291,0.2857,0.2883,1184086.99,0.008359505316090508
2026-02-01 23:00:00,0.2883,0.2907,0.279,0.2858,2439490.86,-0.008709339148589477
2026-02-02 00:00:00,0.286,0.2921,0.2834,0.2893,2960754.2,0.012171946486322497
2026-02-02 01:00:00,0.2893,0.2935,0.2855,0.2907,5528853.65,0.004827595582740889
2026-02-02 02:00:00,0.2907,0.2919,0.287,0.2873,6451804.68,-0.01176484157958637
2026-02-02 03:00:00,0.2875,0.2881,0.2746,0.2862,10499022.2,-0.003836098862893295
2026-02-02 04:00:00,0.2865,0.29,0.2817,0.285,1635480.08418823,-0.004201686853700081
2026-02-02 05:00:00,0.2849,0.285,0.277,0.2796,3328947.47,-0.01912916990899519
2026-02-02 06:00:00,0.2796,0.2884,0.2757,0.2843,7537271.54,0.016670008297298932
2026-02-02 07:00:00,0.2842,0.2876,0.2833,0.2842,1001833.78,-0.00035180299395383153
2026-02-02 08:00:00,0.2842,0.2898,0.2842,0.289,777446.95,0.01674847244943169
2026-02-02 09:00:00,0.289,0.2931,0.2874,0.2921,1525947.48,0.010669521281263172
2026-02-02 10:00:00,0.2922,0.2935,0.2914,0.2923,691375.36,0.0006844627235049445
2026-02-02 11:00:00,0.2923,0.2948,0.2921,0.2925,1105220.81,0.0006839945547107652
2026-02-02 12:00:00,0.2926,0.2966,0.2926,0.2958,568407.64,0.011218883604788244
2026-02-02 13:00:00,0.2957,0.2973,0.2947,0.2968,515924.0,0.0033749610165260007
2026-02-02 14:00:00,0.2967,0.3026,0.295,0.2987,1664517.37,0.006381213928838883
2026-02-02 15:00:00,0.2987,0.3026,0.298,0.3015,1798130.61,0.009330290945175885
2026-02-02 16:00:00,0.3015,0.3027,0.2998,0.3004,4334780.5,-0.0036550962772603926
2026-02-02 17:00:00,0.3004,0.3019,0.2991,0.3006,2031540.05,0.0006655574288942606
2026-02-02 18:00:00,0.3005,0.3035,0.2996,0.3026,1298156.99,0.006631324035381383
2026-02-02 19:00:00,0.3026,0.3033,0.3002,0.3006,2323782.71,-0.006631324035381451
2026-02-02 20:00:00,0.3006,0.3017,0.2979,0.2995,3774015.05,-0.0036660597633700618
2026-02-02 21:00:00,0.2996,0.3015,0.299,0.3008,3544704.76,0.004331174520180879
2026-02-02 22:00:00,0.3009,0.3012,0.2995,0.3003,853876.85,-0.001663617086400143
2026-02-02 23:00:00,0.3004,0.3005,0.2988,0.2991,241346.14,-0.004004009353382342
2026-02-03 00:00:00,0.2993,0.3006,0.2976,0.3003,2937635.85,0.0040040093533824025
2026-02-03 01:00:00,0.3002,0.3004,0.2981,0.2999,1335270.55,-0.0013328892343212543
2026-02-03 02:00:00,0.3,0.3,0.2941,0.2945,448118.78,-0.01817008266332205
2026-02-03 03:00:00,0.2944,0.2997,0.2935,0.2994,1365708.24,0.016501468893886588
2026-02-03 04:00:00,0.2995,0.3018,0.2979,0.3013,1864412.22,0.006325974150727704
2026-02-03 05:00:00,0.3015,0.3016,0.2978,0.2978,285179.11,-0.011684325886346911
2026-02-03 06:00:00,0.2979,0.2987,0.2959,0.2981,520787.21,0.00100688043411694
2026-02-03 07:00:00,0.2981,0.3009,0.2971,0.2993,374189.29,0.004017414174627535
2026-02-03 08:00:00,0.2993,0.3007,0.2978,0.2982,328705.22,-0.0036820125280151526
2026-02-03 09:00:00,0.2982,0.2991,0.2941,0.2964,499907.97,-0.0060545089087062605
2026-02-03 10:00:00,0.2964,0.2972,0.2949,0.2957,155408.96,-0.0023644665635002278
2026-02-03 11:00:00,0.2958,0.2979,0.2958,0.2973,260929.15025789,0.005396303145620488
2026-02-03 12:00:00,0.2974,0.2999,0.2964,0.2992,345541.52,0.006370516096270138
2026-02-03 13:00:00,0.2991,0.3003,0.2984,0.2997,284082.49,0.0016697282222953823
2026-02-03 14:00:00,0.2998,0.3003,0.2942,0.2943,1997734.6,-0.018182319083190474
2026-02-03 15:00:00,0.2941,0.3048,0.2933,0.3038,3230340.3,0.0317699349222455
2026-02-03 16:00:00,0.3041,0.3041,0.2947,0.2957,1593842.46,-0.027024163303240888
2026-02-03 17:00:00,0.2956,0.2961,0.287,0.2873,1451354.17,-0.028818460873187738
2026-02-03 18:00:00,0.2875,0.2892,0.2818,0.2824,2571989.04,-0.017202460366156927
2026-02-03 19:00:00,0.2823,0.2963,0.2821,0.2953,2700880.0491369,0.044667283130790124
2026-02-03 20:00:00,0.2948,0.3046,0.2908,0.3013,2506848.82,0.02011465738637852
2026-02-03 21:00:00,0.3012,0.3036,0.2961,0.2968,755852.31,-0.015047934843030178
2026-02-03 22:00:00,0.2969,0.2969,0.2918,0.2928,292718.42,-0.013568729206068903
2026-02-03 23:00:00,0.2927,0.2931,0.2898,0.2917,328572.13563451,-0.0037639052134807493
2026-02-04 00:00:00,0.2917,0.2957,0.2908,0.2943,591744.58,0.00887377836575135
2026-02-04 01:00:00,0.2944,0.2993,0.2944,0.2972,1606075.17,0.009805657604177056
2026-02-04 02:00:00,0.2971,0.2978,0.2941,0.2951,948987.03704739,-0.0070910308947105755
2026-02-04 03:00:00,0.295,0.3018,0.2947,0.3011,985033.06,0.020128153538794522
2026-02-04 04:00:00,0.3011,0.3026,0.2995,0.2997,286648.33,-0.0046604611650704645
2026-02-04 05:00:00,0.2997,0.3,0.2964,0.2973,197330.6,-0.00804024431856557
2026-02-04 06:00:00,0.2974,0.3005,0.2969,0.2994,4984033.96523494,0.0070387419814760535
2026-02-04 07:00:00,0.2993,0.301,0.2978,0.2999,3163001.53,0.0016686137694355162
2026-02-04 08:00:00,0.2999,0.3026,0.2987,0.3023,1035119.69,0.007970816030449008
2026-02-04 09:00:00,0.3023,0.3024,0.2984,0.3001,2639479.17,-0.007304149339091097
2026-02-04 10:00:00,0.3002,0.3009,0.2995,0.2998,499908.22,-0.001000166777824008
2026-02-04 11:00:00,0.2998,0.2998,0.2944,0.2972,1828077.98418318,-0.00871027282489325
2026-02-04 12:00:00,0.2974,0.2978,0.2955,0.2965,678577.86,-0.002358094405824024
2026-02-04 13:00:00,0.2964,0.2966,0.2915,0.2917,1783084.22,-0.016321341564104256
2026-02-04 14:00:00,0.2917,0.294,0.2866,0.287,2255420.45,-0.01624366111405475
2026-02-04 15:00:00,0.287,0.2911,0.2834,0.2867,1574699.3,-0.0010458428702968155
2026-02-04 16:00:00,0.2866,0.2889,0.2827,0.2859,1544454.24,-0.0027942735610581343
2026-02-04 17:00:00,0.2858,0.2882,0.2821,0.2856,1153202.12,-0.0010498688628367036
2026-02-04 18:00:00,0.2858,0.2915,0.2814,0.2876,1769455.52,0.006978395381462278
2026-02-04 19:00:00,0.2878,0.2934,0.2866,0.2923,1082598.02,0.016210046270308583
2026-02-04 20:00:00,0.2925,0.2931,0.289,0.2895,430748.96,-0.009625375104150352
2026-02-04 21:00:00,0.2895,0.2903,0.2829,0.2853,819592.73,-0.014614038793595515
2026-02-04 22:00:00,0.2855,0.2895,0.2802,0.2835,1480079.78,-0.006329135051647624
2026-02-04 23:00:00,0.2834,0.2891,0.2829,0.2864,1345689.35,0.010177311918683776
2026-02-05 00:00:00,0.2864,0.2879,0.285,0.2863,1080315.39,-0.0003492229824211861
2026-02-05 01:00:00,0.2864,0.2899,0.2838,0.2861,2706520.48,-0.0006988120480046833
2026-02-05 02:00:00,0.2862,0.2894,0.2837,0.2842,2393350.0,-0.006663184393064327
2026-02-05 03:00:00,0.2843,0.2867,0.2823,0.2828,921833.8,-0.004938281640582566
2026-02-05 04:00:00,0.2829,0.2852,0.2815,0.2833,976307.37,0.00176647281405321
2026-02-05 05:00:00,0.2835,0.2869,0.28,0.2839,1478833.6,0.00211565664245457
2026-02-05 06:00:00,0.284,0.2844,0.2786,0.2798,926142.57,-0.014547001247544647
2026-02-05 07:00:00,0.2797,0.2836,0.2789,0.2792,724371.41,-0.0021466913431633008
2026-02-05 08:00:00,0.2795,0.2827,0.2794,0.2808,385708.57,0.005714301263438635
2026-02-05 09:00:00,0.2808,0.284,0.2794,0.2803,589210.66,-0.0017822139809134162
2026-02-05 10:00:00,0.2805,0.2806,0.2714,0.2729,1234786.45,-0.026755030456449835
2026-02-05 11:00:00,0.2728,0.2746,0.2672,0.2721,3543367.58,-0.002935781925092103
2026-02-05 12:00:00,0.2721,0.2733,0.2692,0.272,1227638.81,-0.000367579493203307
2026-02-05 13:00:00,0.2721,0.2745,0.2694,0.2701,1005665.82,-0.007009805497427515
2026-02-05 14:00:00,0.2701,0.2779,0.2701,0.2718,1812657.52,0.006274240918473341
2026-02-05 15:00:00,0.2719,0.2727,0.2576,0.2624,4843973.30922363,-0.035196444647109276
2026-02-05 16:00:00,0.2624,0.2675,0.2599,0.2653,2554959.45,0.010991204073759933
2026-02-05 17:00:00,0.2654,0.2665,0.2553,0.2581,2414777.7431287,-0.027514154419125674
2026-02-05 18:00:00,0.2582,0.2603,0.2538,0.2589,1962594.74,0.0030947800329239393
2026-02-05 19:00:00,0.259,0.2591,0.2532,0.2538,1292113.01,-0.019895331477204615
2026-02-05 20:00:00,0.2539,0.2562,0.2437,0.2478,4575335.67,-0.023924586085245364
2026-02-05 21:00:00,0.2478,0.2546,0.245,0.2472,2665889.47,-0.00242424361150628
2026-02-05 22:00:00,0.2472,0.2524,0.2438,0.2493,1652855.15,0.008459264945976543
2026-02-05 23:00:00,0.2494,0.2545,0.2445,0.2455,2100539.19,-0.015360043294936898
2026-02-06 00:00:00,0.2455,0.2473,0.2207,0.2439,24604460.44496116,-0.0065386420127006625
2026-02-06 01:00:00,0.244,0.2526,0.2428,0.2516,2658629.984289,0.031082219604410877
2026-02-06 02:00:00,0.252,0.2538,0.2447,0.246,1415232.59,-0.02250898889392259
2026-02-06 03:00:00,0.2463,0.2495,0.2458,0.2489,1114959.06,0.011719673441183673
2026-02-06 04:00:00,0.2491,0.2528,0.2481,0.2512,719603.32,0.009198225220497265
2026-02-06 05:00:00,0.2513,0.2589,0.2508,0.2578,1149042.13,0.025934655911043315
2026-02-06 06:00:00,0.258,0.2593,0.2539,0.2543,1159505.66,-0.013669418077012892
2026-02-06 07:00:00,0.2544,0.2546,0.2511,0.2514,1107154.61,-0.011469376271926972
2026-02-06 08:00:00,0.2515,0.2527,0.2489,0.251,1257844.66,-0.0015923570243631946
2026-02-06 09:00:00,0.251,0.2578,0.25,0.257,1355523.43,0.023623145763435893
2026-02-06 10:00:00,0.2571,0.2629,0.2563,0.262,1616228.23,0.019268418865876987
2026-02-06 11:00:00,0.262,0.2638,0.2607,0.2615,855901.13,-0.0019102202561192376
2026-02-06 12:00:00,0.2616,0.2627,0.26,0.2626,783138.94,0.004197678363718095
2026-02-06 13:00:00,0.2626,0.2662,0.262,0.2646,3336517.52,0.007587289812159606
2026-02-06 14:00:00,0.2646,0.2722,0.2621,0.2711,2373494.59132891,0.024268504823764643
2026-02-06 15:00:00,0.271,0.2748,0.2689,0.2734,2177762.16,0.008448167785229313
2026-02-06 16:00:00,0.2736,0.2806,0.2727,0.2784,1597759.12,0.018123004170415423
2026-02-06 17:00:00,0.2784,0.2842,0.2768,0.2806,1824039.34,0.007871239208096077
2026-02-06 18:00:00,0.2806,0.2813,0.275,0.2777,885141.39,-0.010388773355606742
2026-02-06 19:00:00,0.2779,0.2786,0.2759,0.2782,583160.65,0.001798885176588655
2026-02-06 20:00:00,0.2782,0.2787,0.278,0.2784,15204.12,0.0007186489709219531
