timestamp,open,high,low,close,volume,returns
2025-12-06 14:00:00,0.13981,0.14076,0.13957,0.14003,4093923.4924,0.001715388884648405
2025-12-06 15:00:00,0.14004,0.14009,0.13904,0.13959,2254420.2615,-0.00314713084301885
2025-12-06 16:00:00,0.13957,0.14039,0.13953,0.13976,1870542.9513,0.0012171113011343604
2025-12-06 17:00:00,0.13974,0.14028,0.13959,0.13989,1388744.4838,0.000929733662538081
2025-12-06 18:00:00,0.13988,0.14057,0.13972,0.13992,1403268.2559,0.00021443122200735844
2025-12-06 19:00:00,0.13991,0.14008,0.13908,0.13934,2319662.4287,-0.0041538411083737155
2025-12-06 20:00:00,0.13935,0.13977,0.13923,0.13975,944368.2389,0.002938122433235833
2025-12-06 21:00:00,0.13974,0.14049,0.13957,0.13994,2701192.997,0.0013586472825421803
2025-12-06 22:00:00,0.13992,0.14022,0.13951,0.13958,1215308.3617,-0.0025758457287451283
2025-12-06 23:00:00,0.13963,0.13978,0.13909,0.13972,1407416.9123,0.0010025063496255707
2025-12-07 00:00:00,0.13975,0.14034,0.13969,0.14016,1915394.8873,0.003144207249450012
2025-12-07 01:00:00,0.14017,0.14029,0.1396,0.1396,1088167.5731,-0.0040034368598092455
2025-12-07 02:00:00,0.13958,0.14041,0.13958,0.14025,691217.1976,0.004645354074533617
2025-12-07 03:00:00,0.14023,0.14041,0.14,0.14034,927395.3701,0.0006415054213368221
2025-12-07 04:00:00,0.14032,0.14038,0.13981,0.14001,997008.7225,-0.0023542011943087546
2025-12-07 05:00:00,0.14003,0.14024,0.13994,0.14013,995210.0925,0.000856714552292399
2025-12-07 06:00:00,0.14012,0.14092,0.14008,0.14075,1150205.8946,0.004414703837673377
2025-12-07 07:00:00,0.1408,0.14082,0.13935,0.1395,1919477.6809,-0.008920665758379265
2025-12-07 08:00:00,0.13947,0.13981,0.13903,0.13921,1371129.0716,-0.0020810168609445116
2025-12-07 09:00:00,0.13921,0.13944,0.13846,0.13874,1889442.3887,-0.0033819064433205743
2025-12-07 10:00:00,0.13875,0.13929,0.13864,0.13883,1099900.40087196,0.0006484850895557779
2025-12-07 11:00:00,0.13883,0.1391,0.13874,0.13891,988815.5514,0.0005760783625869476
2025-12-07 12:00:00,0.13893,0.13989,0.13883,0.1397,1118511.9097,0.005671024853618232
2025-12-07 13:00:00,0.13973,0.13974,0.13788,0.13825,2227402.2689,-0.010433625860471833
2025-12-07 14:00:00,0.13823,0.13828,0.13483,0.1352,9817707.0275,-0.022308476793580615
2025-12-07 15:00:00,0.13513,0.13955,0.13506,0.13934,7685779.4288,0.030161825993109192
2025-12-07 16:00:00,0.1393,0.1393,0.13821,0.13924,2825648.2046,-0.0007179266587345613
2025-12-07 17:00:00,0.13923,0.14209,0.13865,0.14145,5935420.0781,0.01574723480433804
2025-12-07 18:00:00,0.14152,0.14289,0.14152,0.1422,2359508.922,0.005288219621564382
2025-12-07 19:00:00,0.14223,0.14234,0.14127,0.14205,1555923.7817,-0.001055409068943492
2025-12-07 20:00:00,0.14206,0.14226,0.1418,0.14216,1355959.6178,0.0007740755461988979
2025-12-07 21:00:00,0.1421,0.1421,0.13844,0.13923,2858052.2229,-0.02082594192520184
2025-12-07 22:00:00,0.13919,0.13919,0.13581,0.13773,9208134.3466,-0.010831994991953727
2025-12-07 23:00:00,0.13772,0.13877,0.13745,0.13867,2920197.7587,0.006801762836532373
2025-12-08 00:00:00,0.13866,0.13923,0.13801,0.13821,2394585.59395187,-0.0033227421498375027
2025-12-08 01:00:00,0.13815,0.14149,0.13815,0.14,5017501.82866752,0.012868154993369053
2025-12-08 02:00:00,0.14001,0.14066,0.13964,0.1405,1354083.8493,0.0035650661644961446
2025-12-08 03:00:00,0.14057,0.14072,0.14009,0.14031,961391.341,-0.0013532283678960573
2025-12-08 04:00:00,0.14032,0.14142,0.14028,0.14092,1402799.5435,0.004338093067132343
2025-12-08 05:00:00,0.14094,0.14159,0.14068,0.14141,1033011.6553,0.0034711188466483374
2025-12-08 06:00:00,0.14143,0.14221,0.1413,0.14179,1066680.1382,0.0026836174297813417
2025-12-08 07:00:00,0.14176,0.14261,0.14154,0.14219,1670303.335,0.002817101658816537
2025-12-08 08:00:00,0.14219,0.14277,0.14194,0.14267,913616.5819,0.003370079718439758
2025-12-08 09:00:00,0.14267,0.1448,0.14261,0.14383,3297885.1821,0.008097775489074959
2025-12-08 10:00:00,0.14387,0.14413,0.14356,0.14383,1182363.6467,0.0
2025-12-08 11:00:00,0.14384,0.14401,0.143,0.14324,1161808.2899,-0.00411050148556592
2025-12-08 12:00:00,0.14327,0.14364,0.1427,0.14349,1721089.2479,0.0017438012300832375
2025-12-08 13:00:00,0.14349,0.14421,0.14326,0.14366,2496382.9559,0.0011840502863403176
2025-12-08 14:00:00,0.14372,0.145,0.14277,0.14337,4377252.6553,-0.002020695388479063
2025-12-08 15:00:00,0.14338,0.14401,0.1419,0.14246,4756332.9173,-0.00636744270796873
2025-12-08 16:00:00,0.14244,0.14395,0.14163,0.14299,2855645.5468,0.003713439194548103
2025-12-08 17:00:00,0.14294,0.14354,0.14173,0.14298,2524736.9795,-6.993740605016499e-05
2025-12-08 18:00:00,0.14303,0.14346,0.14119,0.14169,2887043.6016,-0.009063187762570165
2025-12-08 19:00:00,0.1417,0.14321,0.1417,0.14262,1534736.0621,0.006542178024021993
2025-12-08 20:00:00,0.14266,0.14381,0.14263,0.14359,1555139.7189,0.006778265706127829
2025-12-08 21:00:00,0.14362,0.14401,0.14299,0.14386,1722352.3404,0.0018785881329245746
2025-12-08 22:00:00,0.14388,0.14392,0.14284,0.14323,1875346.7985,-0.004388874647436383
2025-12-08 23:00:00,0.14322,0.14338,0.14192,0.1426,1743548.0431,-0.00440822181157811
2025-12-09 00:00:00,0.14256,0.14272,0.14153,0.14172,1501152.4597,-0.006190227982924214
2025-12-09 01:00:00,0.14172,0.14201,0.14045,0.1407,1969243.0068,-0.007223315876928039
2025-12-09 02:00:00,0.14074,0.14135,0.14056,0.14056,2189099.9413,-0.0009955202415015939
2025-12-09 03:00:00,0.14062,0.14177,0.14027,0.14162,2942414.0993,0.007512970344786071
2025-12-09 04:00:00,0.14163,0.14165,0.14037,0.14047,1945936.4972,-0.00815347138080932
2025-12-09 05:00:00,0.14045,0.14083,0.13988,0.14011,2477132.4553,-0.0025661144596784255
2025-12-09 06:00:00,0.14013,0.14043,0.13942,0.14012,1687615.8575,7.136994614581424e-05
2025-12-09 07:00:00,0.14017,0.14089,0.13984,0.1408,1313064.9716,0.004841245394656089
2025-12-09 08:00:00,0.1408,0.141,0.14043,0.14078,1581386.619,-0.00014205554395657388
2025-12-09 09:00:00,0.14076,0.14078,0.14005,0.14011,1087203.3736694,-0.00477055979684527
2025-12-09 10:00:00,0.14011,0.14052,0.1396,0.14021,2252532.3793,0.0007134703498999545
2025-12-09 11:00:00,0.14019,0.1409,0.13996,0.14088,1562311.5556,0.004767165454910524
2025-12-09 12:00:00,0.14086,0.14176,0.14066,0.14158,2213227.0048,0.0049564641580925745
2025-12-09 13:00:00,0.1416,0.14242,0.14136,0.14175,2839916.1702,0.0012000142618180944
2025-12-09 14:00:00,0.14179,0.14234,0.14053,0.14098,4429620.447,-0.005446906262131859
2025-12-09 15:00:00,0.14103,0.14681,0.14096,0.14627,13521261.5029,0.036836192553267484
2025-12-09 16:00:00,0.14631,0.15236,0.14631,0.1514,16049436.8873,0.03447111210435133
2025-12-09 17:00:00,0.15146,0.15316,0.15068,0.15092,7735779.17839154,-0.0031754459072387583
2025-12-09 18:00:00,0.15095,0.15199,0.1506,0.15127,4157960.1954,0.0023164244779981585
2025-12-09 19:00:00,0.15129,0.15154,0.15049,0.15089,2638777.5418,-0.002515225048547901
2025-12-09 20:00:00,0.15089,0.15154,0.14878,0.14916,5029069.6496,-0.011531539214939981
2025-12-09 21:00:00,0.14915,0.14988,0.14681,0.14796,5626882.2375,-0.008077588346366715
2025-12-09 22:00:00,0.14805,0.14926,0.14787,0.14871,5410275.7715,0.005056133736338977
2025-12-09 23:00:00,0.14863,0.14897,0.14794,0.14797,3576640.8279,-0.0049885501861495285
2025-12-10 00:00:00,0.14802,0.14824,0.14668,0.14672,2925406.8156,-0.00848354200628818
2025-12-10 01:00:00,0.14672,0.14715,0.14623,0.14666,2141941.7562,-0.00040902584250109404
2025-12-10 02:00:00,0.14664,0.14728,0.146,0.14728,2216605.9413,0.004218554259168804
2025-12-10 03:00:00,0.14724,0.1477,0.14685,0.14741,2243005.4931,0.0008822831343646241
2025-12-10 04:00:00,0.1474,0.14781,0.1469,0.1473,3009828.63681186,-0.000746496590602405
2025-12-10 05:00:00,0.14728,0.14769,0.14668,0.14689,1575450.9169,-0.0027873161252610482
2025-12-10 06:00:00,0.14686,0.14697,0.14654,0.14681,1696913.6126,-0.0005447735919544835
2025-12-10 07:00:00,0.14681,0.14681,0.14607,0.14668,2127895.2237,-0.0008858905482436614
2025-12-10 08:00:00,0.14669,0.14704,0.14638,0.14641,2187489.5041,-0.0018424379977344083
2025-12-10 09:00:00,0.1464,0.14752,0.14573,0.14739,3158581.3191,0.006671229643275659
2025-12-10 10:00:00,0.14736,0.14814,0.14563,0.14563,4455637.8699,-0.012012976354177468
2025-12-10 11:00:00,0.14563,0.14622,0.14521,0.1459,3333887.057,0.0018522970342508657
2025-12-10 12:00:00,0.14582,0.14592,0.14504,0.14576,1862666.4668,-0.0009600220170918192
2025-12-10 13:00:00,0.14574,0.14663,0.14557,0.14601,3608592.6766,0.001713679001824507
2025-12-10 14:00:00,0.14598,0.14601,0.14486,0.14552,4202924.48,-0.0033615783036057474
2025-12-10 15:00:00,0.14547,0.14608,0.14459,0.14518,3373832.5862,-0.002339182353172266
2025-12-10 16:00:00,0.14519,0.14628,0.14494,0.14585,3488692.2847,0.004604344457035978
2025-12-10 17:00:00,0.14582,0.1468,0.14537,0.1461,3094398.0323,0.0017126224429234568
2025-12-10 18:00:00,0.14612,0.14853,0.14575,0.14691,7752700.744,0.005528835625682031
2025-12-10 19:00:00,0.14695,0.1493,0.14543,0.14753,22261431.6125,0.004211390547139716
2025-12-10 20:00:00,0.14755,0.15032,0.14557,0.14619,12627234.7333,-0.009124399405951122
2025-12-10 21:00:00,0.14624,0.14682,0.14438,0.14455,5086683.9915,-0.011281677061169238
2025-12-10 22:00:00,0.14455,0.14523,0.14237,0.14438,6165070.3648,-0.001176755751340175
2025-12-10 23:00:00,0.14431,0.14476,0.14323,0.14335,2822268.867,-0.007159520381636095
2025-12-11 00:00:00,0.14329,0.1436,0.14051,0.14121,5324711.3087,-0.015041048248218239
2025-12-11 01:00:00,0.14115,0.14124,0.13947,0.13973,5418251.5827,-0.010536154988804185
2025-12-11 02:00:00,0.13966,0.13976,0.13818,0.13855,7634399.7649,-0.008480717783368999
2025-12-11 03:00:00,0.13846,0.13855,0.13721,0.13808,5084796.1536,-0.0033980439738695535
2025-12-11 04:00:00,0.13808,0.13908,0.13746,0.13889,6103431.5616,0.005849025593009842
2025-12-11 05:00:00,0.13884,0.13907,0.13832,0.13892,2792071.2104,0.00021597494774542423
2025-12-11 06:00:00,0.13881,0.13897,0.13796,0.13857,1683408.0061,-0.002522614765249459
2025-12-11 07:00:00,0.13858,0.13858,0.13803,0.13813,1433984.2491,-0.0031803423987552286
2025-12-11 08:00:00,0.13814,0.13814,0.13717,0.13805,1518667.4636,-0.0005793323357049806
2025-12-11 09:00:00,0.138,0.13824,0.13762,0.13777,1428473.2196,-0.00203031031965583
2025-12-11 10:00:00,0.13778,0.13816,0.13752,0.1381,1380698.0003,0.002392432358738647
2025-12-11 11:00:00,0.13801,0.13845,0.13784,0.13802,1592508.5506,-0.0005794582227906547
2025-12-11 12:00:00,0.138,0.1381,0.13756,0.13787,2039274.1862,-0.001087390008918176
2025-12-11 13:00:00,0.13788,0.13819,0.13765,0.13807,1893226.2206,0.0014495907445233633
2025-12-11 14:00:00,0.13806,0.13818,0.13659,0.13722,5544938.0513,-0.006175325665316096
2025-12-11 15:00:00,0.1372,0.13834,0.13676,0.13715,4269631.6085,-0.0005102598791326502
2025-12-11 16:00:00,0.1371,0.13762,0.13626,0.13691,2487597.0274,-0.0017514417379475788
2025-12-11 17:00:00,0.13701,0.13766,0.1368,0.13707,2284880.0745,0.001167968597625063
2025-12-11 18:00:00,0.137,0.13928,0.1369,0.13806,3171196.9,0.0071966290320397
2025-12-11 19:00:00,0.13806,0.13963,0.13788,0.13839,3852806.8007,0.0023874129625095237
2025-12-11 20:00:00,0.13837,0.14024,0.13834,0.14011,2963115.6819,0.012352042145301272
2025-12-11 21:00:00,0.14023,0.14278,0.14004,0.14175,11793219.1917,0.011637114224721301
2025-12-11 22:00:00,0.1418,0.14222,0.13993,0.14049,3115653.6045,-0.008928630744301207
2025-12-11 23:00:00,0.14051,0.1409,0.13995,0.14033,2856243.0671,-0.0011395201005156793
2025-12-12 00:00:00,0.14035,0.14076,0.1387,0.13875,2608440.1761,-0.011323039136500424
2025-12-12 01:00:00,0.13884,0.14068,0.13884,0.14035,3359783.7314,0.011465550181347489
2025-12-12 02:00:00,0.14033,0.14127,0.1401,0.14116,1953910.6678,0.005754695999177775
2025-12-12 03:00:00,0.14111,0.1413,0.14034,0.14058,1579441.2482,-0.0041172770593099674
2025-12-12 04:00:00,0.14055,0.14064,0.14014,0.14023,1152904.014,-0.002492790009199952
2025-12-12 05:00:00,0.14031,0.141,0.13977,0.14082,1832373.4952,0.004198547352427766
2025-12-12 06:00:00,0.14088,0.14156,0.1406,0.14083,1525849.043,7.10101189719355e-05
2025-12-12 07:00:00,0.14083,0.14092,0.14034,0.1406,1270246.032,-0.0016345098333944497
2025-12-12 08:00:00,0.1406,0.14072,0.13993,0.14044,2094240.5237,-0.0011386280763330187
2025-12-12 09:00:00,0.14043,0.14102,0.13999,0.14093,1130566.8876,0.0034829619031880423
2025-12-12 10:00:00,0.14092,0.14137,0.14088,0.14108,1344929.0566,0.0010637921644315687
2025-12-12 11:00:00,0.14105,0.14117,0.14067,0.1411,1663629.8252,0.0001417534909169277
2025-12-12 12:00:00,0.14106,0.1414,0.14075,0.14137,1171546.3315,0.001911708020172829
2025-12-12 13:00:00,0.14137,0.14137,0.14087,0.14097,1373543.8123,-0.0028334650961070644
2025-12-12 14:00:00,0.14098,0.14118,0.13998,0.14068,4406200.6165,-0.002059294177052443
2025-12-12 15:00:00,0.14064,0.14064,0.135,0.13567,13092525.9982,-0.03626234110856436
2025-12-12 16:00:00,0.13556,0.1364,0.13432,0.13528,7947585.8042,-0.0028787619068923404
2025-12-12 17:00:00,0.13524,0.13674,0.13524,0.1357,5521696.3721,0.0030998622504984927
2025-12-12 18:00:00,0.13574,0.13729,0.13552,0.13657,5177359.7738,0.006390736849509777
2025-12-12 19:00:00,0.13659,0.13664,0.13582,0.13611,3316295.5782,-0.0033739213463508046
2025-12-12 20:00:00,0.13612,0.13627,0.13549,0.13611,3281150.4257,0.0
2025-12-12 21:00:00,0.13612,0.13687,0.13604,0.13649,1645595.0405,0.0027879695241217538
2025-12-12 22:00:00,0.13651,0.13706,0.13635,0.13694,7124717.9293,0.0032915218248128855
2025-12-12 23:00:00,0.13695,0.13734,0.13683,0.13691,4500910.0016,-0.00021909804725224499
2025-12-13 00:00:00,0.13692,0.13758,0.13692,0.13728,1092942.5027,0.0026988600939876362
2025-12-13 01:00:00,0.13726,0.13749,0.13707,0.13728,1562347.604,0.0
2025-12-13 02:00:00,0.13731,0.13764,0.13729,0.13732,1348929.7245,0.0002913328498389934
2025-12-13 03:00:00,0.13732,0.13769,0.13705,0.13753,1306328.8933,0.0015281065371252176
2025-12-13 04:00:00,0.13755,0.13764,0.13735,0.13755,1484036.9853,0.00014541224396700755
2025-12-13 05:00:00,0.13751,0.13789,0.13718,0.13735,1647901.4299,-0.0014550748293007695
2025-12-13 06:00:00,0.13731,0.13754,0.13714,0.1374,1105479.3475,0.00036396724696596627
2025-12-13 07:00:00,0.1374,0.13786,0.1374,0.13773,1103212.9389,0.002398867140991483
2025-12-13 08:00:00,0.13778,0.13873,0.13778,0.13841,2521724.9182,0.004925047979370313
2025-12-13 09:00:00,0.13843,0.13861,0.13821,0.13838,1510073.0271,-0.00021677083794552446
2025-12-13 10:00:00,0.1384,0.13953,0.13836,0.13947,2012980.0541,0.007846000299938052
2025-12-13 11:00:00,0.13949,0.1395,0.1387,0.13881,2218751.506,-0.004743432783585306
2025-12-13 12:00:00,0.13881,0.13999,0.13878,0.13944,2063331.8661,0.00452830962474761
2025-12-13 13:00:00,0.1395,0.13952,0.13889,0.13921,1401598.097,-0.0016508168112897015
2025-12-13 14:00:00,0.13923,0.13955,0.13854,0.13918,3130685.8963,-0.0002155249837718595
2025-12-13 15:00:00,0.13917,0.13997,0.13913,0.13946,1916643.9286,0.002009762376160732
2025-12-13 16:00:00,0.13948,0.13988,0.13905,0.13942,1749349.9651,-0.0002868617346121441
2025-12-13 17:00:00,0.1394,0.13943,0.13887,0.13905,1076244.3316,-0.002657379378278643
2025-12-13 18:00:00,0.13904,0.13937,0.13867,0.13876,1233892.0437,-0.002087758578425027
2025-12-13 19:00:00,0.13873,0.13918,0.13867,0.13895,809418.8995,0.001368334086963795
2025-12-13 20:00:00,0.13897,0.13904,0.13864,0.13873,1122274.1754,-0.0015845580958785876
2025-12-13 21:00:00,0.13873,0.13904,0.13788,0.1389,3144044.8495,0.0012246516676639055
2025-12-13 22:00:00,0.1389,0.1394,0.13848,0.13919,7610395.0322,0.0020856564790111944
2025-12-13 23:00:00,0.13919,0.13919,0.13873,0.13906,3994798.8033,-0.0009344115684375557
2025-12-14 00:00:00,0.13905,0.13916,0.13867,0.13884,2158046.8516,-0.001583303677286196
2025-12-14 01:00:00,0.13886,0.13907,0.1386,0.13879,1168841.3388,-0.00036019162583709926
2025-12-14 02:00:00,0.13874,0.13922,0.1387,0.13899,1795893.977,0.0014399887289183164
2025-12-14 03:00:00,0.13903,0.13923,0.13872,0.1388,1118037.1808,-0.0013679400239625663
2025-12-14 04:00:00,0.13879,0.13884,0.13824,0.13842,1230887.298,-0.002741506658986932
2025-12-14 05:00:00,0.13839,0.13839,0.13766,0.13804,1061934.7032,-0.002749043183914601
2025-12-14 06:00:00,0.13802,0.13816,0.13752,0.13802,1307585.1339,-0.00014489603734684888
2025-12-14 07:00:00,0.13802,0.13843,0.13798,0.13824,1177238.7591,0.001592702863289715
2025-12-14 08:00:00,0.13825,0.13843,0.1378,0.13784,1700614.7424,-0.0028977128360713916
2025-12-14 09:00:00,0.13784,0.13785,0.13746,0.1376,1869185.9824,-0.001742666720430799
2025-12-14 10:00:00,0.13762,0.13768,0.13679,0.13747,4296713.0512,-0.0009452140159146237
2025-12-14 11:00:00,0.13746,0.13759,0.13572,0.1368,5529326.84183271,-0.00488570629487862
2025-12-14 12:00:00,0.13677,0.13722,0.13628,0.13693,5325440.8939,0.0009498411556921453
2025-12-14 13:00:00,0.13692,0.13694,0.13637,0.1369,3325910.2572,-0.00021911404973913145
2025-12-14 14:00:00,0.13695,0.13709,0.13515,0.13555,3662379.3378,-0.00991015634972855
2025-12-14 15:00:00,0.13555,0.1357,0.13494,0.13549,4024255.7989,-0.0004427390863348603
2025-12-14 16:00:00,0.13528,0.13617,0.13517,0.13558,3895061.5133,0.0006640351444799089
2025-12-14 17:00:00,0.13558,0.13581,0.13335,0.13385,6128539.2703,-0.01284210203645809
2025-12-14 18:00:00,0.13384,0.13491,0.13374,0.13488,3266294.0358,0.007665724287183879
2025-12-14 19:00:00,0.13488,0.13492,0.13399,0.13436,1588471.8429,-0.0038627295094532895
2025-12-14 20:00:00,0.13434,0.13483,0.13354,0.13388,4006424.6767,-0.003578888400966187
2025-12-14 21:00:00,0.13388,0.1344,0.13346,0.13382,1733826.9408,-0.0004482629884550256
2025-12-14 22:00:00,0.13386,0.13442,0.13345,0.13428,7811906.0746,0.003431558757163498
2025-12-14 23:00:00,0.1343,0.13478,0.13258,0.13405,8089700.9781,-0.0017143074298658805
2025-12-15 00:00:00,0.13405,0.13528,0.13405,0.13503,2288151.1483,0.007284111290982839
2025-12-15 01:00:00,0.13503,0.13681,0.1349,0.13639,2473347.3087,0.010021452965832813
2025-12-15 02:00:00,0.13641,0.13844,0.13641,0.13663,4088573.6848,0.0017581134116126298
2025-12-15 03:00:00,0.13663,0.13725,0.13613,0.13615,1780601.0234,-0.003519323230627926
2025-12-15 04:00:00,0.13617,0.13687,0.13603,0.13662,1812636.0233,0.0034461301839346387
2025-12-15 05:00:00,0.13663,0.13693,0.13655,0.13675,789943.3026,0.0009510919983874213
2025-12-15 06:00:00,0.13676,0.13725,0.13641,0.13687,1301763.8958,0.0008771289210842577
2025-12-15 07:00:00,0.13693,0.13708,0.13599,0.13634,2370624.1579,-0.0038798042885357324
2025-12-15 08:00:00,0.13635,0.13679,0.13615,0.1363,2122675.7756,-0.00029342723215212854
2025-12-15 09:00:00,0.13634,0.13735,0.13627,0.13711,2821787.073,0.0059251846660766175
2025-12-15 10:00:00,0.1371,0.13775,0.13693,0.13707,7798965.6093,-0.00029177912527391715
2025-12-15 11:00:00,0.137,0.13722,0.13651,0.13684,6992947.1365,-0.001679384133885944
2025-12-15 12:00:00,0.13684,0.13711,0.13647,0.13694,2643603.1145,0.0007305135835130876
2025-12-15 13:00:00,0.13698,0.13711,0.13594,0.13642,3408317.8767877,-0.0038045114663435727
2025-12-15 14:00:00,0.13639,0.13748,0.13272,0.1336,6862133.4523,-0.020888101124028
2025-12-15 15:00:00,0.1336,0.13368,0.12981,0.13076,21335921.8781,-0.021486679246535547
2025-12-15 16:00:00,0.13076,0.13119,0.12875,0.12966,16202943.6619,-0.008447942109160148
2025-12-15 17:00:00,0.12966,0.12989,0.12787,0.12794,12507897.301,-0.013354235724857983
2025-12-15 18:00:00,0.1279,0.12849,0.12664,0.1284,11529389.3627,0.00358898723386922
2025-12-15 19:00:00,0.12843,0.12939,0.1281,0.1289,5400738.1177,0.0038865186892809876
2025-12-15 20:00:00,0.12887,0.12887,0.12753,0.12797,4981897.3587,-0.007241048495637089
2025-12-15 21:00:00,0.12797,0.12905,0.12768,0.12881,2986037.9591,0.006542588958491931
2025-12-15 22:00:00,0.12883,0.1289,0.12827,0.12889,10971200.3547,0.0006208770086917455
2025-12-15 23:00:00,0.1289,0.1298,0.12884,0.12976,7755777.8808,0.006727262950414462
2025-12-16 00:00:00,0.12966,0.13011,0.12878,0.12886,3249815.0043,-0.0069600466566063545
2025-12-16 01:00:00,0.12891,0.12973,0.12879,0.12932,2945627.7095,0.0035634091467358128
2025-12-16 02:00:00,0.12924,0.1299,0.12883,0.12935,2068024.5027,0.0002319557748059271
2025-12-16 03:00:00,0.12938,0.12953,0.12834,0.12924,2530838.6627,-0.0008507676757406624
2025-12-16 04:00:00,0.12927,0.12942,0.12726,0.12897,2987317.7138,-0.00209132177999761
2025-12-16 05:00:00,0.12892,0.12944,0.12872,0.12906,2084633.2169,0.0006975933313937793
2025-12-16 06:00:00,0.12905,0.13017,0.12905,0.12993,2938973.4849,0.006718431386951264
2025-12-16 07:00:00,0.12994,0.12998,0.12833,0.12844,4269260.0864,-0.01153397467333178
2025-12-16 08:00:00,0.12845,0.12916,0.12838,0.12864,3150974.6266,0.0015559362093429945
2025-12-16 09:00:00,0.12867,0.12916,0.12866,0.12892,3268222.3991,0.0021742515165809
2025-12-16 10:00:00,0.12893,0.13147,0.12876,0.13087,4496853.64865205,0.015012407120151922
2025-12-16 11:00:00,0.13088,0.13202,0.13057,0.13165,6901854.0049,0.005942421874929084
2025-12-16 12:00:00,0.13166,0.1319,0.13104,0.13139,1560781.5601,-0.0019768862885875442
2025-12-16 13:00:00,0.13138,0.1326,0.12977,0.12982,7173290.6801,-0.01202112404840836
2025-12-16 14:00:00,0.12987,0.13258,0.12891,0.13133,9428943.4697,0.01156436399174615
2025-12-16 15:00:00,0.13139,0.13303,0.13072,0.13268,8800233.9381,0.010226974481783014
2025-12-16 16:00:00,0.13269,0.13283,0.13124,0.13164,3923508.7504,-0.007869290003712375
2025-12-16 17:00:00,0.13163,0.13222,0.13101,0.13112,4279246.5634,-0.00395798963956509
2025-12-16 18:00:00,0.13112,0.13295,0.13096,0.13231,7233034.0388,0.009034719618745468
2025-12-16 19:00:00,0.13231,0.13252,0.1313,0.13205,4882183.665,-0.0019670153111784813
2025-12-16 20:00:00,0.13204,0.13245,0.13181,0.13189,3947650.8079,-0.001212396905347791
2025-12-16 21:00:00,0.13191,0.13235,0.13177,0.13211,2030095.8089,0.0016666670524692463
2025-12-16 22:00:00,0.13211,0.13224,0.1318,0.13196,6055244.0842,-0.0011360625298821436
2025-12-16 23:00:00,0.13197,0.13199,0.13144,0.13178,8920971.6352,-0.0013649808747067445
2025-12-17 00:00:00,0.13177,0.13177,0.13111,0.13145,1622306.515,-0.002507314309783607
2025-12-17 01:00:00,0.13145,0.13242,0.13145,0.13169,1578653.0946,0.0018241245462383784
2025-12-17 02:00:00,0.13172,0.13209,0.13101,0.1319,938471.7609,0.0015933840011400182
2025-12-17 03:00:00,0.13188,0.13206,0.13114,0.13123,1588493.2046,-0.005092550815073424
2025-12-17 04:00:00,0.13125,0.13125,0.13062,0.13097,2268624.0402,-0.0019832195668838186
2025-12-17 05:00:00,0.13097,0.1311,0.13001,0.13099,1676857.2342,0.0001526950682459652
2025-12-17 06:00:00,0.13099,0.13132,0.13082,0.1309,1305055.0832,-0.0006873114937033713
2025-12-17 07:00:00,0.13091,0.13139,0.13043,0.13089,1975435.6067,-7.639711222621581e-05
2025-12-17 08:00:00,0.1309,0.1309,0.13019,0.13029,1505850.2465,-0.004594540588787857
2025-12-17 09:00:00,0.13028,0.13028,0.12952,0.12971,2403042.4005,-0.004461545862258454
2025-12-17 10:00:00,0.12971,0.1302,0.12937,0.12978,1413867.972,0.0005395198404407314
2025-12-17 11:00:00,0.12978,0.1305,0.12972,0.13029,898332.7213,0.003922026021817649
2025-12-17 12:00:00,0.13025,0.13031,0.12969,0.13017,1582699.0814,-0.0009214467364710749
2025-12-17 13:00:00,0.13017,0.13134,0.12958,0.13109,2570038.9166,0.0070428217313488065
2025-12-17 14:00:00,0.13114,0.13465,0.12941,0.13452,9714328.2548,0.025828776662350818
2025-12-17 15:00:00,0.13449,0.13628,0.12969,0.12995,15472319.3296,-0.03456312578456956
2025-12-17 16:00:00,0.12993,0.13073,0.12583,0.12747,19812928.5488,-0.019268718292669424
2025-12-17 17:00:00,0.12743,0.1281,0.12621,0.12666,9932437.2621,-0.006374711706545731
2025-12-17 18:00:00,0.12671,0.12751,0.12535,0.12565,6363231.0917,-0.008006067098682925
2025-12-17 19:00:00,0.12568,0.12647,0.12482,0.12647,10132344.7547,0.0065048619022837996
2025-12-17 20:00:00,0.12647,0.12781,0.12607,0.12683,6071516.1028,0.0028424811874532083
2025-12-17 21:00:00,0.12678,0.12702,0.12575,0.12576,4359385.0912,-0.008472278398441663
2025-12-17 22:00:00,0.12578,0.12687,0.12539,0.12671,15596182.92852084,0.007525682129920325
2025-12-17 23:00:00,0.12671,0.12673,0.12573,0.12634,9377769.3463,-0.0029243253402624365
2025-12-18 00:00:00,0.12629,0.12654,0.12605,0.12638,2072695.7668,0.00031655587475485535
2025-12-18 01:00:00,0.12636,0.12636,0.12516,0.12555,1925211.4491,-0.006589155741715144
2025-12-18 02:00:00,0.12558,0.12676,0.12525,0.12626,3847788.9008,0.005639187335885642
2025-12-18 03:00:00,0.12627,0.12627,0.12523,0.1254,3816666.9293,-0.006834644740659187
2025-12-18 04:00:00,0.1254,0.12589,0.12538,0.12545,3326454.3854,0.0003986446136109849
2025-12-18 05:00:00,0.12543,0.12545,0.12386,0.12421,8103077.9281,-0.009933591256328965
2025-12-18 06:00:00,0.12418,0.12508,0.12402,0.12468,4363586.2869,0.003776773343033907
2025-12-18 07:00:00,0.12466,0.12508,0.12446,0.12482,2803750.7805,0.001122244606760609
2025-12-18 08:00:00,0.12484,0.12564,0.12467,0.12523,3556384.388,0.003279347070044224
2025-12-18 09:00:00,0.12518,0.12592,0.12486,0.12588,2904054.4695,0.005177025620264863
2025-12-18 10:00:00,0.12589,0.12645,0.12568,0.12635,2543423.6259,0.0037267616379970175
2025-12-18 11:00:00,0.12635,0.12635,0.12574,0.12612,2666119.1677,-0.0018219991573430099
2025-12-18 12:00:00,0.12609,0.1268,0.12579,0.12634,1641926.4869,0.0017428507936942416
2025-12-18 13:00:00,0.12631,0.12968,0.12631,0.12935,14855520.1335,0.023545223161483796
2025-12-18 14:00:00,0.12936,0.13045,0.1277,0.12844,11266981.9234,-0.007060039410724919
2025-12-18 15:00:00,0.12859,0.13072,0.12789,0.12952,10430136.96343005,0.008373440148066527
2025-12-18 16:00:00,0.12952,0.12975,0.12842,0.12864,8419338.7694,-0.006817503938723442
2025-12-18 17:00:00,0.12867,0.12868,0.12138,0.12361,21490283.0043,-0.03988635753092456
2025-12-18 18:00:00,0.12362,0.12502,0.12277,0.12315,11252894.4246,-0.0037283233331849037
2025-12-18 19:00:00,0.12315,0.12337,0.11997,0.12033,14994935.6608,-0.02316515611647565
2025-12-18 20:00:00,0.12025,0.12178,0.12013,0.1208,8224196.4755,0.0038983170506434696
2025-12-18 21:00:00,0.12082,0.12322,0.12082,0.12322,10071444.5909,0.0198350900857099
2025-12-18 22:00:00,0.12323,0.12375,0.12278,0.12302,16667255.1059,-0.0016244318062023748
2025-12-18 23:00:00,0.12303,0.12307,0.12193,0.12207,6382133.0635,-0.007752293098513963
2025-12-19 00:00:00,0.1221,0.12238,0.12154,0.12228,2579468.7543,0.0017188463409254762
2025-12-19 01:00:00,0.12226,0.12227,0.12057,0.12117,2492425.3387,-0.009118978779202572
2025-12-19 02:00:00,0.12112,0.12195,0.12061,0.12157,2970717.5074,0.003295710324271409
2025-12-19 03:00:00,0.12161,0.12629,0.12152,0.12543,13901741.57440585,0.03125760546888091
2025-12-19 04:00:00,0.12551,0.12647,0.12544,0.12612,6524705.5355,0.005486000640276746
2025-12-19 05:00:00,0.12612,0.12617,0.12543,0.12568,5275877.891,-0.0034948407294945302
2025-12-19 06:00:00,0.1257,0.12677,0.12539,0.1265,3303963.5813,0.006503314220209233
2025-12-19 07:00:00,0.12651,0.12886,0.12651,0.12795,7918280.477,0.011397254438223044
2025-12-19 08:00:00,0.12793,0.12864,0.12767,0.12818,3751370.8882,0.0017959634702827813
2025-12-19 09:00:00,0.12819,0.12829,0.1276,0.128,2226807.59102557,-0.0014052621564634874
2025-12-19 10:00:00,0.128,0.12834,0.12786,0.1282,1499852.4854,0.0015612805669526324
2025-12-19 11:00:00,0.12818,0.12858,0.128,0.12821,1954902.7896,7.800007803944476e-05
2025-12-19 12:00:00,0.12825,0.12894,0.1279,0.12861,1961740.8971,0.0031150247133862794
2025-12-19 13:00:00,0.12858,0.12909,0.1282,0.12854,3430443.5031,-0.0005444293348554041
2025-12-19 14:00:00,0.12859,0.13044,0.12794,0.12951,7071022.3569621,0.007517958292355787
2025-12-19 15:00:00,0.12945,0.13205,0.12916,0.12964,12765395.347,0.001003280037850864
2025-12-19 16:00:00,0.12961,0.13248,0.12958,0.13101,7412363.7868,0.01051227789223245
2025-12-19 17:00:00,0.13103,0.13224,0.12968,0.1297,8886703.2572,-0.010049564843180927
2025-12-19 18:00:00,0.12973,0.13147,0.12968,0.13124,6831894.4417,0.011803616770502573
2025-12-19 19:00:00,0.13125,0.1335,0.13125,0.13283,4894195.5679,0.012042407051511226
2025-12-19 20:00:00,0.1329,0.1334,0.13262,0.13301,5296273.6082,0.0013541982207928797
2025-12-19 21:00:00,0.13296,0.13302,0.13178,0.13193,3913187.1896,-0.008152834469519647
2025-12-19 22:00:00,0.13195,0.1329,0.13195,0.13251,9254429.3218,0.0043866353808594775
2025-12-19 23:00:00,0.1325,0.13257,0.13217,0.13223,4343831.3056,-0.0021152837078133105
2025-12-20 00:00:00,0.13224,0.13228,0.13101,0.13112,1898177.0434,-0.008429896133157273
2025-12-20 01:00:00,0.1311,0.13124,0.13089,0.13106,1045354.6718,-0.0004577008242232611
2025-12-20 02:00:00,0.13108,0.13137,0.13073,0.13109,1510420.545,0.00022887659836709763
2025-12-20 03:00:00,0.13109,0.13181,0.13089,0.13147,1232537.8244,0.0028945784987949867
2025-12-20 04:00:00,0.13147,0.13152,0.13069,0.13085,1064441.7427,-0.00472705973235813
2025-12-20 05:00:00,0.13089,0.13149,0.13078,0.13109,1783515.7924,0.0018324812335631534
2025-12-20 06:00:00,0.13107,0.13141,0.13105,0.13122,902774.7193,0.000991193707013516
2025-12-20 07:00:00,0.13122,0.13171,0.13094,0.13159,1414272.9645,0.0028157242453178974
2025-12-20 08:00:00,0.13157,0.13256,0.13154,0.13194,1822689.349,0.0026562456326754795
2025-12-20 09:00:00,0.13192,0.1325,0.13191,0.13228,1622539.2204,0.0025736143188671875
2025-12-20 10:00:00,0.13227,0.13235,0.13161,0.13171,1918117.8601,-0.0043183521026370335
2025-12-20 11:00:00,0.13172,0.13216,0.13157,0.13196,1358014.7176,0.0018963103494254356
2025-12-20 12:00:00,0.13196,0.13213,0.13176,0.13185,4058108.6755,-0.0008339335610849514
2025-12-20 13:00:00,0.13185,0.13218,0.13138,0.13208,3979315.2093,0.0017428868125769345
2025-12-20 14:00:00,0.13203,0.1324,0.13124,0.13229,1972725.269,0.0015886828624160525
2025-12-20 15:00:00,0.13231,0.13235,0.13168,0.13211,1595925.3616,-0.0013615735840259143
2025-12-20 16:00:00,0.13212,0.13232,0.13165,0.1319,1525453.9885,-0.0015908491669939654
2025-12-20 17:00:00,0.13193,0.13214,0.13166,0.13173,5971839.8054,-0.0012896864815329758
2025-12-20 18:00:00,0.13174,0.13235,0.13163,0.13215,2202718.5501,0.003183267808562268
2025-12-20 19:00:00,0.13219,0.13238,0.13194,0.1322,951553.09018445,0.0003782863672879361
2025-12-20 20:00:00,0.13219,0.13233,0.13203,0.13225,1179057.15559551,0.0003781433208228552
2025-12-20 21:00:00,0.13227,0.13244,0.13211,0.13214,973556.1409,-0.0008321041366691252
2025-12-20 22:00:00,0.13216,0.13237,0.13155,0.13221,2825038.3239,0.0005296009202656926
2025-12-20 23:00:00,0.13219,0.13237,0.13192,0.13193,2481913.5599,-0.002120088626320062
2025-12-21 00:00:00,0.13186,0.13215,0.13177,0.13195,862358.84985205,0.00015158405364788487
2025-12-21 01:00:00,0.13194,0.13194,0.13112,0.13112,1552407.8028,-0.006310128513758992
2025-12-21 02:00:00,0.13115,0.13141,0.13049,0.13086,1815351.3821,-0.0019848849939814637
2025-12-21 03:00:00,0.13087,0.13158,0.13077,0.13113,1014394.5286,0.002061148101740097
2025-12-21 04:00:00,0.13114,0.13127,0.13096,0.13116,765751.2252,0.00022875443311471655
2025-12-21 05:00:00,0.13113,0.13179,0.13113,0.13151,1517373.2757771,0.002664942377426026
2025-12-21 06:00:00,0.13151,0.13171,0.13139,0.13151,1048045.2795,0.0
2025-12-21 07:00:00,0.1315,0.13156,0.13121,0.13136,1536154.9914,-0.0011412486497553319
2025-12-21 08:00:00,0.13136,0.13305,0.13122,0.13281,2303621.19392673,0.010977889708041309
2025-12-21 09:00:00,0.13282,0.13341,0.13233,0.13272,2194627.3538,-0.0006778895299703933
2025-12-21 10:00:00,0.13278,0.13296,0.1317,0.1319,1516509.2187,-0.0061975861589202595
2025-12-21 11:00:00,0.13194,0.13197,0.13139,0.13174,1081163.1999,-0.0012137765107220102
2025-12-21 12:00:00,0.13177,0.13233,0.13125,0.13177,6228080.6442,0.00022769534461401653
2025-12-21 13:00:00,0.13179,0.13179,0.12877,0.12902,8882338.6786,-0.021090547453065288
2025-12-21 14:00:00,0.12899,0.1301,0.12886,0.12968,4586595.8521,0.005102446323325077
2025-12-21 15:00:00,0.12969,0.1299,0.12898,0.12956,2986214.7748,-0.0009257831242919249
2025-12-21 16:00:00,0.12949,0.13028,0.12913,0.13014,2341287.7263,0.004466699763709492
2025-12-21 17:00:00,0.13016,0.1305,0.12976,0.12999,2441316.0168,-0.0011532696469103874
2025-12-21 18:00:00,0.12998,0.13003,0.12916,0.12971,2341097.8077,-0.002156335067346061
2025-12-21 19:00:00,0.12974,0.13055,0.12948,0.13035,1730247.9447,0.004921951026928991
2025-12-21 20:00:00,0.13037,0.13039,0.12978,0.12991,1243569.1216,-0.003381237371869236
2025-12-21 21:00:00,0.12993,0.13011,0.12937,0.12956,1055159.6786,-0.0026978087045128724
2025-12-21 22:00:00,0.12949,0.13062,0.12944,0.13056,6009969.6484,0.007688796912668312
2025-12-21 23:00:00,0.13056,0.13139,0.13056,0.13112,2344178.2558,0.0042800432197772405
2025-12-22 00:00:00,0.13115,0.1342,0.13115,0.13166,12587756.3481,0.004109907604156601
2025-12-22 01:00:00,0.13163,0.13298,0.13138,0.13138,3408192.366,-0.0021289545754037326
2025-12-22 02:00:00,0.13135,0.13142,0.12952,0.13091,4979843.7723,-0.003583823272319173
2025-12-22 03:00:00,0.13093,0.1328,0.13058,0.13204,2311234.5051,0.008594842792984515
2025-12-22 04:00:00,0.13204,0.13275,0.13203,0.13247,2809994.31184099,0.0032512977111780975
2025-12-22 05:00:00,0.13249,0.13263,0.13193,0.13193,1187867.6775267,-0.004084725800485052
2025-12-22 06:00:00,0.13191,0.13203,0.13153,0.1317,1165824.9334,-0.0017448701464497082
2025-12-22 07:00:00,0.13163,0.13239,0.13153,0.1321,1249894.345,0.003032602779044201
2025-12-22 08:00:00,0.1321,0.13329,0.13172,0.13227,3498305.5526,0.0012860765096762421
2025-12-22 09:00:00,0.13224,0.1326,0.13185,0.1323,1962201.8537,0.00022678308295415717
2025-12-22 10:00:00,0.13234,0.13257,0.13197,0.13223,1375774.0121,-0.0005292405521785833
2025-12-22 11:00:00,0.13226,0.13322,0.13193,0.13287,3289277.2257,0.004828376034485075
2025-12-22 12:00:00,0.13288,0.13418,0.13261,0.1333,4745009.5496,0.00323102058144654
2025-12-22 13:00:00,0.1333,0.13346,0.13255,0.13294,2014462.1876,-0.0027043285712272385
2025-12-22 14:00:00,0.13293,0.13443,0.13275,0.13409,4565156.5794,0.008613317678114709
2025-12-22 15:00:00,0.13411,0.13535,0.13268,0.13441,12362060.677,0.0023836137915062314
2025-12-22 16:00:00,0.13438,0.13519,0.13368,0.13374,7123248.94329614,-0.004997213457224447
2025-12-22 17:00:00,0.13371,0.13405,0.13309,0.1339,4715112.3625,0.001195636071294206
2025-12-22 18:00:00,0.13391,0.13517,0.13373,0.13432,2309496.9927,0.003131760072158495
2025-12-22 19:00:00,0.13434,0.13439,0.13167,0.13193,9817204.42202961,-0.017953533873600182
2025-12-22 20:00:00,0.13187,0.13242,0.13087,0.13122,5550263.7512,-0.0053961749789536335
2025-12-22 21:00:00,0.13122,0.13216,0.13119,0.13148,1704599.9812,0.00197944487928732
2025-12-22 22:00:00,0.13143,0.13269,0.13115,0.13245,9451848.0445,0.007350466922060152
2025-12-22 23:00:00,0.13246,0.1326,0.13201,0.13255,2398616.7461,0.0007547170169557742
2025-12-23 00:00:00,0.13257,0.13338,0.1323,0.13324,2287596.7452,0.005192080590444239
2025-12-23 01:00:00,0.13318,0.13349,0.13247,0.13292,1132727.7295,-0.0024045698390853074
2025-12-23 02:00:00,0.13286,0.13367,0.13203,0.13234,2604102.0565,-0.004373074902480124
2025-12-23 03:00:00,0.13229,0.13276,0.13134,0.13253,1991598.3055,0.0014346663086738096
2025-12-23 04:00:00,0.13251,0.13306,0.13193,0.13193,1471120.5294,-0.004537555996902222
2025-12-23 05:00:00,0.13192,0.13198,0.13055,0.13118,2725220.0803,-0.005701053030095759
2025-12-23 06:00:00,0.13115,0.13141,0.13011,0.13077,3369096.7042,-0.0031303709471784936
2025-12-23 07:00:00,0.13078,0.13094,0.12996,0.13043,3552357.8128,-0.002603370536219205
2025-12-23 08:00:00,0.13045,0.13088,0.12999,0.13008,1217721.1531,-0.002687038582691177
2025-12-23 09:00:00,0.13007,0.13048,0.12998,0.13025,1776412.6649,0.0013060348339758343
2025-12-23 10:00:00,0.13027,0.13092,0.1302,0.13084,1664252.6173,0.004519522036706907
2025-12-23 11:00:00,0.13084,0.1314,0.1307,0.13111,928021.506,0.002061462841127341
2025-12-23 12:00:00,0.13103,0.13103,0.13011,0.13034,1601124.5004,-0.005890244607076026
2025-12-23 13:00:00,0.13029,0.1305,0.12912,0.12961,2675585.9167,-0.005616479468950673
2025-12-23 14:00:00,0.12959,0.13053,0.12792,0.12884,3639958.6524,-0.005958616972285533
2025-12-23 15:00:00,0.12883,0.12974,0.12851,0.12948,1870203.0822,0.004955104595045629
2025-12-23 16:00:00,0.1295,0.1309,0.12906,0.13053,2760488.4287,0.008076656342654778
2025-12-23 17:00:00,0.13049,0.13069,0.12827,0.12838,1539217.9208,-0.01660846951706642
2025-12-23 18:00:00,0.12835,0.1301,0.12832,0.12983,1940350.4427,0.011231286488530076
2025-12-23 19:00:00,0.12983,0.12996,0.12874,0.129,946939.9562,-0.006413498010489906
2025-12-23 20:00:00,0.12898,0.13046,0.12863,0.1295,1102586.8343,0.003868476777920332
2025-12-23 21:00:00,0.12951,0.12962,0.12922,0.12954,641429.2691,0.0003088326151784477
2025-12-23 22:00:00,0.12955,0.12997,0.12905,0.12942,2068796.6086,-0.0009267841256508344
2025-12-23 23:00:00,0.12938,0.12964,0.12904,0.12927,900810.8687,-0.001159689333263827
2025-12-24 00:00:00,0.12931,0.13003,0.12912,0.13,797279.8632,0.00563121015972613
2025-12-24 01:00:00,0.13002,0.13037,0.12945,0.12979,570455.1704,-0.0016166907559148895
2025-12-24 02:00:00,0.12974,0.12975,0.12783,0.12828,1501003.395,-0.01170238487471335
2025-12-24 03:00:00,0.12825,0.12865,0.12751,0.12851,998175.7949,0.0017913474940956973
2025-12-24 04:00:00,0.12851,0.1289,0.12761,0.12761,1042429.2691,-0.007027984573164933
2025-12-24 05:00:00,0.1276,0.12798,0.127,0.12732,2343569.1568,-0.002275135331992976
2025-12-24 06:00:00,0.12731,0.12731,0.1267,0.12719,913301.9305,-0.0010215709504988594
2025-12-24 07:00:00,0.12724,0.12767,0.12714,0.12715,1948676.4084,-0.0003145395952643901
2025-12-24 08:00:00,0.12712,0.12735,0.12652,0.12718,1175604.8153,0.0002359139711329344
2025-12-24 09:00:00,0.12719,0.12767,0.12719,0.12757,605646.8675,0.003061827710937048
2025-12-24 10:00:00,0.12756,0.12796,0.12734,0.12758,651214.5464,7.838526361070189e-05
2025-12-24 11:00:00,0.12758,0.12839,0.12758,0.12801,593655.7603,0.003364767054209056
2025-12-24 12:00:00,0.12793,0.12853,0.12773,0.12839,674841.3824,0.002964120734973807
2025-12-24 13:00:00,0.12841,0.12844,0.12773,0.1281,795467.5356954,-0.002261297700303795
2025-12-24 14:00:00,0.12809,0.12862,0.1268,0.12735,2958440.3237,-0.005872007477222553
2025-12-24 15:00:00,0.12735,0.12843,0.12699,0.12837,2257101.0705,0.007977517671369292
2025-12-24 16:00:00,0.12838,0.12942,0.12807,0.12871,2815093.3969,0.0026450925644511147
2025-12-24 17:00:00,0.12871,0.12908,0.12792,0.12798,975128.6601,-0.005687809949972026
2025-12-24 18:00:00,0.12797,0.1282,0.12761,0.12798,683399.7701,0.0
2025-12-24 19:00:00,0.12798,0.12818,0.12767,0.12816,714182.1689,0.0014054816087347246
2025-12-24 20:00:00,0.12816,0.1287,0.12808,0.12818,569309.9819,0.00015604275603161127
2025-12-24 21:00:00,0.1282,0.12875,0.1282,0.12856,1303373.3786,0.002960195353176565
2025-12-24 22:00:00,0.12857,0.12935,0.12851,0.12922,874001.3192,0.005120656700762197
2025-12-24 23:00:00,0.1292,0.1292,0.12852,0.12857,410080.1049,-0.005042875033862011
2025-12-25 00:00:00,0.12853,0.12866,0.12793,0.12796,421024.9378,-0.004755788014840268
2025-12-25 01:00:00,0.12798,0.12871,0.12798,0.12866,396141.6243,0.00545555090153718
2025-12-25 02:00:00,0.12864,0.129,0.12842,0.12875,335029.17,0.0006992735609912778
2025-12-25 03:00:00,0.12877,0.12905,0.12849,0.12878,584558.7208,0.00023298256619201633
2025-12-25 04:00:00,0.12877,0.12881,0.12857,0.12874,457907.6489,-0.00031065548556772314
2025-12-25 05:00:00,0.12872,0.12872,0.12829,0.1284,692495.5557,-0.002644475368609016
2025-12-25 06:00:00,0.12841,0.12855,0.1281,0.12836,353619.0852,-0.0003115750142045342
2025-12-25 07:00:00,0.12835,0.12835,0.12774,0.12797,483889.3757,-0.0030429547921515146
2025-12-25 08:00:00,0.12796,0.12856,0.12685,0.12741,2021411.7215,-0.004385628456215065
2025-12-25 09:00:00,0.12744,0.12752,0.12714,0.12746,400090.692,0.0003923568928584606
2025-12-25 10:00:00,0.12746,0.12747,0.12567,0.12607,2066981.6809,-0.01096528164297002
2025-12-25 11:00:00,0.12606,0.12652,0.12602,0.12624,412263.9333,0.0013475488543861903
2025-12-25 12:00:00,0.12624,0.12669,0.12613,0.12669,641895.5562,0.0035583005163977817
2025-12-25 13:00:00,0.12669,0.1267,0.12591,0.1264,1785853.2466,-0.002291675901204774
2025-12-25 14:00:00,0.12637,0.12652,0.12593,0.12637,885879.4593,-0.00023736994216772876
2025-12-25 15:00:00,0.12637,0.12825,0.12624,0.1276,2731736.08449725,0.009686259140099969
2025-12-25 16:00:00,0.12767,0.12802,0.12675,0.12709,1426828.1756,-0.004004874016710336
2025-12-25 17:00:00,0.12708,0.12725,0.1268,0.12708,953195.7282,-7.868749266373832e-05
2025-12-25 18:00:00,0.12706,0.12763,0.12706,0.12744,1032405.77992074,0.002828856200477623
2025-12-25 19:00:00,0.12743,0.12748,0.12694,0.12715,532472.5436,-0.0022781737336642714
2025-12-25 20:00:00,0.12715,0.12728,0.12673,0.12705,466403.803,-0.000786782101955648
2025-12-25 21:00:00,0.12708,0.12732,0.12692,0.12692,586111.0538,-0.0010237430511782263
2025-12-25 22:00:00,0.12692,0.12696,0.12315,0.12402,3887174.3401,-0.023114123793262924
2025-12-25 23:00:00,0.12403,0.12468,0.123,0.12365,2387298.9587,-0.0029878489543067478
2025-12-26 00:00:00,0.12364,0.124,0.12316,0.12373,2014648.8635,0.0006467782584592901
2025-12-26 01:00:00,0.12365,0.12417,0.12361,0.12397,1611479.78884737,0.0019378286241710431
2025-12-26 02:00:00,0.124,0.12751,0.12385,0.12627,4398392.6415,0.018382870600533358
2025-12-26 03:00:00,0.12632,0.1265,0.12552,0.12605,1642429.5762,-0.0017438178166601362
2025-12-26 04:00:00,0.12607,0.12607,0.12539,0.12571,2226765.1613,-0.002700986707189217
2025-12-26 05:00:00,0.12572,0.12574,0.12529,0.12565,651653.3226,-0.00047740293713834737
2025-12-26 06:00:00,0.12567,0.12623,0.12562,0.126,1143237.237,0.0027816429618767705
2025-12-26 07:00:00,0.12599,0.12668,0.12524,0.12536,1918847.9785,-0.005092308903712658
2025-12-26 08:00:00,0.12537,0.12599,0.12536,0.1258,939629.6923,0.0035037462185746756
2025-12-26 09:00:00,0.12583,0.12607,0.12555,0.1259,1550177.1905,0.0007945967839613896
2025-12-26 10:00:00,0.1259,0.12591,0.12556,0.12572,780335.552,-0.0014307291209347387
2025-12-26 11:00:00,0.12571,0.12572,0.12528,0.12535,311018.3931,-0.002947387325064526
2025-12-26 12:00:00,0.12537,0.12586,0.12537,0.12576,474950.8201,0.0032655040765941687
2025-12-26 13:00:00,0.12576,0.12638,0.12563,0.12628,1005482.1982,0.004126335008894491
2025-12-26 14:00:00,0.12622,0.12628,0.12241,0.12275,5278226.8719,-0.028351897015160995
2025-12-26 15:00:00,0.12267,0.12267,0.1213,0.12216,4819654.0335,-0.004818105764252864
2025-12-26 16:00:00,0.12218,0.12227,0.12067,0.12081,2387100.6999,-0.011112597378904564
2025-12-26 17:00:00,0.12076,0.12198,0.12072,0.12165,1724516.0536,0.006929005698059106
2025-12-26 18:00:00,0.12162,0.12225,0.12158,0.12185,852630.9309,0.001642710841683708
2025-12-26 19:00:00,0.1219,0.12247,0.12177,0.12212,1136109.6714,0.002213387795461981
2025-12-26 20:00:00,0.12212,0.12263,0.12188,0.12219,1394341.0105,0.0005730424617537835
2025-12-26 21:00:00,0.12219,0.12225,0.12176,0.1218,806233.7144,-0.00319685505263416
2025-12-26 22:00:00,0.1218,0.12219,0.1217,0.12218,912832.3642,0.0031150119458241117
2025-12-26 23:00:00,0.12211,0.12219,0.12176,0.12215,874385.5881,-0.00024556951787147195
2025-12-27 00:00:00,0.12213,0.12248,0.12196,0.12222,747134.7558,0.0005729017630200641
2025-12-27 01:00:00,0.12225,0.12268,0.12215,0.12268,721443.5226,0.00375663977928132
2025-12-27 02:00:00,0.12269,0.12279,0.12233,0.12265,461328.9865,-0.00024456854155253184
2025-12-27 03:00:00,0.12271,0.12342,0.1225,0.1233,642241.3627,0.005285639465800461
2025-12-27 04:00:00,0.12331,0.12336,0.12276,0.1228,434755.2986,-0.004063394457256483
2025-12-27 05:00:00,0.12287,0.12294,0.12269,0.12285,505538.1189,0.0004070832541460892
2025-12-27 06:00:00,0.12286,0.12292,0.1226,0.1227,407047.664,-0.0012217472503223644
2025-12-27 07:00:00,0.1227,0.12323,0.1227,0.12272,461198.6029,0.00016298590208029285
2025-12-27 08:00:00,0.12271,0.12284,0.12246,0.12252,433990.1371,-0.0016310556543714942
2025-12-27 09:00:00,0.1225,0.12283,0.1225,0.1227,478915.0008,0.0014680697522911604
2025-12-27 10:00:00,0.1227,0.12285,0.12205,0.12249,760690.5844,-0.001712957717271669
2025-12-27 11:00:00,0.12249,0.1231,0.12227,0.12302,766103.6908,0.004317549780628138
2025-12-27 12:00:00,0.12306,0.1234,0.12276,0.12286,1025676.9627,-0.0013014480444409455
2025-12-27 13:00:00,0.12289,0.12297,0.12261,0.12273,1174386.0772,-0.001058675126364444
2025-12-27 14:00:00,0.1227,0.12295,0.12243,0.12279,679816.3605,0.0004887585630044615
2025-12-27 15:00:00,0.1228,0.1232,0.12275,0.12302,708028.5509,0.0018713646078008666
2025-12-27 16:00:00,0.12304,0.12329,0.12264,0.12273,832635.4782,-0.002360123170805282
2025-12-27 17:00:00,0.12274,0.12302,0.12264,0.123,2059245.4313,0.002197534763000607
2025-12-27 18:00:00,0.12299,0.12308,0.12285,0.12292,1768563.1735,-0.0006506181101335529
2025-12-27 19:00:00,0.12295,0.12299,0.12278,0.12294,539694.7628,0.0001626942165793784
2025-12-27 20:00:00,0.12294,0.12335,0.12293,0.12304,832242.34,0.0008130742784705584
2025-12-27 21:00:00,0.12304,0.12368,0.12304,0.12359,1439505.1629,0.004460129844310373
2025-12-27 22:00:00,0.1236,0.1245,0.12317,0.12327,1860551.1463,-0.002592564038216017
2025-12-27 23:00:00,0.12327,0.12489,0.12327,0.12436,2692340.947,0.00880351362712504
2025-12-28 00:00:00,0.1244,0.12465,0.12402,0.12408,787452.9542,-0.0022540663222697026
2025-12-28 01:00:00,0.12411,0.12419,0.12369,0.12383,572136.0246,-0.0020168616412761914
2025-12-28 02:00:00,0.12379,0.12428,0.12376,0.12405,472638.5693,0.0017750529108027174
2025-12-28 03:00:00,0.12403,0.12418,0.12394,0.12412,454601.9784,0.0005641294423695482
2025-12-28 04:00:00,0.12411,0.12421,0.12398,0.12401,344659.799,-0.0008866320654984146
2025-12-28 05:00:00,0.124,0.12406,0.12377,0.12388,681708.6398,-0.0010488524096789167
2025-12-28 06:00:00,0.12387,0.1243,0.12383,0.12419,1219791.8403,0.00249929585493907
2025-12-28 07:00:00,0.12419,0.12439,0.12408,0.12417,760311.3952,-0.00016105653119039272
2025-12-28 08:00:00,0.12418,0.12439,0.12391,0.12408,3665543.317,-0.0007250755604673787
2025-12-28 09:00:00,0.12409,0.1241,0.12353,0.12373,2609748.8059,-0.0028247466423989257
2025-12-28 10:00:00,0.12374,0.12422,0.12371,0.12387,1467622.4132,0.0011308563402241114
2025-12-28 11:00:00,0.12389,0.12417,0.12376,0.12397,460238.27064084,0.0008069722839470076
2025-12-28 12:00:00,0.12398,0.12423,0.12384,0.12397,3621525.1014,0.0
2025-12-28 13:00:00,0.12398,0.12424,0.12398,0.1242,2509040.9567,0.0018535686493230564
2025-12-28 14:00:00,0.1242,0.12483,0.12418,0.1245,2389971.9097,0.002412546405383926
2025-12-28 15:00:00,0.12449,0.1249,0.1242,0.12426,1507731.7252,-0.0019295712692145273
2025-12-28 16:00:00,0.12431,0.12467,0.12401,0.12416,636679.5486,-0.0008050882006391196
2025-12-28 17:00:00,0.12417,0.12457,0.12414,0.12424,670060.386,0.0006441224055230074
2025-12-28 18:00:00,0.12424,0.12427,0.12315,0.12335,2766486.5128,-0.0071893358650659935
2025-12-28 19:00:00,0.12335,0.12384,0.12319,0.12343,1366046.9917,0.000648350780471603
2025-12-28 20:00:00,0.12344,0.12357,0.12315,0.12321,740759.0084,-0.0017839771192603416
2025-12-28 21:00:00,0.12319,0.12344,0.12276,0.12344,1630011.0009,0.001864991418328505
2025-12-28 22:00:00,0.12346,0.12407,0.12295,0.12396,1290154.5912,0.004203724864642175
2025-12-28 23:00:00,0.12403,0.12409,0.12328,0.12391,5425664.8314,-0.00040343729114586385
2025-12-29 00:00:00,0.12396,0.12573,0.1238,0.12519,3322783.2684,0.010277087643169236
2025-12-29 01:00:00,0.12516,0.12604,0.12443,0.12577,1676406.816,0.004622258787493191
2025-12-29 02:00:00,0.12581,0.1271,0.12581,0.1264,2997792.0227,0.00499663965369305
2025-12-29 03:00:00,0.12641,0.12776,0.12631,0.12748,2610585.69477724,0.008508007836378659
2025-12-29 04:00:00,0.12748,0.12803,0.12729,0.1274,1195702.8767,-0.0006277464110727189
2025-12-29 05:00:00,0.12737,0.12764,0.12682,0.12684,1022823.5858,-0.0044052934679163795
2025-12-29 06:00:00,0.12691,0.12722,0.1266,0.12696,1045230.4946,0.0009456265480068084
2025-12-29 07:00:00,0.127,0.12723,0.12624,0.12717,1292100.7136,0.0016526978145019206
2025-12-29 08:00:00,0.12715,0.12723,0.12652,0.12667,941040.22,-0.0039394945371143
2025-12-29 09:00:00,0.1267,0.12677,0.12435,0.12496,3458279.9235,-0.013591593404165329
2025-12-29 10:00:00,0.12494,0.1258,0.12488,0.12528,684322.7782,0.002557546151117193
2025-12-29 11:00:00,0.12523,0.12548,0.12483,0.12486,5764048.5021,-0.003358122608894997
2025-12-29 12:00:00,0.12486,0.12499,0.12248,0.12391,4622636.3114,-0.007637614005196483
2025-12-29 13:00:00,0.12391,0.12399,0.12318,0.12355,3838181.3593,-0.002909563193782589
2025-12-29 14:00:00,0.12351,0.12487,0.12323,0.12372,2406632.4476,0.0013750153822497842
2025-12-29 15:00:00,0.1237,0.12474,0.12357,0.12413,1129044.0743,0.0033084557109876204
2025-12-29 16:00:00,0.12403,0.12413,0.12327,0.12369,1331959.786,-0.003550968140938163
2025-12-29 17:00:00,0.12366,0.12407,0.1233,0.12405,5804861.6014,0.002906274750891642
2025-12-29 18:00:00,0.12404,0.12418,0.12276,0.12301,1790553.3558,-0.008419057257116391
2025-12-29 19:00:00,0.12303,0.12348,0.12283,0.12288,1291221.7216,-0.0010573834813315493
2025-12-29 20:00:00,0.12287,0.12303,0.12228,0.12249,600042.4787,-0.00317887539976795
2025-12-29 21:00:00,0.12249,0.123,0.12243,0.12294,335007.051,0.0036670374792693397
2025-12-29 22:00:00,0.12287,0.12326,0.1224,0.12283,547233.496,-0.0008951459278604105
2025-12-29 23:00:00,0.12285,0.12317,0.12273,0.12291,4112888.4609,0.0006510946758865673
2025-12-30 00:00:00,0.12289,0.12312,0.12258,0.12286,510275.5456,-0.0004068844911081574
2025-12-30 01:00:00,0.12289,0.12306,0.12256,0.12287,587658.6635,8.139014369842088e-05
2025-12-30 02:00:00,0.12291,0.12291,0.12243,0.12273,479296.943,-0.0011400652700628957
2025-12-30 03:00:00,0.12276,0.12373,0.12251,0.12351,1110434.0451,0.0063353038405059995
2025-12-30 04:00:00,0.12351,0.12366,0.12324,0.12351,534680.4638,0.0
2025-12-30 05:00:00,0.12348,0.12348,0.12292,0.12298,318027.3099,-0.004300383924599271
2025-12-30 06:00:00,0.12296,0.12361,0.12296,0.12327,578191.6888,0.0023553310381043816
2025-12-30 07:00:00,0.12328,0.12389,0.12323,0.12372,1102207.7223,0.003643876253440746
2025-12-30 08:00:00,0.1237,0.12486,0.1237,0.12457,3028284.0157,0.006846859081132567
2025-12-30 09:00:00,0.12454,0.12492,0.12432,0.1246,1993505.2749,0.00024079945535152389
2025-12-30 10:00:00,0.1246,0.12514,0.12454,0.12454,2647368.4713,-0.00048165690904690823
2025-12-30 11:00:00,0.12454,0.12494,0.12442,0.12456,1132555.5862,0.00016057808143702735
2025-12-30 12:00:00,0.12459,0.12485,0.12357,0.12374,2635452.6662,-0.006604937422900193
2025-12-30 13:00:00,0.12375,0.12434,0.12357,0.12421,4996780.6836,0.0037910914532596554
2025-12-30 14:00:00,0.12418,0.12531,0.1232,0.12484,3229802.4818,0.005059235846476265
2025-12-30 15:00:00,0.12487,0.12504,0.12384,0.1246,1078371.378,-0.0019243110492259885
2025-12-30 16:00:00,0.12459,0.12501,0.12391,0.12419,1228605.791,-0.00329595539341169
2025-12-30 17:00:00,0.12418,0.12442,0.1234,0.12374,1176397.2143,-0.003630060857098426
2025-12-30 18:00:00,0.1237,0.12384,0.1231,0.12338,604056.201,-0.0029135663213501555
2025-12-30 19:00:00,0.12338,0.12346,0.12261,0.1233,1309474.1471,-0.0006486136111939965
2025-12-30 20:00:00,0.1233,0.1233,0.12259,0.12263,1238476.9285,-0.005448718396363984
2025-12-30 21:00:00,0.12265,0.12295,0.12261,0.12285,4690090.85806138,0.001792407193253542
2025-12-30 22:00:00,0.12287,0.12332,0.12283,0.12328,315517.5767,0.0034940920446721027
2025-12-30 23:00:00,0.12323,0.12346,0.12307,0.12334,372654.3977,0.00048657855148655894
2025-12-31 00:00:00,0.12336,0.12336,0.12294,0.12303,574142.6379,-0.002516541491269241
2025-12-31 01:00:00,0.12301,0.12374,0.12299,0.12333,642803.2424,0.002435461505819074
2025-12-31 02:00:00,0.12331,0.12359,0.1231,0.12357,302349.2664,0.0019441075382022727
2025-12-31 03:00:00,0.12356,0.12361,0.12302,0.12311,393445.645,-0.003729532456575441
2025-12-31 04:00:00,0.12315,0.12323,0.12298,0.123,223753.905,-0.0008939092871061232
2025-12-31 05:00:00,0.123,0.12332,0.12298,0.12316,258827.0975,0.0012999676838822778
2025-12-31 06:00:00,0.12316,0.1232,0.12304,0.12307,89234.4716,-0.0007310238720543822
2025-12-31 07:00:00,0.12307,0.1234,0.12289,0.1234,469080.8463,0.0026778122870420606
2025-12-31 08:00:00,0.1234,0.1237,0.123,0.12309,331459.665,-0.0025153163490829367
2025-12-31 09:00:00,0.12309,0.12323,0.123,0.12315,420682.9655,0.00048732944434234975
2025-12-31 10:00:00,0.12313,0.12325,0.12285,0.12304,626542.781,-0.0008936188092130902
2025-12-31 11:00:00,0.12307,0.12364,0.12301,0.12344,5747990.5527,0.0032457022975715556
2025-12-31 12:00:00,0.12344,0.12348,0.1229,0.12302,524384.085,-0.003408264274683068
2025-12-31 13:00:00,0.12301,0.12328,0.12293,0.12322,671430.2058,0.0016244318062024218
2025-12-31 14:00:00,0.12323,0.1238,0.12281,0.12295,664807.2816,-0.0021936069242230525
2025-12-31 15:00:00,0.12295,0.12295,0.1206,0.12115,4321297.4106,-0.014748321399666933
2025-12-31 16:00:00,0.12118,0.12152,0.11604,0.11899,11025555.6965745,-0.017989991295472615
2025-12-31 17:00:00,0.11888,0.119,0.11797,0.11802,1798190.2778,-0.00818535433803935
2025-12-31 18:00:00,0.11796,0.11828,0.11714,0.11717,1377407.8635,-0.007228229948958578
2025-12-31 19:00:00,0.11719,0.11756,0.11712,0.11729,1601680.5382,0.001023628853349526
2025-12-31 20:00:00,0.11724,0.11738,0.11615,0.11719,1373505.5981,-0.0008529512629027311
2025-12-31 21:00:00,0.11716,0.11767,0.11712,0.11753,433869.7882,0.0028970708742518305
2025-12-31 22:00:00,0.1175,0.11784,0.11712,0.1177,623401.2045,0.0014453941214683413
2025-12-31 23:00:00,0.11767,0.11768,0.11733,0.11746,383268.073,-0.0020411641718575935
2026-01-01 00:00:00,0.11749,0.11798,0.11749,0.11793,782335.9943,0.003993378007505211
2026-01-01 01:00:00,0.11797,0.11865,0.11797,0.11851,707117.9712,0.00490611709847872
2026-01-01 02:00:00,0.11854,0.1188,0.11835,0.11858,586744.1715,0.0005904930788644295
2026-01-01 03:00:00,0.11859,0.11869,0.1182,0.11829,513454.4859,-0.002448601721576105
2026-01-01 04:00:00,0.1183,0.11841,0.11796,0.11802,723114.6596,-0.002285134928622842
2026-01-01 05:00:00,0.11801,0.11871,0.118,0.11854,962376.9027,0.004396354730669417
2026-01-01 06:00:00,0.11854,0.11865,0.11831,0.11844,285151.598,-0.0008439531263016558
2026-01-01 07:00:00,0.11845,0.11864,0.11836,0.11845,322338.9784,8.44273714039943e-05
2026-01-01 08:00:00,0.11845,0.12042,0.11839,0.12037,1822070.1563,0.016079401786849034
2026-01-01 09:00:00,0.12038,0.12125,0.12021,0.12034,5474619.3274,-0.0002492625994377258
2026-01-01 10:00:00,0.12039,0.12074,0.12023,0.12054,358116.4264,0.0016605782626923327
2026-01-01 11:00:00,0.12056,0.12088,0.12042,0.12065,379691.1371,0.0009121440161426694
2026-01-01 12:00:00,0.12067,0.12078,0.12047,0.12065,640685.9643,0.0
2026-01-01 13:00:00,0.12063,0.12105,0.12057,0.12084,710759.8846,0.0015735644474305383
2026-01-01 14:00:00,0.12084,0.12106,0.12031,0.12072,1715394.4805,-0.0009935420588779009
2026-01-01 15:00:00,0.12076,0.1275,0.12068,0.12465,9452522.3796,0.032035995509973415
2026-01-01 16:00:00,0.12468,0.12552,0.12364,0.12437,5162838.1838,-0.00224881630391724
2026-01-01 17:00:00,0.1244,0.12545,0.12428,0.1249,1595761.74,0.004252423465882465
2026-01-01 18:00:00,0.12496,0.12529,0.12452,0.12474,2783977.7416,-0.0012818460335553645
2026-01-01 19:00:00,0.1248,0.12586,0.12474,0.12579,1018252.1585,0.008382278752804439
2026-01-01 20:00:00,0.12584,0.12639,0.1255,0.12614,3353229.2866,0.0027785513847240987
2026-01-01 21:00:00,0.12614,0.12633,0.12569,0.1263,782224.6429,0.001267628120940247
2026-01-01 22:00:00,0.12636,0.12701,0.12629,0.12662,657915.3351,0.002530445759535258
2026-01-01 23:00:00,0.12671,0.1272,0.12642,0.12684,1045406.7651,0.0017359745541660867
2026-01-02 00:00:00,0.12691,0.12695,0.12592,0.12647,1149952.0623,-0.0029213237782616656
2026-01-02 01:00:00,0.12648,0.12696,0.12625,0.12662,722729.9528,0.0011853492240955187
2026-01-02 02:00:00,0.12661,0.12702,0.12625,0.12686,486422.6496,0.001893641089770588
2026-01-02 03:00:00,0.12685,0.12944,0.12659,0.12864,5838570.1938,0.013933689224905151
2026-01-02 04:00:00,0.12868,0.12906,0.12784,0.12828,2694016.6358,-0.0028024306057020105
2026-01-02 05:00:00,0.12829,0.12838,0.1275,0.12812,1324671.6834,-0.0012480500839967552
2026-01-02 06:00:00,0.12816,0.12885,0.12813,0.12857,1758465.4606,0.0035061783551999285
2026-01-02 07:00:00,0.12857,0.12874,0.12769,0.12791,1962013.3017,-0.005146611484855595
2026-01-02 08:00:00,0.12791,0.12892,0.1279,0.12884,1802500.8663,0.007244432851696347
2026-01-02 09:00:00,0.12888,0.13479,0.12867,0.13272,11157158.25054162,0.029670321419190984
2026-01-02 10:00:00,0.13275,0.13353,0.13205,0.13299,3113318.3377,0.002032291542882651
2026-01-02 11:00:00,0.13303,0.13304,0.12854,0.12948,5655965.0611,-0.02674750836702811
2026-01-02 12:00:00,0.12946,0.13189,0.12929,0.13139,3400247.6833,0.014643570595687065
2026-01-02 13:00:00,0.1314,0.13252,0.13117,0.13169,3594758.4059,0.0022806760683979407
2026-01-02 14:00:00,0.1317,0.13537,0.12958,0.13405,17201079.2896,0.017762188959839654
2026-01-02 15:00:00,0.1341,0.13628,0.13308,0.13527,3391510.9492,0.00905991641913416
2026-01-02 16:00:00,0.13528,0.13854,0.13482,0.13833,4282073.97945476,0.02236935378562152
2026-01-02 17:00:00,0.1384,0.13979,0.13804,0.13922,5007803.4288,0.006413280853796507
2026-01-02 18:00:00,0.13919,0.13993,0.13745,0.13825,3600586.2137,-0.006991775338076241
2026-01-02 19:00:00,0.13835,0.13951,0.13828,0.13945,3161095.2422,0.008642473671053669
2026-01-02 20:00:00,0.13951,0.14045,0.1389,0.13962,2490912.0468,0.001218332468757504
2026-01-02 21:00:00,0.13963,0.14236,0.13944,0.14136,4282931.3496,0.01238538146918577
2026-01-02 22:00:00,0.14138,0.14495,0.14126,0.14427,12803210.3682,0.02037671594624008
2026-01-02 23:00:00,0.14425,0.14432,0.14147,0.14186,2343999.9528,-0.016845888183740228
2026-01-03 00:00:00,0.14187,0.14325,0.14187,0.14192,1872752.5433,0.00042286278732853096
2026-01-03 01:00:00,0.14192,0.14289,0.1417,0.14213,1459299.00281183,0.001478613189651181
2026-01-03 02:00:00,0.14213,0.1437,0.14125,0.14352,2624278.9192,0.009732266559565597
2026-01-03 03:00:00,0.14353,0.14449,0.14302,0.14409,2130007.4222,0.003963706034356642
2026-01-03 04:00:00,0.14404,0.14425,0.14266,0.14279,1805742.4262,-0.009063084902638751
2026-01-03 05:00:00,0.14286,0.1433,0.14213,0.14291,1864024.1538,0.0008400420514995232
2026-01-03 06:00:00,0.14292,0.14383,0.14132,0.14195,1485397.6045,-0.006740178574723341
2026-01-03 07:00:00,0.14198,0.14216,0.13916,0.13997,4492225.8517,-0.014046768986425578
2026-01-03 08:00:00,0.13997,0.14147,0.13938,0.14087,1729562.2061,0.006409365339660898
2026-01-03 09:00:00,0.14091,0.1432,0.14035,0.14257,3181438.4395,0.011995627893654225
2026-01-03 10:00:00,0.14261,0.14322,0.14242,0.14265,1826905.3584,0.0005609704936393032
2026-01-03 11:00:00,0.14266,0.14278,0.14219,0.14248,718837.5959,-0.001192438678102844
2026-01-03 12:00:00,0.14248,0.14304,0.14226,0.14262,1912200.4714,0.0009821116187513541
2026-01-03 13:00:00,0.14259,0.14313,0.14247,0.14293,884868.9499,0.0021712493208662243
2026-01-03 14:00:00,0.1429,0.14343,0.14222,0.14251,1295536.5788,-0.0029428272359030105
2026-01-03 15:00:00,0.14245,0.14274,0.14219,0.14222,559520.2388,-0.0020370182297487736
2026-01-03 16:00:00,0.14221,0.14235,0.14093,0.14116,2526160.4714,-0.007481155648302654
2026-01-03 17:00:00,0.1412,0.14185,0.14078,0.14156,911432.6700824,0.0028296566701930957
2026-01-03 18:00:00,0.14155,0.14236,0.14134,0.14181,826125.7472,0.0017644779959921071
2026-01-03 19:00:00,0.14176,0.14181,0.14143,0.14166,380842.5888,-0.0010583131477780658
2026-01-03 20:00:00,0.14167,0.1426,0.14126,0.1423,1135591.9286,0.004507684770330049
2026-01-03 21:00:00,0.1423,0.1429,0.14207,0.14241,905864.5856,0.000772716135529638
2026-01-03 22:00:00,0.1424,0.14315,0.14215,0.14274,873747.1139,0.002314572311585016
2026-01-03 23:00:00,0.14276,0.14368,0.14276,0.14315,1470936.04953774,0.0028682380012026694
2026-01-04 00:00:00,0.14307,0.14718,0.14277,0.14638,6614726.4991,0.022312948628957028
2026-01-04 01:00:00,0.14635,0.14661,0.14507,0.14654,1233286.5899,0.0010924485587368135
2026-01-04 02:00:00,0.14655,0.14748,0.14608,0.1471,1849760.2693,0.0038141988755739952
2026-01-04 03:00:00,0.14715,0.15193,0.14684,0.15097,6402645.597,0.025968513972252794
2026-01-04 04:00:00,0.15102,0.15331,0.15076,0.15203,4216047.5475,0.006996728213099919
2026-01-04 05:00:00,0.15211,0.15294,0.15138,0.15276,1506913.3623,0.004790192564570832
2026-01-04 06:00:00,0.15277,0.1541,0.14983,0.15037,6783235.528089,-0.015769138823086698
2026-01-04 07:00:00,0.15042,0.15203,0.15024,0.1515,2892445.2506,0.0074867014151950035
2026-01-04 08:00:00,0.15149,0.15242,0.1507,0.1522,1844984.1292,0.004609820478161707
2026-01-04 09:00:00,0.15214,0.15274,0.15135,0.15218,1927746.33965487,-0.00013141467920870103
2026-01-04 10:00:00,0.15218,0.1528,0.15193,0.15231,1472497.2256,0.0008538868790358235
2026-01-04 11:00:00,0.15228,0.15228,0.15117,0.15194,1231785.1279,-0.0024322115523372286
2026-01-04 12:00:00,0.15187,0.15417,0.1516,0.15292,4147521.1519,0.006429202753136624
2026-01-04 13:00:00,0.15291,0.15329,0.15181,0.15217,1146180.26394405,-0.0049165918961889205
2026-01-04 14:00:00,0.15214,0.15253,0.15047,0.15139,2274449.3612,-0.005139028308235718
2026-01-04 15:00:00,0.15139,0.15176,0.15047,0.15142,1358353.8421,0.00019814405137307672
2026-01-04 16:00:00,0.15141,0.15213,0.15053,0.15199,3717263.7335,0.003757296533209193
2026-01-04 17:00:00,0.15195,0.1528,0.15177,0.15218,1766030.4751,0.0012493015400070594
2026-01-04 18:00:00,0.15219,0.15219,0.15082,0.15171,1820150.3243,-0.0030932269883753006
2026-01-04 19:00:00,0.15158,0.15174,0.14766,0.14986,8421955.163,-0.012269278823836806
2026-01-04 20:00:00,0.14986,0.15063,0.14964,0.14991,863185.7208,0.000333589088058714
2026-01-04 21:00:00,0.14985,0.15066,0.14892,0.14934,1651586.9504,-0.0038095284166676188
2026-01-04 22:00:00,0.14935,0.1499,0.1486,0.14901,391105.5741,-0.0022121678201867953
2026-01-04 23:00:00,0.14908,0.15018,0.14879,0.14956,877937.5515,0.0036842323215441927
2026-01-05 00:00:00,0.14951,0.15129,0.14881,0.15047,2840163.8641,0.006066078661873592
2026-01-05 01:00:00,0.1505,0.15246,0.15002,0.15175,5204847.2898,0.008470701168820963
2026-01-05 02:00:00,0.15179,0.15224,0.15055,0.15198,7892696.5083,0.0015145033020312647
2026-01-05 03:00:00,0.15195,0.15225,0.15141,0.1516,1194475.2454,-0.00250346003336757
2026-01-05 04:00:00,0.15161,0.15175,0.14879,0.15064,4127551.8636,-0.006352588859374468
2026-01-05 05:00:00,0.15064,0.15106,0.15027,0.15027,1436063.3446,-0.0024592083112619095
2026-01-05 06:00:00,0.15026,0.15109,0.14933,0.15058,2337047.7284,0.0020608283843411386
2026-01-05 07:00:00,0.15056,0.15077,0.14996,0.15001,502793.1789,-0.003792545881177135
2026-01-05 08:00:00,0.15002,0.15073,0.14924,0.14924,1048750.4955,-0.005146210187841857
2026-01-05 09:00:00,0.14931,0.14932,0.14633,0.1469,4463731.434,-0.01580366517312557
2026-01-05 10:00:00,0.14692,0.14824,0.14584,0.14726,3926198.6746,0.002447648760739052
2026-01-05 11:00:00,0.14723,0.1479,0.14678,0.14775,938725.629,0.003321924345636763
2026-01-05 12:00:00,0.14779,0.14782,0.14691,0.14738,830974.7763,-0.0025073709473541596
2026-01-05 13:00:00,0.14738,0.14798,0.14654,0.14699,2480013.1231,-0.0026497280849569634
2026-01-05 14:00:00,0.14693,0.14885,0.14633,0.14821,2906581.6941,0.008265629714927378
2026-01-05 15:00:00,0.14822,0.14947,0.14656,0.14887,3983339.1953,0.004443254920142252
2026-01-05 16:00:00,0.14884,0.1514,0.14845,0.15049,3744047.4583,0.010823194909661356
2026-01-05 17:00:00,0.15048,0.15388,0.14883,0.15302,6906630.93703231,0.016671995005078467
2026-01-05 18:00:00,0.15305,0.15308,0.15099,0.15222,2204008.0447,-0.005241788964460237
2026-01-05 19:00:00,0.1522,0.15295,0.15135,0.15181,1339825.1731,-0.002697103894621683
2026-01-05 20:00:00,0.15178,0.15431,0.15088,0.15142,2299186.7839,-0.0025723062694632285
2026-01-05 21:00:00,0.15148,0.15329,0.15121,0.15188,2050238.7473,0.0030333026884410206
2026-01-05 22:00:00,0.15184,0.15319,0.1514,0.15268,741474.1367,0.0052534925134274605
2026-01-05 23:00:00,0.15274,0.15288,0.15166,0.15174,509915.3028,-0.006175697967100173
2026-01-06 00:00:00,0.15171,0.15208,0.1492,0.15203,3650377.5369,0.0019093398828157419
2026-01-06 01:00:00,0.152,0.15452,0.15124,0.15149,2760840.0415,-0.0035582536225122717
2026-01-06 02:00:00,0.1515,0.15286,0.15141,0.15152,2254472.5457,0.0001980132675356498
2026-01-06 03:00:00,0.15148,0.15311,0.15102,0.15283,1456374.8113,0.008608563101976966
2026-01-06 04:00:00,0.1528,0.1529,0.15184,0.15188,513384.78103224,-0.006235457176143415
2026-01-06 05:00:00,0.15187,0.15203,0.15099,0.15146,1206775.7436,-0.002769171677924765
2026-01-06 06:00:00,0.15145,0.15241,0.15056,0.15109,2171935.9687,-0.002445877933927121
2026-01-06 07:00:00,0.15116,0.15116,0.14916,0.14958,1402935.9176,-0.010044318988228117
2026-01-06 08:00:00,0.14957,0.15037,0.14952,0.14968,1352066.3089,0.0006683152023127603
2026-01-06 09:00:00,0.14968,0.15089,0.14953,0.15058,577503.9776,0.0059948224561418954
2026-01-06 10:00:00,0.15058,0.15083,0.15011,0.15062,663388.569,0.00026560425122941955
2026-01-06 11:00:00,0.15059,0.1509,0.15027,0.1504,1045427.4429,-0.001461697157466188
2026-01-06 12:00:00,0.15046,0.15209,0.15009,0.15182,1222648.082,0.009397197072882654
2026-01-06 13:00:00,0.15178,0.15205,0.15128,0.15158,682053.349,-0.0015820702047392179
2026-01-06 14:00:00,0.15161,0.15656,0.1516,0.1526,8776759.4838,0.0067065804664737175
2026-01-06 15:00:00,0.15259,0.15351,0.14914,0.14995,4566194.6356,-0.017518213655338632
2026-01-06 16:00:00,0.14989,0.15032,0.14419,0.14554,15848336.1558,-0.02985094227607767
2026-01-06 17:00:00,0.1455,0.14663,0.14353,0.14418,4034160.4668,-0.0093884439425079
2026-01-06 18:00:00,0.14405,0.14617,0.14372,0.14558,2132946.98,0.009663244713679162
2026-01-06 19:00:00,0.14563,0.146,0.14531,0.14593,1146582.7332,0.0024012909895427385
2026-01-06 20:00:00,0.14596,0.14744,0.14595,0.14725,1004515.0746,0.009004767852041535
2026-01-06 21:00:00,0.14732,0.15087,0.14678,0.14975,2559708.1845,0.016835414463862584
2026-01-06 22:00:00,0.14973,0.15074,0.14964,0.14994,960319.5465,0.0012679770793573417
2026-01-06 23:00:00,0.14997,0.151,0.14984,0.15057,968681.0307,0.004192878260036178
2026-01-07 00:00:00,0.15056,0.15056,0.14806,0.14821,940133.1068,-0.01579790536612838
2026-01-07 01:00:00,0.14824,0.14872,0.14719,0.14758,1188149.22598125,-0.00425978533860312
2026-01-07 02:00:00,0.14759,0.14856,0.14694,0.14853,2080624.9093,0.006416556411220787
2026-01-07 03:00:00,0.14859,0.14933,0.14823,0.14837,1214208.17194644,-0.001077804078739058
2026-01-07 04:00:00,0.14841,0.14869,0.14771,0.14823,392372.4017,-0.0009440324369339498
2026-01-07 05:00:00,0.14825,0.14852,0.14736,0.14765,698276.4821,-0.00392051333583659
2026-01-07 06:00:00,0.14764,0.14864,0.14764,0.14819,590195.7091,0.003650626012155325
2026-01-07 07:00:00,0.14822,0.14919,0.1482,0.14905,271658.5826,0.005786585921993368
2026-01-07 08:00:00,0.14909,0.15414,0.14903,0.15344,5301162.0556,0.029027791011047663
2026-01-07 09:00:00,0.15342,0.15343,0.14831,0.14851,3416561.13521164,-0.03265731509227423
2026-01-07 10:00:00,0.14849,0.14895,0.1475,0.14844,1170837.8171,-0.0004714598504570759
2026-01-07 11:00:00,0.14836,0.14954,0.14831,0.14892,753716.6635,0.0032284128121194
2026-01-07 12:00:00,0.14892,0.14896,0.14793,0.14806,1134930.0064,-0.00579165198956381
2026-01-07 13:00:00,0.14812,0.14881,0.14746,0.14774,926893.9804,-0.0021636249143605186
2026-01-07 14:00:00,0.14781,0.14802,0.14506,0.14775,6014908.795,6.768418561571984e-05
2026-01-07 15:00:00,0.1478,0.14784,0.14487,0.14615,4025122.0621,-0.010888164728952562
2026-01-07 16:00:00,0.14605,0.14793,0.14604,0.14762,1479884.4973,0.010007912784651315
2026-01-07 17:00:00,0.14771,0.14848,0.1468,0.14707,1892906.2921,-0.0037327404296839083
2026-01-07 18:00:00,0.14706,0.1474,0.14605,0.14653,1483596.8637,-0.0036784782622887257
2026-01-07 19:00:00,0.14654,0.1472,0.14548,0.14661,1415687.5761,0.0005458143002392965
2026-01-07 20:00:00,0.14669,0.14689,0.14554,0.14627,571386.3862,-0.0023217710511760207
2026-01-07 21:00:00,0.14631,0.14702,0.14629,0.14642,481143.55449543,0.00102497531949962
2026-01-07 22:00:00,0.14642,0.14729,0.14545,0.14611,602396.5383,-0.002119441534503576
2026-01-07 23:00:00,0.14609,0.1472,0.14545,0.14645,768840.0445,0.002324310589749402
2026-01-08 00:00:00,0.14636,0.14757,0.14581,0.14718,962124.5163,0.004972254224710448
2026-01-08 01:00:00,0.14719,0.14774,0.14654,0.14748,922469.5478,0.002036245867490854
2026-01-08 02:00:00,0.1474,0.14763,0.14565,0.146,1204269.9736,-0.010085951657607409
2026-01-08 03:00:00,0.14594,0.14658,0.14461,0.14525,782391.1424,-0.005150225976315793
2026-01-08 04:00:00,0.14523,0.14739,0.14491,0.14691,571723.3479,0.011363758650315223
2026-01-08 05:00:00,0.14699,0.14738,0.14542,0.14562,592188.3042,-0.008819665415770816
2026-01-08 06:00:00,0.14569,0.14575,0.14239,0.14251,3825567.0104,-0.021588316281444274
2026-01-08 07:00:00,0.14259,0.14412,0.14123,0.14398,3967499.4667,0.010262228356035978
2026-01-08 08:00:00,0.144,0.14479,0.14325,0.14348,1198620.5826,-0.0034787483770750143
2026-01-08 09:00:00,0.14354,0.14397,0.14231,0.14233,873686.8178,-0.008047347581547787
2026-01-08 10:00:00,0.14238,0.14333,0.1414,0.14304,3533313.54363543,0.004976006342670062
2026-01-08 11:00:00,0.14301,0.14314,0.13796,0.14097,8108474.9018,-0.01457720964236994
2026-01-08 12:00:00,0.14094,0.14098,0.13912,0.13959,2931214.0665,-0.009837547258167365
2026-01-08 13:00:00,0.13954,0.14026,0.13926,0.13973,740354.7939,0.001002434567689672
2026-01-08 14:00:00,0.13972,0.14021,0.13829,0.13973,2787373.9215,0.0
2026-01-08 15:00:00,0.13968,0.1421,0.13903,0.14191,2758250.0774,0.015481064754089674
2026-01-08 16:00:00,0.14197,0.14245,0.14063,0.14245,960925.5692,0.0037980070974711387
2026-01-08 17:00:00,0.1424,0.14325,0.1417,0.14311,1615518.4846,0.0046225043788670084
2026-01-08 18:00:00,0.14305,0.14316,0.14187,0.14214,1281354.0118,-0.006801077924035311
2026-01-08 19:00:00,0.14217,0.14297,0.14175,0.14189,1931256.8561,-0.001760377879527127
2026-01-08 20:00:00,0.1419,0.14231,0.14096,0.14212,669584.1557,0.0016196616336044075
2026-01-08 21:00:00,0.14213,0.14306,0.14202,0.14293,610732.7136,0.005683228768197511
2026-01-08 22:00:00,0.143,0.14345,0.14179,0.14251,784069.3018,-0.0029428272359030105
2026-01-08 23:00:00,0.14256,0.14288,0.14198,0.14198,423088.3186,-0.0037259700738809733
2026-01-09 00:00:00,0.14202,0.14259,0.14198,0.14249,222934.7304,0.003585619196457593
2026-01-09 01:00:00,0.14258,0.14362,0.1412,0.14195,2402054.4226,-0.003796938888717337
2026-01-09 02:00:00,0.14188,0.14337,0.14187,0.14202,903825.8919,0.0004930098349675422
2026-01-09 03:00:00,0.14195,0.14307,0.14187,0.143,405578.6523,0.006876737505959507
2026-01-09 04:00:00,0.14308,0.14318,0.1422,0.14245,468304.9191,-0.0038535693159899662
2026-01-09 05:00:00,0.14242,0.14302,0.1423,0.14292,655881.5158,0.0032939722112918166
2026-01-09 06:00:00,0.14285,0.14317,0.14255,0.14314,1383544.079,0.001538139155242453
2026-01-09 07:00:00,0.14313,0.14313,0.14193,0.14194,578480.6824,-0.008418739213614466
2026-01-09 08:00:00,0.14196,0.14214,0.13883,0.13969,2605856.194,-0.015978751357377394
2026-01-09 09:00:00,0.1397,0.14099,0.1397,0.14068,953621.83582944,0.007062125866322148
2026-01-09 10:00:00,0.14068,0.1412,0.1404,0.14084,1008544.7055,0.0011366866810700663
2026-01-09 11:00:00,0.14088,0.14101,0.14017,0.14034,1172258.4851,-0.003556444462709094
2026-01-09 12:00:00,0.14032,0.14053,0.13975,0.13992,712481.8358,-0.0029972191137960453
2026-01-09 13:00:00,0.13995,0.1416,0.13994,0.14048,1563585.6299,0.003994299176459858
2026-01-09 14:00:00,0.1405,0.1405,0.13856,0.13891,1956028.5625001,-0.011238888477508521
2026-01-09 15:00:00,0.13894,0.14461,0.13826,0.14205,4653198.7719,0.022352866890898975
2026-01-09 16:00:00,0.14215,0.14424,0.14208,0.14367,2192996.1834,0.011339894722430584
2026-01-09 17:00:00,0.14377,0.14377,0.14119,0.1425,941984.6425,-0.008177003313922465
2026-01-09 18:00:00,0.1425,0.14259,0.13905,0.14051,996589.1907,-0.01406333909045635
2026-01-09 19:00:00,0.14047,0.14047,0.13897,0.13962,589357.8388,-0.006354214075993512
2026-01-09 20:00:00,0.13953,0.14039,0.13936,0.13992,471684.2026,0.0021463841680912496
2026-01-09 21:00:00,0.13991,0.14096,0.13969,0.14088,1191062.5676,0.006837633477604189
2026-01-09 22:00:00,0.14086,0.14116,0.14022,0.14109,595913.8072,0.0014895204371155632
2026-01-09 23:00:00,0.14103,0.14111,0.14049,0.14071,177165.1694,-0.0026969498249018752
2026-01-10 00:00:00,0.14071,0.14071,0.14016,0.14028,173925.4588,-0.0030606095281870815
2026-01-10 01:00:00,0.14028,0.14047,0.14008,0.14034,240757.53355907,0.0004276245521652359
2026-01-10 02:00:00,0.14037,0.1407,0.13976,0.14022,355535.3732,-0.0008554320453209799
2026-01-10 03:00:00,0.14026,0.14054,0.13973,0.1403,332893.2562,0.0005703693295935538
2026-01-10 04:00:00,0.1403,0.14042,0.13966,0.14019,446939.2839,-0.0007843417279707952
2026-01-10 05:00:00,0.14019,0.14052,0.14007,0.14012,107630.543,-0.0004994470511585497
2026-01-10 06:00:00,0.14011,0.14015,0.13947,0.13992,190538.798,-0.0014283676189394735
2026-01-10 07:00:00,0.13991,0.14058,0.13986,0.14042,913148.257,0.003567100878756182
2026-01-10 08:00:00,0.14042,0.14046,0.13954,0.13982,980838.1552,-0.004282050505263557
2026-01-10 09:00:00,0.13986,0.14036,0.13973,0.14018,670091.3874,0.0025714299883396836
2026-01-10 10:00:00,0.1402,0.14053,0.14008,0.14045,716429.3667,0.0019242424780739236
2026-01-10 11:00:00,0.14046,0.14047,0.13978,0.13999,818914.7493,-0.003280562063518761
2026-01-10 12:00:00,0.14001,0.14026,0.1399,0.14015,457008.0498,0.0011422861240634552
2026-01-10 13:00:00,0.14018,0.14043,0.13988,0.14012,303212.2112,-0.00021407928151121836
2026-01-10 14:00:00,0.1401,0.14013,0.13964,0.13992,774968.308,-0.0014283676189394735
2026-01-10 15:00:00,0.13993,0.1402,0.13988,0.13997,277097.9581,0.0003572832222081402
2026-01-10 16:00:00,0.13994,0.14023,0.13974,0.14002,196418.6538,0.0003571556164968815
2026-01-10 17:00:00,0.14005,0.1403,0.1397,0.13974,494108.2671,-0.0020017164247469045
2026-01-10 18:00:00,0.13973,0.14016,0.13954,0.13998,436813.9406,0.0017160021370888668
2026-01-10 19:00:00,0.13998,0.14034,0.13989,0.1403,251859.8098,0.002283431847021793
2026-01-10 20:00:00,0.14031,0.14045,0.14002,0.14006,154858.8059,-0.0017120848810437005
2026-01-10 21:00:00,0.14,0.14008,0.13978,0.13989,307205.87579132,-0.0012145027390325638
2026-01-10 22:00:00,0.13988,0.13998,0.13912,0.13919,327131.1917,-0.005016493249029869
2026-01-10 23:00:00,0.13918,0.13984,0.1391,0.13968,184226.5289,0.0035141858519827838
2026-01-11 00:00:00,0.13962,0.13963,0.13876,0.13898,1520549.0743,-0.005024054205110877
2026-01-11 01:00:00,0.13897,0.13915,0.13857,0.13911,712088.09998978,0.0009349491852981051
2026-01-11 02:00:00,0.13912,0.1394,0.1389,0.13907,964659.5128,-0.0002875835809597396
2026-01-11 03:00:00,0.13908,0.13922,0.1389,0.13907,244525.0892,0.0
2026-01-11 04:00:00,0.13907,0.13919,0.13875,0.13919,522157.1681,0.000862502748789807
2026-01-11 05:00:00,0.13909,0.13979,0.13899,0.13952,938293.5096,0.002368053921360328
2026-01-11 06:00:00,0.13952,0.13971,0.13905,0.13967,536076.6954,0.001074537157010364
2026-01-11 07:00:00,0.13969,0.14003,0.13951,0.14001,483815.2224,0.0024313513121539936
2026-01-11 08:00:00,0.13999,0.14028,0.13978,0.14017,555037.6573,0.0011421230451323257
2026-01-11 09:00:00,0.14016,0.14034,0.13981,0.13998,544278.0389,-0.0013564164135727293
2026-01-11 10:00:00,0.13999,0.14017,0.13975,0.13991,447927.8407,-0.0005001965161989483
2026-01-11 11:00:00,0.13989,0.13989,0.13945,0.1397,557706.3683,-0.0015020924822785327
2026-01-11 12:00:00,0.13971,0.14117,0.13964,0.14093,519649.1998,0.008766046940503614
2026-01-11 13:00:00,0.14096,0.14098,0.14032,0.14044,367564.5446,-0.0034829619031880943
2026-01-11 14:00:00,0.14044,0.14114,0.14037,0.14094,712787.7378,0.0035539165986450396
2026-01-11 15:00:00,0.14096,0.141,0.13669,0.13812,5908525.6193,-0.02021139537708496
2026-01-11 16:00:00,0.13815,0.13997,0.13806,0.13883,4657335.5175,0.005127290524919463
2026-01-11 17:00:00,0.13889,0.1391,0.13784,0.1388,1340304.7077,-0.0002161149740068666
2026-01-11 18:00:00,0.1388,0.1388,0.13797,0.13849,464840.3328,-0.0022359272180778518
2026-01-11 19:00:00,0.13855,0.13856,0.13729,0.13759,918471.2025,-0.006519872414901264
2026-01-11 20:00:00,0.13759,0.13759,0.13589,0.13689,1932142.9179,-0.0051005648323041225
2026-01-11 21:00:00,0.13688,0.13775,0.13594,0.13763,1728553.648,0.00539124138402032
2026-01-11 22:00:00,0.1376,0.13761,0.1364,0.13701,634569.0352,-0.004515009126423934
2026-01-11 23:00:00,0.13699,0.13832,0.13609,0.13799,1268039.8026,0.007127302898445831
2026-01-12 00:00:00,0.13801,0.13875,0.13665,0.13875,2209182.9478,0.005492533863080994
2026-01-12 01:00:00,0.13871,0.13956,0.13843,0.13916,1819565.7316,0.0029505976571974494
2026-01-12 02:00:00,0.13918,0.1421,0.13907,0.14155,2309246.5248,0.017028661274167353
2026-01-12 03:00:00,0.14156,0.14235,0.14032,0.14042,5912165.45,-0.008015079968806021
2026-01-12 04:00:00,0.14046,0.14104,0.14017,0.14079,2026263.1272,0.002631486885333249
2026-01-12 05:00:00,0.1408,0.14132,0.14021,0.141,869385.3024,0.0014904719037323187
2026-01-12 06:00:00,0.141,0.141,0.1395,0.13958,905931.5585,-0.010121976789162481
2026-01-12 07:00:00,0.13959,0.14027,0.1378,0.13796,1872915.5726,-0.011674125520365532
2026-01-12 08:00:00,0.13794,0.13873,0.13559,0.13677,2478519.00016602,-0.00866310517518037
2026-01-12 09:00:00,0.1368,0.13716,0.13646,0.1367,697372.7639,-0.0005119391635559368
2026-01-12 10:00:00,0.1367,0.13719,0.13618,0.13636,404494.272,-0.0024902964602014025
2026-01-12 11:00:00,0.13637,0.13694,0.13626,0.13672,644991.5115,0.0026365915376331344
2026-01-12 12:00:00,0.13671,0.13678,0.13623,0.13635,923937.1207,-0.0027099295157379678
2026-01-12 13:00:00,0.13633,0.13654,0.13563,0.13613,1026181.7989,-0.001614797767215779
2026-01-12 14:00:00,0.13611,0.13741,0.13492,0.13684,2306412.2044,0.005202048585022165
2026-01-12 15:00:00,0.13681,0.13862,0.1363,0.13847,1924186.4371,0.011841335557218793
2026-01-12 16:00:00,0.13842,0.14013,0.13825,0.13934,1526111.7518,0.0062632939353501555
2026-01-12 17:00:00,0.13936,0.13969,0.13688,0.138,1204815.4549,-0.009663304444768005
2026-01-12 18:00:00,0.13803,0.13898,0.13767,0.13814,1483263.183,0.0010139785036220549
2026-01-12 19:00:00,0.13812,0.13845,0.13766,0.13831,363479.6482,0.001229878975789611
2026-01-12 20:00:00,0.13833,0.13892,0.13718,0.13725,672379.6327,-0.007693462246976365
2026-01-12 21:00:00,0.13724,0.13727,0.13557,0.13615,942378.5681,-0.00804686126987158
2026-01-12 22:00:00,0.1362,0.13715,0.13611,0.13697,705915.5114,0.006004704626961361
2026-01-12 23:00:00,0.13697,0.13704,0.13632,0.13663,394855.6235,-0.0024853813963333707
2026-01-13 00:00:00,0.13661,0.13711,0.1364,0.13698,671661.872,0.0025583874193624836
2026-01-13 01:00:00,0.13701,0.13742,0.13631,0.13664,443127.2991,-0.002485199729499244
2026-01-13 02:00:00,0.1367,0.13739,0.1367,0.13683,790941.6223,0.0013895493514590454
2026-01-13 03:00:00,0.13685,0.13739,0.13655,0.13713,487243.0707,0.002190101620043933
2026-01-13 04:00:00,0.13713,0.13788,0.13713,0.13786,742179.2129,0.005309296445743059
2026-01-13 05:00:00,0.13787,0.13955,0.13785,0.13892,1053554.1792,0.007659550418367321
2026-01-13 06:00:00,0.13898,0.13952,0.13864,0.13903,1184906.4329,0.0007915093055786879
2026-01-13 07:00:00,0.13905,0.13909,0.13843,0.13864,516908.0933,-0.0028090917741011292
2026-01-13 08:00:00,0.13863,0.13997,0.13863,0.1397,885268.434,0.007616620855565231
2026-01-13 09:00:00,0.13969,0.14035,0.13919,0.13958,1027773.1111,-0.0008593526739104376
2026-01-13 10:00:00,0.13963,0.14016,0.13926,0.13935,360156.2024,-0.0016491596610483986
2026-01-13 11:00:00,0.13937,0.1394,0.1389,0.13906,458332.3771,-0.0020832592570855187
2026-01-13 12:00:00,0.13911,0.13967,0.1388,0.13948,406291.4473,0.0030157271365785676
2026-01-13 13:00:00,0.1395,0.14083,0.13922,0.13962,4973341.0692,0.0010032247348049901
2026-01-13 14:00:00,0.13961,0.14188,0.13892,0.1404,2939665.852,0.0055710450494554295
2026-01-13 15:00:00,0.14037,0.14235,0.13937,0.14211,2150200.0071,0.012105914012059318
2026-01-13 16:00:00,0.14223,0.14355,0.14209,0.14285,2510027.5984,0.005193723073012186
2026-01-13 17:00:00,0.14293,0.14305,0.14195,0.14245,1317539.4856,-0.002804067732864891
2026-01-13 18:00:00,0.14244,0.14379,0.14224,0.14327,727150.0858,0.005739900961363755
2026-01-13 19:00:00,0.14329,0.14474,0.14305,0.14438,1030854.767,0.0077177508057339785
2026-01-13 20:00:00,0.14439,0.14502,0.14355,0.14423,2458921.0109,-0.0010394651155961742
2026-01-13 21:00:00,0.14426,0.14484,0.14415,0.14459,928631.8961,0.0024929034446161376
2026-01-13 22:00:00,0.1446,0.15041,0.1446,0.14962,8626710.922,0.03419659540422388
2026-01-13 23:00:00,0.14969,0.15091,0.14742,0.14826,3645622.2061,-0.009131257215685099
2026-01-14 00:00:00,0.14824,0.14929,0.14792,0.14826,1517735.2361,0.0
2026-01-14 01:00:00,0.14827,0.14868,0.1472,0.14765,1864259.8201,-0.004122881038641989
2026-01-14 02:00:00,0.14765,0.14891,0.14727,0.1483,1067599.2612,0.004392640953954641
2026-01-14 03:00:00,0.1483,0.14973,0.14796,0.14963,874780.1539,0.00892833105144168
2026-01-14 04:00:00,0.14959,0.14981,0.14847,0.14856,1481044.3185,-0.007176663150877798
2026-01-14 05:00:00,0.14855,0.14855,0.14744,0.14769,895742.0574,-0.005873434606231507
2026-01-14 06:00:00,0.14769,0.14828,0.14688,0.14818,827344.0623,0.0033122685502919714
2026-01-14 07:00:00,0.14815,0.14872,0.14803,0.14847,924726.7024,0.001955166643393495
2026-01-14 08:00:00,0.14847,0.14873,0.14784,0.14788,368994.4511,-0.003981783563473129
2026-01-14 09:00:00,0.14787,0.14861,0.14787,0.14823,364097.9848,0.002363987457337119
2026-01-14 10:00:00,0.14822,0.14826,0.14703,0.14736,980438.9665,-0.005886549018771737
2026-01-14 11:00:00,0.14735,0.14735,0.14581,0.14595,1049468.3448,-0.009614475206872931
2026-01-14 12:00:00,0.14596,0.14687,0.14582,0.14662,971682.1883,0.00458010849531681
2026-01-14 13:00:00,0.14662,0.14693,0.14563,0.14579,1362570.0536,-0.005676975678709977
2026-01-14 14:00:00,0.14574,0.14945,0.1457,0.14839,3939682.0928,0.0176767129013045
2026-01-14 15:00:00,0.14836,0.1498,0.14747,0.14899,4465955.1711,0.004035246581212959
2026-01-14 16:00:00,0.14899,0.1513,0.14895,0.14981,3025988.8222,0.005488634930042734
2026-01-14 17:00:00,0.1497,0.15044,0.14768,0.14801,1851098.3186,-0.012087985480193218
2026-01-14 18:00:00,0.14797,0.14886,0.14629,0.14769,1776299.4245,-0.002164356610878516
2026-01-14 19:00:00,0.14765,0.14953,0.14727,0.14788,2306725.4248,0.001285651630212359
2026-01-14 20:00:00,0.14789,0.14915,0.14682,0.14728,1452331.8034,-0.0040655971436088295
2026-01-14 21:00:00,0.14727,0.14785,0.14673,0.14747,553105.0815,0.0012892283380269943
2026-01-14 22:00:00,0.14748,0.14764,0.14632,0.14665,421353.1806,-0.005575969839389352
2026-01-14 23:00:00,0.14665,0.14797,0.14662,0.14712,451085.8958,0.003199784872605684
2026-01-15 00:00:00,0.14719,0.14723,0.14551,0.14578,1808249.5167,-0.009149944341998846
2026-01-15 01:00:00,0.14591,0.14654,0.14436,0.14462,1836024.96415083,-0.007989023207261081
2026-01-15 02:00:00,0.14464,0.14503,0.14357,0.144,838601.8779,-0.00429631317080521
2026-01-15 03:00:00,0.14404,0.14433,0.14242,0.14273,2281026.873,-0.008858565934323442
2026-01-15 04:00:00,0.14268,0.1436,0.1426,0.14341,1098517.4203,0.0047529270994438174
2026-01-15 05:00:00,0.14342,0.14389,0.1433,0.1436,970980.8575,0.001323995873002916
2026-01-15 06:00:00,0.14356,0.14384,0.14282,0.14313,657629.2919,-0.0032783484179985164
2026-01-15 07:00:00,0.14313,0.1445,0.14305,0.14413,894297.3057,0.00696236189888597
2026-01-15 08:00:00,0.14419,0.14425,0.14355,0.14417,495461.9379,0.00027748872880097324
2026-01-15 09:00:00,0.1442,0.14508,0.14352,0.14449,1151376.6667,0.002217142181707604
2026-01-15 10:00:00,0.14453,0.14457,0.14376,0.14408,432511.3606,-0.002841600137819229
2026-01-15 11:00:00,0.14405,0.14431,0.14333,0.1437,236435.5053,-0.0026409077827215053
2026-01-15 12:00:00,0.14367,0.14435,0.14356,0.14434,488350.6272,0.004443834559147967
2026-01-15 13:00:00,0.14434,0.14493,0.144,0.14458,667872.0334,0.0016613599280239225
2026-01-15 14:00:00,0.14455,0.14498,0.14186,0.14283,3295876.98780525,-0.012177875697613846
2026-01-15 15:00:00,0.14282,0.1432,0.14013,0.14219,2518024.8676,-0.004490920466254073
2026-01-15 16:00:00,0.1421,0.14247,0.14075,0.14172,2239170.7711,-0.003310911411011872
2026-01-15 17:00:00,0.1417,0.14232,0.14066,0.14086,1177935.5279,-0.006086790680006901
2026-01-15 18:00:00,0.14092,0.14134,0.1397,0.14007,1267636.0603,-0.005624191666308988
2026-01-15 19:00:00,0.14011,0.14033,0.13917,0.14,964860.9326,-0.0004998750416509314
2026-01-15 20:00:00,0.13997,0.14047,0.13881,0.13916,889475.43834281,-0.006018072325563021
2026-01-15 21:00:00,0.1392,0.13999,0.13914,0.13968,316917.4069,0.003729741807550706
2026-01-15 22:00:00,0.13969,0.14038,0.13959,0.14011,131833.6828,0.0030737362918479946
2026-01-15 23:00:00,0.14008,0.14028,0.13978,0.14002,302327.2493,-0.0006425588340885732
2026-01-16 00:00:00,0.14006,0.14044,0.13989,0.14006,287326.5818,0.0002856326783200061
2026-01-16 01:00:00,0.14006,0.14039,0.13961,0.14019,434505.6248,0.0009277431530729426
2026-01-16 02:00:00,0.14017,0.1402,0.13918,0.1402,766665.978,7.132922004509642e-05
2026-01-16 03:00:00,0.14022,0.14034,0.13939,0.13939,145789.3853,-0.005794214858694743
2026-01-16 04:00:00,0.13945,0.13976,0.13848,0.13896,1638547.6499,-0.003089637808945387
2026-01-16 05:00:00,0.13898,0.14025,0.13898,0.14007,807824.8926,0.007956175718105807
2026-01-16 06:00:00,0.14015,0.14035,0.13989,0.14029,198069.8406,0.0015694110797256538
2026-01-16 07:00:00,0.14025,0.1403,0.13968,0.14003,265619.8135,-0.0018550233629953407
2026-01-16 08:00:00,0.14004,0.14034,0.13994,0.14002,267762.3556,-7.141581863404489e-05
2026-01-16 09:00:00,0.13995,0.14008,0.13943,0.13943,223862.2621,-0.0042225863421219145
2026-01-16 10:00:00,0.13942,0.13952,0.13894,0.13907,427051.9149,-0.002585279716410145
2026-01-16 11:00:00,0.13908,0.13925,0.1373,0.13804,8008971.341,-0.007433905260716843
2026-01-16 12:00:00,0.13803,0.13808,0.1373,0.13793,1236078.9958,-0.0007971881423742034
2026-01-16 13:00:00,0.13801,0.13824,0.13743,0.13793,754798.4906,0.0
2026-01-16 14:00:00,0.13801,0.13841,0.13754,0.13787,917288.4804,-0.0004350979038909478
2026-01-16 15:00:00,0.13778,0.13832,0.1351,0.13603,3076136.75401482,-0.01343576253819885
2026-01-16 16:00:00,0.13599,0.13685,0.13562,0.13652,1161496.272,0.0035956743931675832
2026-01-16 17:00:00,0.13654,0.13724,0.13585,0.1372,622720.3311,0.004968591253278391
2026-01-16 18:00:00,0.13721,0.13741,0.13689,0.13722,303526.8417,0.0001457619709599715
2026-01-16 19:00:00,0.13715,0.13741,0.13642,0.13726,779185.9485,0.00029146021774377175
2026-01-16 20:00:00,0.13727,0.13799,0.13632,0.13799,557117.446,0.00530428128297456
2026-01-16 21:00:00,0.138,0.13813,0.13749,0.1377,686282.974,-0.0021038130288539812
2026-01-16 22:00:00,0.13771,0.13818,0.13735,0.13813,585783.5086,0.003117864977259482
2026-01-16 23:00:00,0.13817,0.13846,0.13792,0.13813,641329.3564,0.0
2026-01-17 00:00:00,0.13814,0.13837,0.13787,0.13822,389359.1516,0.0006513479513799374
2026-01-17 01:00:00,0.13819,0.13858,0.13806,0.13815,224966.272,-0.0005065672938228393
2026-01-17 02:00:00,0.13818,0.13818,0.13733,0.13768,483603.0029,-0.003407899466141588
2026-01-17 03:00:00,0.13768,0.13779,0.1373,0.13745,222874.1416,-0.0016719372920293025
2026-01-17 04:00:00,0.13736,0.13789,0.1372,0.13776,154694.0766,0.002252826068165994
2026-01-17 05:00:00,0.13777,0.13786,0.13747,0.13761,249242.2319,-0.00108944340223022
2026-01-17 06:00:00,0.13762,0.13763,0.13718,0.13724,306827.3879,-0.00269237928694139
2026-01-17 07:00:00,0.13721,0.13746,0.13685,0.13729,303245.1612,0.00036425891926449705
2026-01-17 08:00:00,0.13732,0.13758,0.1373,0.13752,200975.0334,0.001673884165080283
2026-01-17 09:00:00,0.13753,0.13771,0.1373,0.1373,355979.9061,-0.0016010483006684909
2026-01-17 10:00:00,0.13729,0.13773,0.13714,0.13759,384003.4662,0.002109935665799732
2026-01-17 11:00:00,0.13755,0.13794,0.13724,0.13771,566112.1003,0.0008717762993093597
2026-01-17 12:00:00,0.1377,0.13793,0.13757,0.13759,178244.4229,-0.0008717762993094354
2026-01-17 13:00:00,0.13764,0.13787,0.13743,0.13779,184876.2956,0.0014525385660865764
2026-01-17 14:00:00,0.13782,0.13856,0.13759,0.13849,490500.5534,0.005067333848814674
2026-01-17 15:00:00,0.13848,0.14004,0.13828,0.13956,1861049.7025,0.007696495463946993
2026-01-17 16:00:00,0.13954,0.13991,0.13825,0.13875,1250939.1962,-0.005820863692029325
2026-01-17 17:00:00,0.13875,0.13915,0.13859,0.13885,294339.3232,0.0007204611262646558
2026-01-17 18:00:00,0.13885,0.13893,0.13859,0.13873,272013.6639,-0.0008646156601743955
2026-01-17 19:00:00,0.13875,0.1389,0.1385,0.13872,121623.1932,-7.208506040234781e-05
2026-01-17 20:00:00,0.13885,0.139,0.1386,0.13871,281048.7542,-7.209025703303933e-05
2026-01-17 21:00:00,0.13869,0.1387,0.13832,0.13861,219521.4055,-0.0007211885499370184
2026-01-17 22:00:00,0.13859,0.13859,0.13731,0.1378,459605.0956,-0.005860875645703515
2026-01-17 23:00:00,0.13778,0.13801,0.13768,0.13786,198185.2195,0.0004353188779474862
2026-01-18 00:00:00,0.13786,0.13833,0.13743,0.13756,409170.7036,-0.002178491893440465
2026-01-18 01:00:00,0.13761,0.13767,0.13688,0.13707,1057386.4446,-0.0035684413207755688
2026-01-18 02:00:00,0.13711,0.13743,0.13683,0.13697,443627.8141,-0.0007298204965599461
2026-01-18 03:00:00,0.13694,0.13765,0.13694,0.13744,468191.7149,0.003425534489215376
2026-01-18 04:00:00,0.13742,0.13753,0.13709,0.13749,182132.8335,0.0003637289531971269
2026-01-18 05:00:00,0.13749,0.13749,0.137,0.13733,166059.1816,-0.001164398646951858
2026-01-18 06:00:00,0.13729,0.13738,0.137,0.13733,196642.7803,0.0
2026-01-18 07:00:00,0.13731,0.13732,0.13672,0.13714,228915.0599,-0.0013844866859720677
2026-01-18 08:00:00,0.13715,0.13757,0.1369,0.13744,344691.6522,0.002185156379726761
2026-01-18 09:00:00,0.13741,0.13759,0.13722,0.13754,200324.7188,0.0007273256557447928
2026-01-18 10:00:00,0.13753,0.13768,0.13708,0.1372,533627.3291,-0.0024750685999052413
2026-01-18 11:00:00,0.13713,0.13736,0.13707,0.1372,223660.0828,0.0
2026-01-18 12:00:00,0.13715,0.13745,0.13698,0.13709,374862.6311,-0.0008020708439758636
2026-01-18 13:00:00,0.13703,0.13734,0.13664,0.13709,609250.875,0.0
2026-01-18 14:00:00,0.13706,0.13816,0.13668,0.13676,1727582.9242,-0.0024100796767083095
2026-01-18 15:00:00,0.13677,0.13695,0.13631,0.13658,905280.8201,-0.0013170412381572866
2026-01-18 16:00:00,0.13649,0.13711,0.13639,0.13674,640142.7968,0.0011707889527045809
2026-01-18 17:00:00,0.13674,0.13699,0.13638,0.1369,701677.4306,0.0011694198087553707
2026-01-18 18:00:00,0.13694,0.13783,0.13661,0.13766,991258.8808,0.005536144675815047
2026-01-18 19:00:00,0.13768,0.13789,0.13694,0.13707,394409.3121,-0.004295132726928402
2026-01-18 20:00:00,0.13718,0.13772,0.13692,0.13735,629411.8787,0.0020406682979930155
2026-01-18 21:00:00,0.13745,0.13754,0.13707,0.13725,327371.2588,-0.0007283321516428216
2026-01-18 22:00:00,0.13726,0.13796,0.13724,0.13774,218732.8256,0.0035637697269120935
2026-01-18 23:00:00,0.1377,0.1377,0.13134,0.13167,9178756.7074,-0.045069057748299834
2026-01-19 00:00:00,0.13148,0.13155,0.11961,0.12659,47073265.66483025,-0.03934527471951545
2026-01-19 01:00:00,0.12651,0.12746,0.12614,0.12663,3281823.583,0.00031593081377998764
2026-01-19 02:00:00,0.12662,0.12745,0.12633,0.12718,2933880.0965,0.004333957376744588
2026-01-19 03:00:00,0.12716,0.12746,0.1269,0.12737,883136.5356,0.0014928307624066622
2026-01-19 04:00:00,0.12735,0.12758,0.12693,0.1272,1726819.5731,-0.0013355856956463429
2026-01-19 05:00:00,0.12717,0.1277,0.127,0.12716,1290969.9208,-0.0003145148634198699
2026-01-19 06:00:00,0.1272,0.12722,0.12652,0.12678,1306919.65183241,-0.0029928351865815173
2026-01-19 07:00:00,0.12689,0.12728,0.12687,0.12722,790570.1061,0.0034645703946378672
2026-01-19 08:00:00,0.12722,0.1284,0.12711,0.12825,1893869.3228,0.008063612800220684
2026-01-19 09:00:00,0.12825,0.12831,0.12758,0.12788,703173.2205,-0.00288915985923829
2026-01-19 10:00:00,0.12787,0.12787,0.12751,0.12774,644240.7704,-0.0010953760581976562
2026-01-19 11:00:00,0.12787,0.12804,0.12763,0.12785,488419.8507,0.000860753603752535
2026-01-19 12:00:00,0.12788,0.12827,0.12734,0.12782,1237506.2419,-0.00023467751505994378
2026-01-19 13:00:00,0.12783,0.12836,0.12765,0.12802,706148.3143,0.0015634774917216352
2026-01-19 14:00:00,0.12804,0.12899,0.12786,0.12825,1218473.1438,0.001794982337021572
2026-01-19 15:00:00,0.12827,0.12865,0.12777,0.12784,872175.4549,-0.0032020020329143095
2026-01-19 16:00:00,0.12782,0.12951,0.12773,0.1292,1053938.1676,0.010582109330537008
2026-01-19 17:00:00,0.12921,0.1293,0.12874,0.12911,689998.9321,-0.0006968371618743194
2026-01-19 18:00:00,0.12913,0.12966,0.12902,0.1291,818652.1213,-7.745633403054354e-05
2026-01-19 19:00:00,0.12913,0.13019,0.12913,0.12989,1192755.9031,0.006100640566595912
2026-01-19 20:00:00,0.12989,0.13053,0.12975,0.13026,1120722.9055,0.0028445146990626513
2026-01-19 21:00:00,0.13035,0.13064,0.12955,0.12966,918985.7432,-0.004616813371405751
2026-01-19 22:00:00,0.12954,0.12972,0.1286,0.1286,932673.6943,-0.008208827943330653
2026-01-19 23:00:00,0.12863,0.12964,0.12857,0.12915,306171.95322926,0.00426770773833041
2026-01-20 00:00:00,0.12915,0.12934,0.12864,0.12873,506312.7906,-0.0032573318703062876
2026-01-20 01:00:00,0.12869,0.12917,0.1281,0.12862,862858.3796,-0.0008548669648259022
2026-01-20 02:00:00,0.12866,0.1289,0.12809,0.12843,855392.9043,-0.0014783118817528517
2026-01-20 03:00:00,0.12849,0.1286,0.12775,0.12796,1092571.2192,-0.003666293743647108
2026-01-20 04:00:00,0.12794,0.12823,0.12758,0.12773,692770.5944,-0.0017990540266316234
2026-01-20 05:00:00,0.12773,0.12824,0.12717,0.12803,2360509.9013,0.00234595040340203
2026-01-20 06:00:00,0.12801,0.12801,0.12647,0.12676,2573478.4342,-0.009969076635367585
2026-01-20 07:00:00,0.12685,0.12746,0.12675,0.12679,1130635.0164,0.0002366397171366982
2026-01-20 08:00:00,0.12678,0.127,0.12529,0.12611,2700113.588,-0.005377632572073631
2026-01-20 09:00:00,0.12612,0.12619,0.12544,0.12572,1144591.3694,-0.0030973300384163033
2026-01-20 10:00:00,0.12572,0.12611,0.12544,0.12554,1303981.2979,-0.0014327790399810748
2026-01-20 11:00:00,0.1255,0.12593,0.12515,0.12523,517572.0736,-0.002472386313444568
2026-01-20 12:00:00,0.12529,0.12597,0.12522,0.12597,329220.9018,0.00589173678827049
2026-01-20 13:00:00,0.12587,0.12587,0.12463,0.12474,1225361.5163,-0.009812212266234984
2026-01-20 14:00:00,0.12471,0.12677,0.12471,0.12555,2731820.17406253,0.006472514505617298
2026-01-20 15:00:00,0.12557,0.12604,0.12423,0.1252,2419943.265,-0.002791626937595757
2026-01-20 16:00:00,0.12522,0.12569,0.12328,0.12391,2252485.0419,-0.010356963037596647
2026-01-20 17:00:00,0.12388,0.12483,0.12329,0.12387,1204143.9401,-0.000322867062293092
2026-01-20 18:00:00,0.12393,0.1243,0.12342,0.12371,1214613.4087,-0.0012925116913683177
2026-01-20 19:00:00,0.12383,0.12427,0.12335,0.12391,665656.1785,0.0016153787536612497
2026-01-20 20:00:00,0.12391,0.12444,0.1235,0.12414,799644.1223,0.0018544653571050558
2026-01-20 21:00:00,0.12419,0.12426,0.12353,0.12394,258062.0209,-0.0016123834515452521
2026-01-20 22:00:00,0.1239,0.12432,0.12176,0.12357,1991267.7645,-0.002989780417862366
2026-01-20 23:00:00,0.12365,0.12374,0.12312,0.12336,703648.9325,-0.0017008873010796659
2026-01-21 00:00:00,0.12338,0.12523,0.12326,0.12518,966888.3954,0.014645791681536215
2026-01-21 01:00:00,0.12518,0.12589,0.12514,0.12574,1361225.8234,0.00446358145835955
2026-01-21 02:00:00,0.12583,0.1265,0.12576,0.12586,486263.5522,0.0009538951438725687
2026-01-21 03:00:00,0.12589,0.12611,0.12547,0.12551,582573.7186,-0.00278474142643266
2026-01-21 04:00:00,0.12551,0.12573,0.12533,0.12539,880739.0606,-0.0009565564699083774
2026-01-21 05:00:00,0.12533,0.12637,0.12533,0.1259,979066.2179,0.004059060847855189
2026-01-21 06:00:00,0.1259,0.12593,0.12502,0.12535,1160354.5294,-0.004378116445999247
2026-01-21 07:00:00,0.12531,0.1257,0.12482,0.12499,789595.2397,-0.0028760905021718106
2026-01-21 08:00:00,0.12498,0.12502,0.12384,0.12434,922477.94191156,-0.005213985260939009
2026-01-21 09:00:00,0.12434,0.12474,0.12407,0.12446,465277.4754,0.0009646302998802354
2026-01-21 10:00:00,0.12447,0.12495,0.12422,0.12423,494227.0898,-0.0018496929154862706
2026-01-21 11:00:00,0.12422,0.12446,0.12288,0.12312,1564743.7016,-0.008975196694961801
2026-01-21 12:00:00,0.1231,0.12321,0.12159,0.12278,1862060.4791,-0.0027653535312734292
2026-01-21 13:00:00,0.12277,0.12336,0.1224,0.12264,1270368.7374,-0.0011409014357915558
2026-01-21 14:00:00,0.12264,0.12625,0.12257,0.12586,3518013.6526,0.0259169435352289
2026-01-21 15:00:00,0.12583,0.12662,0.12504,0.12641,1984138.1609,0.004360414408678635
2026-01-21 16:00:00,0.1264,0.1264,0.12044,0.12075,2282807.932,-0.0458082999747842
2026-01-21 17:00:00,0.12083,0.12223,0.12032,0.12205,1369585.4815,0.010708504306286998
2026-01-21 18:00:00,0.12202,0.12387,0.12173,0.12356,1284874.1803,0.012296071211411807
2026-01-21 19:00:00,0.12359,0.12836,0.12321,0.12806,5047693.4913,0.03577203604027519
2026-01-21 20:00:00,0.12814,0.12831,0.12647,0.12776,1456281.4089,-0.0023454001838990666
2026-01-21 21:00:00,0.12782,0.12868,0.1275,0.12807,1114217.1821,0.0024234855312233045
2026-01-21 22:00:00,0.12807,0.12881,0.12716,0.12731,775183.9743,-0.0059519323644262835
2026-01-21 23:00:00,0.12724,0.12789,0.12624,0.12651,2789442.4383,-0.0063037006469757765
2026-01-22 00:00:00,0.1266,0.12745,0.12659,0.12714,593700.8628,0.004967485081684552
2026-01-22 01:00:00,0.12713,0.1278,0.12694,0.12774,421534.57510726,0.0047081066251802375
2026-01-22 02:00:00,0.12777,0.12792,0.12699,0.12711,601029.1661,-0.004944094826865471
2026-01-22 03:00:00,0.12711,0.12757,0.12646,0.12693,463236.4951,-0.0014170999064917996
2026-01-22 04:00:00,0.12689,0.1274,0.12689,0.12728,765475.1901,0.002753630629445732
2026-01-22 05:00:00,0.12731,0.12733,0.12682,0.12705,392967.9946,-0.001808674263358379
2026-01-22 06:00:00,0.12706,0.12716,0.12643,0.12675,672184.0086,-0.002364067294880507
2026-01-22 07:00:00,0.12677,0.12681,0.12601,0.12609,1089807.3118,-0.005220704786157469
2026-01-22 08:00:00,0.12609,0.1265,0.12576,0.12645,610484.1519,0.0028510354308390845
2026-01-22 09:00:00,0.12649,0.12717,0.12627,0.12699,836168.8893,0.004261370084967673
2026-01-22 10:00:00,0.12699,0.12702,0.12645,0.12661,564461.873,-0.0029968476687801116
2026-01-22 11:00:00,0.12654,0.12658,0.12576,0.1259,566605.3236,-0.0056235544818602394
2026-01-22 12:00:00,0.12587,0.12602,0.12564,0.12565,790445.3878,-0.001987677060700321
2026-01-22 13:00:00,0.12564,0.12648,0.12503,0.12539,1371945.492,-0.002071383787154804
2026-01-22 14:00:00,0.1254,0.12563,0.12399,0.12431,1675025.0905,-0.008650434398822331
2026-01-22 15:00:00,0.1243,0.12492,0.12321,0.12431,1826871.97081604,0.0
2026-01-22 16:00:00,0.12429,0.12557,0.12412,0.12514,1429990.9111,0.006654664766593305
2026-01-22 17:00:00,0.12516,0.12545,0.12451,0.1253,453279.0508,0.0012777513318051178
2026-01-22 18:00:00,0.12527,0.12528,0.12422,0.12429,1340658.3246,-0.008093317144602511
2026-01-22 19:00:00,0.12428,0.12515,0.12393,0.12477,453954.1397,0.00385449766551003
2026-01-22 20:00:00,0.12476,0.12483,0.12368,0.12404,980885.5184,-0.005867948190681822
2026-01-22 21:00:00,0.12406,0.12461,0.12386,0.12399,402796.9942,-0.00040317704049743386
2026-01-22 22:00:00,0.12404,0.12436,0.12386,0.12429,503733.4663,0.0024166275656694464
2026-01-22 23:00:00,0.12429,0.12451,0.12379,0.12436,405781.0073,0.0005630404331329215
2026-01-23 00:00:00,0.12445,0.1246,0.12403,0.12442,259965.444,0.0004823538963206054
2026-01-23 01:00:00,0.12446,0.1254,0.12445,0.12528,695430.3393,0.006888293155619183
2026-01-23 02:00:00,0.12529,0.12539,0.12477,0.12479,387680.8803,-0.003918907722730056
2026-01-23 03:00:00,0.12478,0.12577,0.12478,0.12553,625821.2185,0.0059124493103540916
2026-01-23 04:00:00,0.12553,0.12599,0.12539,0.12581,788994.387,0.0022280585329224624
2026-01-23 05:00:00,0.1258,0.1258,0.12515,0.12537,513608.7956,-0.003503467235105785
2026-01-23 06:00:00,0.12536,0.12591,0.12493,0.12503,858451.4966,-0.002715656621025429
2026-01-23 07:00:00,0.12509,0.12534,0.12496,0.12508,326756.3435,0.000399824082732239
2026-01-23 08:00:00,0.12508,0.12529,0.1242,0.12447,568759.1229,-0.004888809576754351
2026-01-23 09:00:00,0.12447,0.12502,0.12439,0.12483,612936.4517,0.0028880886500734755
2026-01-23 10:00:00,0.12483,0.12531,0.12475,0.12497,903243.1904,0.0011208968347328012
2026-01-23 11:00:00,0.12499,0.12544,0.12495,0.12521,645163.13,0.001918619183163951
2026-01-23 12:00:00,0.12518,0.12534,0.12495,0.12517,178234.6337,-0.0003195143409240682
2026-01-23 13:00:00,0.12513,0.12518,0.12445,0.12447,764901.9515,-0.005608090327045959
2026-01-23 14:00:00,0.12447,0.12456,0.12207,0.123,2838107.9515,-0.01188036764046868
2026-01-23 15:00:00,0.12304,0.12489,0.12253,0.12471,929868.489,0.013806686560238281
2026-01-23 16:00:00,0.12478,0.12638,0.12436,0.12575,1445030.204,0.00830476704719273
2026-01-23 17:00:00,0.12574,0.1279,0.1251,0.12635,2445728.6285,0.004760024854354528
2026-01-23 18:00:00,0.12633,0.12709,0.12604,0.12645,795885.4025,0.0007911392817710103
2026-01-23 19:00:00,0.12642,0.12642,0.12434,0.12468,2915069.3526,-0.01409651821683791
2026-01-23 20:00:00,0.12473,0.12505,0.12323,0.12379,639013.1867,-0.0071638733554174015
2026-01-23 21:00:00,0.12377,0.12455,0.12373,0.1242,373861.7153,0.0033065879556594792
2026-01-23 22:00:00,0.12415,0.12514,0.12415,0.12508,488225.7501,0.007060363090262088
2026-01-23 23:00:00,0.12504,0.12504,0.12436,0.12478,409429.5218,-0.002401345907000238
2026-01-24 00:00:00,0.12478,0.12484,0.12437,0.12437,185471.3672,-0.0032911930169906693
2026-01-24 01:00:00,0.12436,0.12454,0.12414,0.1243,252074.9091,-0.0005629951489842598
2026-01-24 02:00:00,0.12438,0.12452,0.12426,0.12434,70802.1254,0.00032175032452617594
2026-01-24 03:00:00,0.12429,0.12487,0.12428,0.12442,241655.9483,0.0006431902456821684
2026-01-24 04:00:00,0.12446,0.12485,0.12443,0.12457,282168.689,0.0012048678111276148
2026-01-24 05:00:00,0.12455,0.12457,0.12434,0.12449,397995.2829,-0.0006424155043066994
2026-01-24 06:00:00,0.12449,0.1246,0.12434,0.12445,134046.7789,-0.0003213625800935973
2026-01-24 07:00:00,0.12445,0.12447,0.12402,0.12421,305908.2876,-0.0019303472574987287
2026-01-24 08:00:00,0.1242,0.12469,0.12411,0.12469,260932.7519,0.0038569754523924706
2026-01-24 09:00:00,0.12467,0.12467,0.12444,0.12449,170884.7851,-0.0016052656148001158
2026-01-24 10:00:00,0.1245,0.12478,0.12436,0.12474,112021.3009,0.0020061797042819967
2026-01-24 11:00:00,0.12474,0.12492,0.12462,0.12463,550692.0485,-0.0008822232596910375
2026-01-24 12:00:00,0.12463,0.12474,0.12444,0.12458,451192.0683,-0.00040126801228608023
2026-01-24 13:00:00,0.12457,0.12457,0.12405,0.12405,116030.8016,-0.004263369688189444
2026-01-24 14:00:00,0.12406,0.12429,0.12393,0.12408,469558.8712,0.00024180873047344864
2026-01-24 15:00:00,0.12412,0.12427,0.12355,0.12371,216241.3437,-0.002986401993543143
2026-01-24 16:00:00,0.12371,0.12401,0.12293,0.12389,649891.3007,0.0014539582529071989
2026-01-24 17:00:00,0.12394,0.12415,0.12374,0.12415,947147.5962,0.0020964368265281672
2026-01-24 18:00:00,0.12417,0.1242,0.124,0.12407,216831.2042,-0.0006445894993953825
2026-01-24 19:00:00,0.12408,0.12422,0.1239,0.12415,152632.1114,0.0006445894993953835
2026-01-24 20:00:00,0.12414,0.1245,0.12413,0.12425,560326.4721,0.0008051530225625869
2026-01-24 21:00:00,0.12424,0.12434,0.12406,0.12431,289867.9194,0.0004827808268859682
2026-01-24 22:00:00,0.12434,0.12473,0.12432,0.12461,246714.7682,0.002410414151152148
2026-01-24 23:00:00,0.12462,0.12469,0.12422,0.12424,285303.8402,-0.002973681114344524
2026-01-25 00:00:00,0.12429,0.12435,0.12394,0.1242,332521.7094,-0.0003220093410532449
2026-01-25 01:00:00,0.1242,0.12427,0.12362,0.12372,333901.0106,-0.0038722216825095622
2026-01-25 02:00:00,0.12368,0.12399,0.12368,0.12387,157558.176,0.0012116807492395818
2026-01-25 03:00:00,0.12388,0.12392,0.12301,0.12331,477847.1354,-0.00453111868366937
2026-01-25 04:00:00,0.12325,0.12359,0.12319,0.1234,163792.0432,0.0007296015888482531
2026-01-25 05:00:00,0.12332,0.12349,0.12325,0.12347,133672.1514,0.0005671001083648857
2026-01-25 06:00:00,0.12345,0.12345,0.12293,0.12316,407146.8904,-0.002513888523352586
2026-01-25 07:00:00,0.12316,0.12316,0.12268,0.12298,501149.1928,-0.0014625825309759661
2026-01-25 08:00:00,0.12299,0.12308,0.12236,0.12273,562714.8929,-0.002034919915906805
2026-01-25 09:00:00,0.12267,0.12341,0.12257,0.1232,567935.1091,0.003822230490002449
2026-01-25 10:00:00,0.12322,0.12367,0.12303,0.12348,444739.5052,0.0022701485345390775
2026-01-25 11:00:00,0.12346,0.12357,0.12318,0.12334,453552.875,-0.0011344300706117583
2026-01-25 12:00:00,0.12328,0.12333,0.12285,0.12323,306905.8607,-0.0008922416133150098
2026-01-25 13:00:00,0.12329,0.12336,0.12292,0.12323,217270.4292,0.0
2026-01-25 14:00:00,0.12323,0.12332,0.12176,0.12216,1384925.0905,-0.008720867039654759
2026-01-25 15:00:00,0.12213,0.12273,0.12202,0.12231,614314.645,0.0012271445888946892
2026-01-25 16:00:00,0.1223,0.1223,0.11973,0.12092,5037947.9222,-0.011429635588014424
2026-01-25 17:00:00,0.12088,0.12123,0.12037,0.12075,731785.9233,-0.0014068773785752525
2026-01-25 18:00:00,0.12076,0.1209,0.11935,0.1202,3024144.3581,-0.0045652704315748424
2026-01-25 19:00:00,0.12016,0.12039,0.1177,0.11879,5697876.4927,-0.01179979379965892
2026-01-25 20:00:00,0.11879,0.1194,0.11786,0.11841,1962637.0084,-0.003204049958582874
2026-01-25 21:00:00,0.11838,0.11968,0.11838,0.11959,1419102.3422,0.009916047637850747
2026-01-25 22:00:00,0.11959,0.11963,0.11859,0.11913,1001997.5487,-0.0038538921694463604
2026-01-25 23:00:00,0.11912,0.1196,0.11855,0.11944,405062.784,0.0025988194196651737
2026-01-26 00:00:00,0.11937,0.12076,0.11921,0.12067,1193511.2561,0.010245393854574339
2026-01-26 01:00:00,0.1207,0.12281,0.12069,0.12253,2480031.439,0.01529635087584574
2026-01-26 02:00:00,0.12253,0.12258,0.12164,0.12183,978924.9851,-0.005729267595039097
2026-01-26 03:00:00,0.12187,0.12222,0.12104,0.1213,276437.68021574,-0.004359814416311603
2026-01-26 04:00:00,0.12133,0.12298,0.12133,0.12203,986106.1942,0.006000100193743752
2026-01-26 05:00:00,0.12207,0.12212,0.12151,0.12161,533146.8984,-0.003447713150840022
2026-01-26 06:00:00,0.12164,0.12181,0.12129,0.12164,1563270.7802,0.00024665981625566477
2026-01-26 07:00:00,0.12166,0.12202,0.12147,0.12174,757294.6581,0.0008217602566145347
2026-01-26 08:00:00,0.12175,0.12263,0.12137,0.12177,1051162.9745,0.00024639645313760406
2026-01-26 09:00:00,0.12178,0.12181,0.12071,0.12077,2001387.158,-0.008246109231632126
2026-01-26 10:00:00,0.12077,0.1214,0.12077,0.12126,640511.7777,0.004049090356300797
2026-01-26 11:00:00,0.12127,0.12157,0.12068,0.12107,1668613.117,-0.0015681099239357578
2026-01-26 12:00:00,0.12114,0.12154,0.12111,0.12135,1469586.3294,0.0023100414529614735
2026-01-26 13:00:00,0.12141,0.12193,0.12126,0.12175,1599453.75,0.0032908297900887647
2026-01-26 14:00:00,0.12173,0.1233,0.12115,0.12281,2847577.99635837,0.008668683659593607
2026-01-26 15:00:00,0.12279,0.12381,0.12173,0.12222,2678282.6582,-0.0048157461555233694
2026-01-26 16:00:00,0.12229,0.12329,0.12219,0.12267,1304958.2121,0.0036751235778911644
2026-01-26 17:00:00,0.12265,0.12304,0.12149,0.12228,2659645.3117,-0.003184326022026843
2026-01-26 18:00:00,0.12225,0.12347,0.12218,0.12294,2232565.318,0.005382934456229529
2026-01-26 19:00:00,0.12297,0.12326,0.12223,0.12239,757725.6711,-0.004483764084616301
2026-01-26 20:00:00,0.12237,0.12245,0.12154,0.12177,605854.898,-0.005078647875331021
2026-01-26 21:00:00,0.12176,0.12308,0.12154,0.12251,1138934.1857,0.006058639787163141
2026-01-26 22:00:00,0.12251,0.12293,0.12241,0.12253,664551.9385,0.00016323865527606156
2026-01-26 23:00:00,0.12254,0.12284,0.12221,0.12238,258533.5841,-0.0012249399269606688
2026-01-27 00:00:00,0.12237,0.12246,0.12203,0.12224,315084.7438,-0.0011446326161840994
2026-01-27 01:00:00,0.12222,0.12289,0.12193,0.12256,563107.1888,0.0026143805740708936
2026-01-27 02:00:00,0.12263,0.12324,0.12263,0.1232,351075.4836,0.00520834510713826
2026-01-27 03:00:00,0.12312,0.1233,0.12274,0.12283,224159.237,-0.0030077655484164628
2026-01-27 04:00:00,0.12283,0.12347,0.12253,0.12282,477011.1988,-8.141664974985939e-05
2026-01-27 05:00:00,0.12284,0.12289,0.12251,0.12263,552552.2692,-0.0015481771273184025
2026-01-27 06:00:00,0.12264,0.12267,0.12201,0.12216,867625.5565,-0.00384003086355762
2026-01-27 07:00:00,0.12219,0.12246,0.12209,0.12216,450292.9783,0.0
2026-01-27 08:00:00,0.12217,0.12242,0.12209,0.12225,309407.8078,0.0007364674446044309
2026-01-27 09:00:00,0.12219,0.12228,0.12181,0.12198,467138.2274,-0.0022110314866710386
2026-01-27 10:00:00,0.12199,0.12212,0.1217,0.12189,895918.66,-0.000738098200565257
2026-01-27 11:00:00,0.12189,0.1227,0.12164,0.12238,439726.7608,0.004011959366649369
2026-01-27 12:00:00,0.12236,0.12281,0.122,0.12208,774823.0794,-0.0024543904982476453
2026-01-27 13:00:00,0.1221,0.12226,0.12138,0.12161,450502.6478,-0.0038573645432386353
2026-01-27 14:00:00,0.12158,0.12278,0.12158,0.12189,1457215.7081,0.002299795674836995
2026-01-27 15:00:00,0.12191,0.12305,0.12177,0.12298,875664.9472,0.008902741857578639
2026-01-27 16:00:00,0.12302,0.12563,0.12296,0.12494,3797440.7065,0.015811881540100027
2026-01-27 17:00:00,0.12496,0.12496,0.12176,0.12221,2663370.21,-0.022092745615514615
2026-01-27 18:00:00,0.12217,0.12469,0.12199,0.12428,1911501.6527,0.016796208074937494
2026-01-27 19:00:00,0.12425,0.12459,0.12381,0.12432,1083823.5994,0.00032180209449058495
2026-01-27 20:00:00,0.12434,0.126,0.12433,0.12588,2402057.5161,0.012470185576868726
2026-01-27 21:00:00,0.12592,0.12613,0.12512,0.12528,1952475.3418,-0.004777839953713086
2026-01-27 22:00:00,0.12532,0.12663,0.12532,0.12615,1544463.5487,0.006920442844573757
2026-01-27 23:00:00,0.12616,0.12657,0.12597,0.1262,448143.1758,0.0003962750200458959
2026-01-28 00:00:00,0.12628,0.12638,0.12547,0.1259,638611.0677,-0.0023800090568112326
2026-01-28 01:00:00,0.12587,0.12592,0.12502,0.12522,275077.1945,-0.005415750733137253
2026-01-28 02:00:00,0.12522,0.12522,0.12465,0.12497,445911.4459,-0.001998481819472065
2026-01-28 03:00:00,0.12507,0.12507,0.12425,0.12453,509438.2983,-0.0035270577646351283
2026-01-28 04:00:00,0.12453,0.12462,0.12394,0.12438,328296.2594,-0.0012052550573138391
2026-01-28 05:00:00,0.12444,0.12539,0.12435,0.12525,698738.5719,0.006970344289230878
2026-01-28 06:00:00,0.12527,0.12603,0.12497,0.12594,580939.9808,0.005493863095622498
2026-01-28 07:00:00,0.12595,0.12602,0.12536,0.12553,256226.4127,-0.003260829230479509
2026-01-28 08:00:00,0.12553,0.12599,0.12545,0.12564,376563.6669,0.0008759008403286622
2026-01-28 09:00:00,0.12566,0.12734,0.12551,0.12714,1125431.4138,0.011868166837816847
2026-01-28 10:00:00,0.12717,0.1277,0.12637,0.12652,1906043.5367,-0.004888443070814709
2026-01-28 11:00:00,0.12651,0.12726,0.1261,0.12716,609610.1805,0.005045737605153802
2026-01-28 12:00:00,0.12714,0.12717,0.12602,0.12636,1218897.1809,-0.006311160108717517
2026-01-28 13:00:00,0.1264,0.12671,0.12595,0.12607,1186157.2276,-0.0022976676907065356
2026-01-28 14:00:00,0.12606,0.12606,0.12493,0.12527,1306391.6613,-0.006365900387077439
2026-01-28 15:00:00,0.12525,0.12554,0.12387,0.12462,1203111.1595,-0.005202300740024639
2026-01-28 16:00:00,0.12465,0.12518,0.12416,0.12449,337890.2008,-0.0010437157223813177
2026-01-28 17:00:00,0.12454,0.12583,0.12372,0.12526,794172.3301,0.006166185703572178
2026-01-28 18:00:00,0.12527,0.12527,0.12431,0.12473,733731.409,-0.004240175959649132
2026-01-28 19:00:00,0.12474,0.12563,0.12446,0.12527,889359.26128935,0.004320006718482828
2026-01-28 20:00:00,0.12521,0.12628,0.12488,0.12493,1447905.8123,-0.002717827412362638
2026-01-28 21:00:00,0.12497,0.12573,0.12431,0.12551,959278.354,0.004631856228617056
2026-01-28 22:00:00,0.12552,0.12565,0.12473,0.12545,398726.8164,-0.00047816385992353384
2026-01-28 23:00:00,0.12548,0.12564,0.12475,0.12506,561179.6557,-0.00311365067327947
2026-01-29 00:00:00,0.12507,0.12518,0.12412,0.12453,615175.9974,-0.004246971406094783
2026-01-29 01:00:00,0.12456,0.12477,0.12318,0.12336,1009175.697,-0.00943974091803778
2026-01-29 02:00:00,0.12337,0.1238,0.12188,0.12219,2120343.1417,-0.009529699486588534
2026-01-29 03:00:00,0.12218,0.123,0.12196,0.12222,702210.21395905,0.0002454891383384813
2026-01-29 04:00:00,0.12221,0.12223,0.12136,0.12195,879637.8615,-0.002211574804840154
2026-01-29 05:00:00,0.12191,0.12242,0.12176,0.12185,608298.231,-0.0008203445907140469
2026-01-29 06:00:00,0.1218,0.1221,0.12172,0.12208,563256.7101,0.0018857874649315788
2026-01-29 07:00:00,0.12204,0.12227,0.12192,0.12197,636739.6274,-0.0009014546809999602
2026-01-29 08:00:00,0.12202,0.12234,0.12158,0.12178,1336563.0195,-0.0015589746747188406
2026-01-29 09:00:00,0.12178,0.122,0.12159,0.12159,806364.5698,-0.001561408872101126
2026-01-29 10:00:00,0.12159,0.12168,0.12065,0.1211,1100030.2476,-0.0040380787492803796
2026-01-29 11:00:00,0.1211,0.12138,0.1208,0.12114,895859.4804,0.0003302509937544813
2026-01-29 12:00:00,0.12111,0.12114,0.12037,0.12079,675154.4032,-0.0028934009356141013
2026-01-29 13:00:00,0.12079,0.12108,0.12078,0.12097,398429.9583,0.0014890803545699
2026-01-29 14:00:00,0.12104,0.12109,0.11867,0.11872,2428419.72686164,-0.01877480155268639
2026-01-29 15:00:00,0.11874,0.11879,0.11533,0.11619,11173919.2785,-0.02154099722429989
2026-01-29 16:00:00,0.11619,0.11715,0.11533,0.11712,3758264.4874,0.007972268018231001
2026-01-29 17:00:00,0.11714,0.11881,0.11666,0.11673,4658449.362,-0.003335474548429574
2026-01-29 18:00:00,0.1167,0.11693,0.11437,0.1147,8363279.8601,-0.017543551529246963
2026-01-29 19:00:00,0.11467,0.11603,0.11456,0.11556,3363237.4559,0.007469851462709579
2026-01-29 20:00:00,0.11561,0.11642,0.11537,0.11622,1264938.2398,0.00569507104892503
2026-01-29 21:00:00,0.11622,0.11704,0.11622,0.11675,1367797.528,0.004549949902047285
2026-01-29 22:00:00,0.11682,0.11718,0.11669,0.11706,2441435.0863,0.002651727314068038
2026-01-29 23:00:00,0.11707,0.11738,0.11659,0.11729,604352.134,0.0019628766703388596
2026-01-30 00:00:00,0.11727,0.11769,0.11696,0.11707,1091930.3733,-0.0018774540418327065
2026-01-30 01:00:00,0.11708,0.11729,0.11215,0.11543,19975764.5611,-0.014107760864760111
2026-01-30 02:00:00,0.11543,0.11545,0.11313,0.11441,3342144.1232,-0.008875797913968402
2026-01-30 03:00:00,0.11437,0.11504,0.11406,0.11428,2287273.1615,-0.0011369103502800787
2026-01-30 04:00:00,0.11431,0.11558,0.11431,0.11489,2092621.7596,0.005323571502701014
2026-01-30 05:00:00,0.1149,0.11525,0.11466,0.11485,1224088.8938,-0.0003482197301662812
2026-01-30 06:00:00,0.11481,0.11486,0.11224,0.11298,2490032.948,-0.016416117237991235
2026-01-30 07:00:00,0.11301,0.11492,0.11299,0.11455,2249556.1445,0.013800597002388514
2026-01-30 08:00:00,0.11455,0.11475,0.11356,0.11405,1616066.1862,-0.004374460169107491
2026-01-30 09:00:00,0.11409,0.11428,0.11305,0.11349,1936967.7213,-0.004922221417349558
2026-01-30 10:00:00,0.11347,0.11396,0.11321,0.11391,1420455.0503,0.003693935598773062
2026-01-30 11:00:00,0.1139,0.1159,0.11383,0.11552,1058576.9629,0.014035012232695366
2026-01-30 12:00:00,0.11557,0.11576,0.11469,0.11497,1040768.9916,-0.004772450378867247
2026-01-30 13:00:00,0.11496,0.11523,0.11384,0.1146,3019722.0454,-0.0032234204850097726
2026-01-30 14:00:00,0.11463,0.11644,0.11463,0.11568,4019840.9584,0.00937995412981541
2026-01-30 15:00:00,0.11576,0.11658,0.11419,0.11607,3092462.5307,0.003365698970076718
2026-01-30 16:00:00,0.11598,0.11714,0.11545,0.11619,3030415.68,0.0010333248142391273
2026-01-30 17:00:00,0.1163,0.1172,0.11558,0.11632,3103181.61503199,0.00111823159043885
2026-01-30 18:00:00,0.11631,0.11825,0.11356,0.11771,6273321.1336,0.01187895863917996
2026-01-30 19:00:00,0.11779,0.11871,0.11751,0.11775,4371259.4907,0.0003397604721378736
2026-01-30 20:00:00,0.11773,0.11773,0.11548,0.11589,5699114.046,-0.01592226755022743
2026-01-30 21:00:00,0.11594,0.11692,0.11576,0.11647,1583487.7259,0.004992263768260898
2026-01-30 22:00:00,0.11648,0.11668,0.11554,0.11614,2469877.5909,-0.002837369170656768
2026-01-30 23:00:00,0.11617,0.11625,0.11537,0.1158,983869.0318,-0.0029317948050088766
2026-01-31 00:00:00,0.11584,0.1159,0.11525,0.11542,399840.5016,-0.003286915856074546
2026-01-31 01:00:00,0.11544,0.11592,0.11528,0.11563,576163.0898,0.0018177888580500382
2026-01-31 02:00:00,0.1156,0.1156,0.11485,0.11538,823044.098,-0.0021644093121270243
2026-01-31 03:00:00,0.11537,0.11553,0.11507,0.11519,460389.1298,-0.0016480898903282655
2026-01-31 04:00:00,0.11517,0.11548,0.1147,0.11482,558235.5978,-0.0032172541989242067
2026-01-31 05:00:00,0.11481,0.11482,0.11441,0.11471,743305.2088,-0.0009584804463143858
2026-01-31 06:00:00,0.11473,0.11475,0.11342,0.11391,1554297.4022,-0.0069985413813557365
2026-01-31 07:00:00,0.11396,0.11404,0.11211,0.11276,1894632.7432,-0.01014699666590885
2026-01-31 08:00:00,0.11282,0.11304,0.11032,0.11164,7160967.1727,-0.009982257577790315
2026-01-31 09:00:00,0.11166,0.11259,0.11142,0.1121,1752331.186,0.004111921409992745
2026-01-31 10:00:00,0.11206,0.11253,0.11161,0.112,1598565.15039531,-0.0008924587830197224
2026-01-31 11:00:00,0.11199,0.11213,0.11146,0.11185,739345.4601,-0.0013401833589558679
2026-01-31 12:00:00,0.11179,0.11184,0.11113,0.11131,1451409.661,-0.0048395864310042
2026-01-31 13:00:00,0.11135,0.11142,0.11025,0.11088,4332617.4107,-0.00387056606354138
2026-01-31 14:00:00,0.11091,0.11121,0.10493,0.10699,17685748.5506,-0.035713163291078
2026-01-31 15:00:00,0.10696,0.10821,0.10662,0.10679,3883120.8051859,-0.0018710829670614431
2026-01-31 16:00:00,0.10684,0.10809,0.10472,0.10533,8811816.3025,-0.013766010335003328
2026-01-31 17:00:00,0.10534,0.10557,0.1,0.10219,27880345.262,-0.030264453224332775
2026-01-31 18:00:00,0.10221,0.10267,0.095,0.10158,28042476.7019,-0.005987160251018697
2026-01-31 19:00:00,0.10159,0.103,0.10138,0.10187,6310838.4574,0.0028508252288759494
2026-01-31 20:00:00,0.10192,0.10278,0.10059,0.10189,2152309.9806,0.00019630938421897443
2026-01-31 21:00:00,0.10178,0.103,0.101,0.1027,1674955.8638,0.007918316948318592
2026-01-31 22:00:00,0.10277,0.10286,0.10179,0.10245,734855.3254,-0.0024372422496037553
2026-01-31 23:00:00,0.10245,0.1048,0.10245,0.10434,2579181.804,0.018279922909337963
2026-02-01 00:00:00,0.10418,0.10524,0.10408,0.1049,1495826.5333,0.005352717808004763
2026-02-01 01:00:00,0.10494,0.10496,0.10364,0.10487,2204938.8848,-0.00028602755593765876
2026-02-01 02:00:00,0.10496,0.10559,0.10472,0.10521,773124.31462892,0.0032368649738825934
2026-02-01 03:00:00,0.10516,0.10534,0.10465,0.10495,501892.3811,-0.0024743065535544344
2026-02-01 04:00:00,0.10499,0.10557,0.10491,0.10513,1061736.7505,0.0017136333210974824
2026-02-01 05:00:00,0.10517,0.10542,0.10462,0.10474,1626905.926,-0.003716590736397951
2026-02-01 06:00:00,0.10475,0.10564,0.10469,0.105,1669731.557,0.0024792613061816586
2026-02-01 07:00:00,0.10506,0.1064,0.10448,0.10581,1741465.0467,0.007684682758547016
2026-02-01 08:00:00,0.10579,0.10652,0.10531,0.10597,1259862.9737,0.0015110022706741565
2026-02-01 09:00:00,0.10596,0.10656,0.10544,0.10633,581218.2463,0.003391430476250125
2026-02-01 10:00:00,0.10641,0.10643,0.10453,0.10466,2052252.3822,-0.015830464718932968
2026-02-01 11:00:00,0.10466,0.10612,0.10466,0.10587,1098684.4656,0.011494925411226637
2026-02-01 12:00:00,0.1059,0.10627,0.10524,0.10577,1596354.8724,-0.0009450010153269226
2026-02-01 13:00:00,0.10582,0.1068,0.10533,0.10566,1028633.2195,-0.0010405336037917026
2026-02-01 14:00:00,0.10566,0.10637,0.10392,0.10534,7782201.8002,-0.0030331776809265315
2026-02-01 15:00:00,0.10533,0.10541,0.10259,0.10404,6572906.9032,-0.012417773474792549
2026-02-01 16:00:00,0.10409,0.10519,0.10309,0.104,2180113.2346,-0.00038454143907814804
2026-02-01 17:00:00,0.10399,0.10423,0.103,0.10423,1235655.2861,0.0022090966098582275
2026-02-01 18:00:00,0.10418,0.10632,0.10418,0.1055,2898102.6201,0.012110957164890189
2026-02-01 19:00:00,0.10549,0.10575,0.10359,0.10418,1324634.504,-0.012590780599075679
2026-02-01 20:00:00,0.10417,0.10579,0.10316,0.1046,1788842.0824,0.004023379313777141
2026-02-01 21:00:00,0.10464,0.10468,0.10325,0.10375,1113920.5454,-0.008159392520014887
2026-02-01 22:00:00,0.10379,0.10576,0.10363,0.10471,1521699.6734,0.009210465188563093
2026-02-01 23:00:00,0.10462,0.10578,0.10108,0.10426,4705116.489,-0.004306844959410711
2026-02-02 00:00:00,0.10435,0.1061,0.10326,0.10515,2347125.8428,0.008500122808748876
2026-02-02 01:00:00,0.10517,0.10629,0.10337,0.1051,3488297.2687,-0.00047562426580324537
2026-02-02 02:00:00,0.1051,0.10551,0.10364,0.10376,3079987.5509,-0.012831737874716889
2026-02-02 03:00:00,0.10381,0.10395,0.09983,0.10338,12223344.8157,-0.0036690202402952852
2026-02-02 04:00:00,0.1034,0.10517,0.10187,0.10346,2765020.8759,0.0007735448074756496
2026-02-02 05:00:00,0.10344,0.10346,0.09993,0.10084,3670779.9863,-0.025649962255649913
2026-02-02 06:00:00,0.10084,0.10443,0.09955,0.10304,6634480.6487,0.021582160036324422
2026-02-02 07:00:00,0.10302,0.10414,0.1027,0.1031,2941281.5374,0.0005821286668706921
2026-02-02 08:00:00,0.10311,0.10445,0.10311,0.10394,873946.4679,0.008114418557381587
2026-02-02 09:00:00,0.10392,0.10521,0.10318,0.10454,3150139.2364,0.005755963704479974
2026-02-02 10:00:00,0.1046,0.10539,0.10443,0.10487,4675424.4481,0.0031517145615380564
2026-02-02 11:00:00,0.10488,0.10547,0.1048,0.10488,1775136.1555,9.535160913052719e-05
2026-02-02 12:00:00,0.10489,0.10654,0.10489,0.10608,2917501.9189,0.01137668698210783
2026-02-02 13:00:00,0.10609,0.10689,0.10582,0.10663,1763267.527,0.005171371592535771
2026-02-02 14:00:00,0.1066,0.10851,0.10566,0.1075,4584724.542,0.008125949537629296
2026-02-02 15:00:00,0.10753,0.11055,0.10723,0.10948,4227630.3717,0.01825103660476079
2026-02-02 16:00:00,0.10956,0.10997,0.10844,0.10856,1821770.5349,-0.008438868645864484
2026-02-02 17:00:00,0.10857,0.10921,0.10806,0.10852,1718075.9977,-0.0003685277358827346
2026-02-02 18:00:00,0.1085,0.10889,0.10783,0.10833,1287520.3884,-0.0017523638332550045
2026-02-02 19:00:00,0.10827,0.10856,0.1072,0.10747,2079976.5067,-0.007970385104414144
2026-02-02 20:00:00,0.10739,0.10788,0.10703,0.10747,1607714.7581,0.0
2026-02-02 21:00:00,0.10749,0.10836,0.10745,0.10819,752602.24200743,0.006677201846420143
2026-02-02 22:00:00,0.10823,0.10868,0.10823,0.1086,388838.5315,0.003782466800353115
2026-02-02 23:00:00,0.10861,0.10865,0.10779,0.1079,320839.7762,-0.006466535235746127
2026-02-03 00:00:00,0.10793,0.10825,0.10744,0.10825,678981.2628,0.0032384946185102757
2026-02-03 01:00:00,0.10816,0.10816,0.10735,0.10784,365763.3504,-0.0037947197186022482
2026-02-03 02:00:00,0.10789,0.10789,0.10596,0.10603,2180628.0555,-0.016926574226290132
2026-02-03 03:00:00,0.10602,0.10767,0.10562,0.10746,2272741.5974,0.013396612362968496
2026-02-03 04:00:00,0.10743,0.10826,0.10698,0.10787,751919.7501,0.003808113086662119
2026-02-03 05:00:00,0.10787,0.10787,0.10665,0.1067,773173.239,-0.010905640079629866
2026-02-03 06:00:00,0.10672,0.10702,0.10607,0.10693,1472158.7397,0.0021532564608574465
2026-02-03 07:00:00,0.10691,0.10901,0.10659,0.10826,1715504.283,0.012361326600266578
2026-02-03 08:00:00,0.10827,0.109,0.10783,0.10791,2538175.4623,-0.003238194993189472
2026-02-03 09:00:00,0.10792,0.10827,0.10647,0.10713,2435199.0872,-0.007254496101175495
2026-02-03 10:00:00,0.10709,0.10764,0.10667,0.10691,515245.4229,-0.002055691249058246
2026-02-03 11:00:00,0.10687,0.10705,0.10656,0.10663,431636.3114,-0.0026224609953203974
2026-02-03 12:00:00,0.10666,0.10829,0.10631,0.10786,2821926.651,0.01146919187899266
2026-02-03 13:00:00,0.10785,0.10846,0.10744,0.10836,1476820.0514,0.004624927307813357
2026-02-03 14:00:00,0.1083,0.10855,0.10577,0.10584,3897890.3987,-0.023530497410194046
2026-02-03 15:00:00,0.1058,0.11051,0.10547,0.11016,9917654.1773,0.04000533461369899
2026-02-03 16:00:00,0.11017,0.11019,0.10603,0.10643,10178167.4492,-0.034446362367446415
2026-02-03 17:00:00,0.10646,0.1067,0.10418,0.10427,4465579.3444,-0.0205038032514511
2026-02-03 18:00:00,0.10427,0.10511,0.10231,0.10251,7748152.3163,-0.01702333400619163
2026-02-03 19:00:00,0.1025,0.10693,0.10228,0.10656,5809758.4663,0.03874785199676891
2026-02-03 20:00:00,0.10639,0.1105,0.10524,0.10926,7161682.1995,0.025022156175492465
2026-02-03 21:00:00,0.10915,0.10969,0.10743,0.10767,4443856.4635,-0.014659369139945932
2026-02-03 22:00:00,0.10774,0.10774,0.10587,0.10634,968542.7412,-0.012429485751433137
2026-02-03 23:00:00,0.10629,0.10635,0.10544,0.106,1520516.648,-0.0032024139641253758
2026-02-04 00:00:00,0.106,0.10694,0.10551,0.10643,792573.1829,0.004048397940885847
2026-02-04 01:00:00,0.10653,0.10811,0.10653,0.1078,1570484.142,0.012790166421944018
2026-02-04 02:00:00,0.10776,0.10784,0.10669,0.10719,648793.313,-0.00567469777146881
2026-02-04 03:00:00,0.10712,0.10946,0.10705,0.10891,1916206.1883,0.015918892384166976
2026-02-04 04:00:00,0.10889,0.10914,0.10832,0.10832,1467065.6553,-0.0054320439236303095
2026-02-04 05:00:00,0.1084,0.10862,0.10735,0.10771,743457.11017468,-0.00564737880128605
2026-02-04 06:00:00,0.10772,0.10881,0.10759,0.10848,1218195.8293,0.00712339382940663
2026-02-04 07:00:00,0.10847,0.10889,0.10792,0.10845,995944.7094,-0.000276586919201895
2026-02-04 08:00:00,0.10846,0.10871,0.10784,0.10854,404666.9616,0.0008295313623753788
2026-02-04 09:00:00,0.10849,0.1085,0.10752,0.10786,1673379.015,-0.006284678726177782
2026-02-04 10:00:00,0.10786,0.10814,0.10757,0.10771,929071.186,-0.001391659546402153
2026-02-04 11:00:00,0.10771,0.10777,0.1064,0.1073,2202044.9928,-0.0038137807260260016
2026-02-04 12:00:00,0.10736,0.1078,0.10718,0.10742,844265.2812,0.001117734840660498
2026-02-04 13:00:00,0.10738,0.10752,0.10573,0.10574,2418077.0223,-0.015763133670009127
2026-02-04 14:00:00,0.1058,0.10657,0.10398,0.10417,3755489.015,-0.014959070810946783
2026-02-04 15:00:00,0.10417,0.10531,0.10276,0.10341,5537421.27660591,-0.007322510799473674
2026-02-04 16:00:00,0.10343,0.10427,0.10199,0.10326,4459060.8448,-0.0014515897453805902
2026-02-04 17:00:00,0.10324,0.10384,0.10142,0.10292,10939171.4653,-0.0032980920379596613
2026-02-04 18:00:00,0.10287,0.1048,0.1015,0.10365,6598232.4508,0.007067851468245269
2026-02-04 19:00:00,0.10364,0.10557,0.10341,0.10532,6485412.3553,0.015983495746319992
2026-02-04 20:00:00,0.10535,0.10547,0.1044,0.10453,1332905.0795,-0.007529223083492868
2026-02-04 21:00:00,0.10451,0.10482,0.10232,0.1031,2919488.5685,-0.013774720521701585
2026-02-04 22:00:00,0.10306,0.1048,0.10128,0.10288,2705250.983,-0.0021361305336050187
2026-02-04 23:00:00,0.10282,0.1047,0.10253,0.1038,2318583.2879,0.008902710242478988
2026-02-05 00:00:00,0.10389,0.10407,0.10316,0.1036,448044.6678,-0.001928640906405597
2026-02-05 01:00:00,0.10359,0.10476,0.10262,0.10363,2394868.005,0.00028953337074337157
2026-02-05 02:00:00,0.10362,0.10436,0.10228,0.10253,4039184.7181,-0.01067142451412625
2026-02-05 03:00:00,0.10249,0.10366,0.10221,0.10261,2302580.7146,0.00077995519211805
2026-02-05 04:00:00,0.10262,0.10317,0.10161,0.10227,2923079.1465,-0.003319019056196382
2026-02-05 05:00:00,0.10225,0.10359,0.10095,0.10235,4730376.3034,0.0007819372893770435
2026-02-05 06:00:00,0.1024,0.10253,0.10069,0.10118,2630473.4905,-0.011497203243508405
2026-02-05 07:00:00,0.1011,0.10282,0.10097,0.10115,2140715.8088,-0.00029654525003559667
2026-02-05 08:00:00,0.10117,0.10276,0.1011,0.10181,1308014.1881,0.0065037675053497375
2026-02-05 09:00:00,0.10186,0.10293,0.10154,0.10166,1085786.4673,-0.0014744191003478952
2026-02-05 10:00:00,0.1017,0.1017,0.09915,0.09952,4570798.1361,-0.021275283027887146
2026-02-05 11:00:00,0.0995,0.0998,0.09738,0.09875,5959139.6117,-0.007767225209637978
2026-02-05 12:00:00,0.09875,0.09916,0.09766,0.09852,5597485.2375,-0.0023318305288941165
2026-02-05 13:00:00,0.0985,0.09934,0.09795,0.09833,2986552.2179,-0.001930404460272278
2026-02-05 14:00:00,0.09831,0.10052,0.09825,0.0985,4218600.6029,0.0017273793859784647
2026-02-05 15:00:00,0.09849,0.09879,0.09264,0.09423,17926030.6352,-0.044317945959378394
2026-02-05 16:00:00,0.09421,0.09545,0.09303,0.09426,6783093.0047,0.0003183192769198952
2026-02-05 17:00:00,0.09428,0.09462,0.09096,0.09191,5850115.40901497,-0.02524708412556659
2026-02-05 18:00:00,0.09198,0.0928,0.0905,0.09252,5208580.6405,0.006614999993220239
2026-02-05 19:00:00,0.09257,0.09285,0.09077,0.09117,4613663.3306,-0.014698941766427097
2026-02-05 20:00:00,0.09122,0.09186,0.08731,0.08909,12985916.6815,-0.02307880086425891
2026-02-05 21:00:00,0.0891,0.0913,0.08752,0.08845,7592477.26682395,-0.0072096741267581995
2026-02-05 22:00:00,0.08844,0.0907,0.08676,0.08968,7525065.9763,0.013810358158110101
2026-02-05 23:00:00,0.08965,0.09132,0.0881,0.08847,5499803.4934,-0.013584267268609973
2026-02-06 00:00:00,0.08854,0.08885,0.0799,0.08765,69693536.52153507,-0.009311900128050943
2026-02-06 01:00:00,0.08763,0.09101,0.08723,0.0908,14021977.1105,0.035307674240004076
2026-02-06 02:00:00,0.0908,0.0914,0.0888,0.08938,6380204.5718,-0.015762342101942255
2026-02-06 03:00:00,0.08942,0.09026,0.08916,0.08987,2643806.7184,0.005467238164976676
2026-02-06 04:00:00,0.08987,0.09152,0.08953,0.09085,1915024.7056,0.010845613171898126
2026-02-06 05:00:00,0.09081,0.09351,0.09074,0.09312,5003536.9079,0.024679189140947442
2026-02-06 06:00:00,0.09315,0.09346,0.09126,0.09141,5475891.6936,-0.01853410231740026
2026-02-06 07:00:00,0.09146,0.09163,0.09044,0.09071,4446631.2515,-0.0076872770388746415
2026-02-06 08:00:00,0.09071,0.0913,0.09016,0.09084,3476283.9423,0.0014321126105050802
2026-02-06 09:00:00,0.09085,0.09298,0.09062,0.0926,3683287.2273,0.019189424414775846
2026-02-06 10:00:00,0.09264,0.09382,0.09215,0.09367,9220399.9916,0.011488825568905429
2026-02-06 11:00:00,0.09366,0.0943,0.09317,0.09363,3213058.0346,-0.000427122270241455
2026-02-06 12:00:00,0.0937,0.0937,0.09305,0.09349,1764418.8006,-0.0014963662475734453
2026-02-06 13:00:00,0.0935,0.09545,0.09328,0.09483,6217093.4981,0.014231336192411601
2026-02-06 14:00:00,0.09481,0.09683,0.09378,0.09646,6264163.144,0.017042599745189912
2026-02-06 15:00:00,0.09647,0.09692,0.09544,0.0964,4774350.2225,-0.0006222130243259827
2026-02-06 16:00:00,0.09643,0.10012,0.09605,0.09916,7745974.8601,0.028228505550489724
2026-02-06 17:00:00,0.09916,0.1021,0.09851,0.10021,8270218.8527,0.010533276903247768
2026-02-06 18:00:00,0.10025,0.10035,0.09827,0.09919,5599540.2904,-0.010230781312335055
2026-02-06 19:00:00,0.09921,0.09967,0.0983,0.09882,11363242.3228,-0.003737189340298426
2026-02-06 20:00:00,0.09882,0.09896,0.09882,0.09896,2703543.5939,0.0014157146666285466
