timestamp,open,high,low,close,volume,returns
2025-12-06 14:00:00,3036.11,3068.95,3034.61,3054.85,2853.9142531,0.006153400820705772
2025-12-06 15:00:00,3055.1,3055.73,3026.83,3041.36,2382.1241054,-0.004425707782022132
2025-12-06 16:00:00,3041.61,3066.69,3040.86,3052.32,1701.6461427,0.003597173405304136
2025-12-06 17:00:00,3052.32,3060.18,3047.29,3055.53,1460.4517586,0.0010511064598969183
2025-12-06 18:00:00,3055.53,3056.05,3038.19,3042.42,1021.6536716,-0.004299812297101631
2025-12-06 19:00:00,3042.41,3048.15,3025.3,3030.47,1815.8658662,-0.003935528364203781
2025-12-06 20:00:00,3030.47,3041.3,3030.07,3040.0,1089.9378506,0.003139792414468561
2025-12-06 21:00:00,3040.0,3044.82,3036.62,3042.99,1850.1036737,0.0009830692606105837
2025-12-06 22:00:00,3042.99,3054.83,3037.31,3041.87,1329.9463496,-0.00036812679754276943
2025-12-06 23:00:00,3041.88,3043.45,3026.65,3038.08,1780.99179,-0.0012467209404366795
2025-12-07 00:00:00,3038.08,3049.02,3032.48,3045.0,1343.9450377,0.0022751642210989014
2025-12-07 01:00:00,3044.81,3052.05,3041.71,3042.96,1336.60728995,-0.0006701752561951907
2025-12-07 02:00:00,3042.96,3056.94,3042.62,3054.18,656.9540256,0.003680418250202307
2025-12-07 03:00:00,3053.81,3056.77,3049.28,3053.92,742.3492886,-8.513285642242392e-05
2025-12-07 04:00:00,3053.92,3058.0,3043.24,3046.55,629.85261,-0.0024162084513302397
2025-12-07 05:00:00,3046.56,3049.68,3044.16,3045.01,467.4226749,-0.0005056176193974709
2025-12-07 06:00:00,3045.01,3049.03,3043.83,3048.6,634.2018248,0.0011782836168866978
2025-12-07 07:00:00,3048.61,3051.03,3031.46,3037.34,1218.3760452,-0.003700336463427638
2025-12-07 08:00:00,3037.61,3043.13,3028.0,3034.68,1456.2189426,-0.0008761500028525108
2025-12-07 09:00:00,3034.68,3039.27,3024.7,3030.37,1323.6607524,-0.0014212581019142105
2025-12-07 10:00:00,3030.38,3043.5,3029.95,3037.94,1021.4101833,0.0024949298657228483
2025-12-07 11:00:00,3037.93,3041.86,3035.25,3035.6,633.2614803,-0.0007705555955118084
2025-12-07 12:00:00,3035.6,3050.85,3034.82,3049.11,936.3304209,0.004440646210150308
2025-12-07 13:00:00,3049.11,3053.68,3026.95,3031.55,2236.1195318,-0.005775704879065183
2025-12-07 14:00:00,3031.79,3035.22,2910.95,2943.54,10111.01108659,-0.029461101220378913
2025-12-07 15:00:00,2942.65,3038.59,2940.21,3027.0,6274.25904215,0.027959091381254773
2025-12-07 16:00:00,3027.02,3040.16,2999.9,3040.0,3915.77204275,0.004285485378548639
2025-12-07 17:00:00,3039.99,3134.24,3025.15,3113.05,7007.76097208,0.023745437589192498
2025-12-07 18:00:00,3112.85,3150.94,3112.85,3128.78,3707.08332887,0.005040199204362114
2025-12-07 19:00:00,3128.78,3142.5,3121.68,3137.15,1575.52788925,0.002671592238770402
2025-12-07 20:00:00,3137.9,3146.7,3132.02,3141.19,1319.0220748,0.0012869645663067535
2025-12-07 21:00:00,3141.18,3141.18,3069.7,3085.4,3502.64444568,-0.01792040042106027
2025-12-07 22:00:00,3084.32,3086.15,3014.11,3034.14,4589.3932701,-0.016753285029269288
2025-12-07 23:00:00,3032.8,3065.1,3025.29,3059.67,2862.5330737,0.008379043445112424
2025-12-08 00:00:00,3060.08,3076.51,3040.8,3063.47,2398.9132836,0.0012411934033335593
2025-12-08 01:00:00,3063.24,3134.58,3062.76,3097.8,3997.25062846,0.01114392171664254
2025-12-08 02:00:00,3098.18,3114.72,3092.34,3109.73,1914.5098796,0.003843723570574577
2025-12-08 03:00:00,3109.74,3120.69,3101.68,3110.86,1610.3471202,0.00036330959360105126
2025-12-08 04:00:00,3110.86,3137.78,3108.54,3129.2,1841.509371,0.005878165533091488
2025-12-08 05:00:00,3129.2,3140.51,3121.93,3130.63,1538.5799909,0.00045688142485516306
2025-12-08 06:00:00,3130.64,3140.33,3122.33,3130.31,1614.3436243,-0.00010222107232426387
2025-12-08 07:00:00,3130.51,3138.37,3123.07,3133.94,1523.837146,0.0011589577064495093
2025-12-08 08:00:00,3134.25,3146.77,3125.13,3144.15,1415.6653341,0.003252584464773281
2025-12-08 09:00:00,3143.07,3180.21,3141.13,3158.81,3016.8060997,0.004651791042884804
2025-12-08 10:00:00,3158.81,3165.13,3153.65,3160.42,1297.5394727,0.0005095557638623619
2025-12-08 11:00:00,3160.43,3163.93,3135.13,3142.1,1659.5933629,-0.005813563970452317
2025-12-08 12:00:00,3142.34,3143.53,3123.67,3131.79,2347.83357586,-0.0032866401166483047
2025-12-08 13:00:00,3131.79,3160.28,3129.65,3145.72,2688.0632763,0.004438072695808825
2025-12-08 14:00:00,3146.08,3178.81,3125.84,3128.42,4955.1459821,-0.005514713998745843
2025-12-08 15:00:00,3128.43,3139.21,3088.86,3101.64,6291.6656643,-0.008597080908316885
2025-12-08 16:00:00,3101.56,3132.86,3092.78,3108.69,3861.4386245,0.002270411726406376
2025-12-08 17:00:00,3108.02,3129.23,3098.83,3120.64,3782.5000389,0.0038366934032643273
2025-12-08 18:00:00,3120.69,3133.03,3075.62,3092.77,3501.7443064,-0.008970979513987936
2025-12-08 19:00:00,3092.45,3128.39,3090.42,3118.52,2592.691812,0.008291400826603814
2025-12-08 20:00:00,3118.86,3145.47,3118.75,3135.9,2222.8438588,0.00555768392141266
2025-12-08 21:00:00,3136.0,3152.92,3126.84,3146.39,1906.7812393,0.0033395496703342614
2025-12-08 22:00:00,3146.39,3147.48,3120.09,3129.93,1318.4986842,-0.00524512381024185
2025-12-08 23:00:00,3129.92,3136.85,3112.93,3124.44,1338.4070773,-0.0017555729546002267
2025-12-09 00:00:00,3124.44,3143.51,3114.3,3119.56,1557.1927463,-0.0015631008948117917
2025-12-09 01:00:00,3119.57,3124.36,3098.73,3107.18,2166.5454101,-0.003976403804395136
2025-12-09 02:00:00,3106.98,3115.9,3097.91,3098.36,1502.8787219,-0.0028426231848224038
2025-12-09 03:00:00,3098.36,3129.3,3090.91,3129.3,2203.3217133,0.009936398121801047
2025-12-09 04:00:00,3129.3,3131.19,3104.01,3107.05,1557.2608797,-0.007135614392556781
2025-12-09 05:00:00,3107.05,3118.39,3095.53,3108.07,1792.85448484,0.0003282317989540729
2025-12-09 06:00:00,3108.47,3116.11,3097.12,3112.9,1262.8872428,0.0015528128155317261
2025-12-09 07:00:00,3113.24,3126.91,3109.92,3122.7,1442.11663951,0.003143244617568127
2025-12-09 08:00:00,3123.0,3130.19,3115.34,3121.02,943.1027464,-0.0005381407367861724
2025-12-09 09:00:00,3121.03,3123.02,3104.6,3106.03,1134.1377584,-0.004814488065710596
2025-12-09 10:00:00,3106.03,3114.37,3092.98,3107.5,1614.6300231,0.0004731609978306176
2025-12-09 11:00:00,3107.95,3120.84,3100.7,3118.48,943.1366403,0.003527159220998946
2025-12-09 12:00:00,3118.48,3141.26,3114.82,3137.47,1768.62334359,0.0060710390354723415
2025-12-09 13:00:00,3137.48,3140.36,3109.78,3117.45,2022.3629942,-0.006401382708145661
2025-12-09 14:00:00,3117.46,3129.18,3098.73,3117.99,2952.0061376,0.0001732034952945992
2025-12-09 15:00:00,3117.99,3256.05,3115.16,3245.48,7419.27343937,0.040074695647371227
2025-12-09 16:00:00,3245.86,3377.67,3245.38,3365.95,8794.7257569,0.036446982137946414
2025-12-09 17:00:00,3365.95,3397.25,3356.11,3374.45,5547.20181018,0.0025221068499567357
2025-12-09 18:00:00,3374.99,3387.23,3360.52,3375.68,2301.60981583,0.0003644374296831128
2025-12-09 19:00:00,3375.68,3378.19,3345.86,3357.54,2268.5332577,-0.005388222540807995
2025-12-09 20:00:00,3357.55,3361.03,3305.0,3326.87,3919.797504,-0.00917664093863529
2025-12-09 21:00:00,3327.4,3335.04,3285.01,3301.92,2976.6151752,-0.007527804568186939
2025-12-09 22:00:00,3301.88,3342.59,3296.86,3328.6,2705.40471829,0.008047677706812419
2025-12-09 23:00:00,3328.59,3335.44,3317.03,3318.18,1096.8964924,-0.003135355325769424
2025-12-10 00:00:00,3318.07,3328.2,3305.7,3306.0,1996.6385122,-0.0036774404458871936
2025-12-10 01:00:00,3306.0,3315.14,3288.4,3302.72,2033.6517126,-0.0009926280034010528
2025-12-10 02:00:00,3302.52,3312.5,3291.79,3311.08,1474.5132221,0.0025280487624113027
2025-12-10 03:00:00,3311.09,3316.4,3305.6,3309.94,826.4261216,-0.00034435782138258494
2025-12-10 04:00:00,3309.73,3327.37,3306.92,3322.38,1304.9255875,0.0037513312350653015
2025-12-10 05:00:00,3322.54,3334.56,3315.02,3322.33,1270.9521139,-1.5049565745116805e-05
2025-12-10 06:00:00,3322.33,3328.61,3315.05,3325.93,955.5889197,0.0010829902416151936
2025-12-10 07:00:00,3325.94,3327.2,3311.65,3327.18,1117.9242064,0.00037576412075192555
2025-12-10 08:00:00,3327.18,3334.05,3322.64,3322.64,1431.44188862,-0.0013654507055486649
2025-12-10 09:00:00,3322.47,3348.59,3314.96,3348.45,1536.6582501,0.007737904534753816
2025-12-10 10:00:00,3347.88,3376.0,3310.3,3312.35,3443.46229,-0.010839644929186685
2025-12-10 11:00:00,3312.35,3320.12,3296.64,3318.35,2158.55874858,0.0018097641689784763
2025-12-10 12:00:00,3318.36,3327.44,3308.8,3324.28,1914.2144737,0.001785437868825646
2025-12-10 13:00:00,3324.5,3338.84,3319.3,3334.63,2175.5614215,0.0031086193790813986
2025-12-10 14:00:00,3334.62,3338.91,3304.33,3320.49,3431.0383617,-0.004249366285594511
2025-12-10 15:00:00,3318.7,3337.84,3306.78,3328.26,2986.18428854,0.0023372825079063754
2025-12-10 16:00:00,3328.26,3370.0,3320.75,3351.24,3065.22279505,0.006880781695008075
2025-12-10 17:00:00,3351.24,3386.06,3346.59,3370.57,2697.8996846,0.0057514429253075795
2025-12-10 18:00:00,3370.56,3429.29,3359.71,3381.91,4322.337463,0.003358769122116398
2025-12-10 19:00:00,3381.92,3436.26,3345.39,3389.86,10324.0855394,0.0023479839546769166
2025-12-10 20:00:00,3391.04,3447.72,3345.78,3354.52,7887.94543969,-0.010479932461031896
2025-12-10 21:00:00,3355.37,3369.0,3329.24,3339.57,3648.74343663,-0.004466633957830452
2025-12-10 22:00:00,3339.81,3355.76,3318.33,3346.42,2557.7928672,0.0020490615142202766
2025-12-10 23:00:00,3346.41,3352.6,3319.9,3324.22,1771.87599941,-0.006656057577887386
2025-12-11 00:00:00,3324.22,3327.62,3259.01,3279.61,3871.5321559,-0.013510547234370392
2025-12-11 01:00:00,3279.6,3279.93,3244.0,3254.72,3261.5068572,-0.00761826243247832
2025-12-11 02:00:00,3254.72,3255.95,3206.95,3210.87,3335.44508,-0.013564321997250236
2025-12-11 03:00:00,3211.0,3211.0,3167.47,3191.97,4098.000147,-0.005903647410688521
2025-12-11 04:00:00,3191.59,3215.71,3180.77,3214.67,2532.7936631,0.007086427517265271
2025-12-11 05:00:00,3215.0,3215.59,3194.56,3214.35,1618.8118597,-9.954860935706144e-05
2025-12-11 06:00:00,3214.74,3214.75,3194.39,3202.94,1270.4549791,-0.0035560219418360652
2025-12-11 07:00:00,3202.94,3206.41,3196.08,3201.51,946.1742989,-0.0004465645055434512
2025-12-11 08:00:00,3201.5,3201.95,3178.35,3197.04,1408.8751639,-0.0013971917785042507
2025-12-11 09:00:00,3196.75,3212.99,3193.38,3198.6,1542.3901034,0.0004878323454532621
2025-12-11 10:00:00,3198.82,3203.03,3188.61,3196.01,1292.6515784,-0.0008100572643610751
2025-12-11 11:00:00,3196.02,3202.63,3193.01,3193.01,875.4409404,-0.0009391112316074676
2025-12-11 12:00:00,3193.01,3207.5,3187.31,3199.09,1331.5128902,0.0019023487847786029
2025-12-11 13:00:00,3199.09,3203.94,3188.01,3192.11,1272.5902174,-0.002184254216770564
2025-12-11 14:00:00,3192.12,3196.02,3145.06,3159.63,4507.2963916,-0.010227208010853027
2025-12-11 15:00:00,3159.74,3209.85,3155.26,3179.73,4513.139528,0.006341355391198799
2025-12-11 16:00:00,3179.28,3197.13,3155.43,3175.14,3466.2157088,-0.001444561666307981
2025-12-11 17:00:00,3175.15,3204.05,3168.01,3181.65,2288.380264,0.002048204290487518
2025-12-11 18:00:00,3181.27,3233.99,3179.76,3203.49,3609.8353451,0.006840910355103377
2025-12-11 19:00:00,3203.49,3229.55,3190.13,3194.71,3009.0181412,-0.0027445236195218136
2025-12-11 20:00:00,3194.31,3226.79,3192.83,3221.04,2906.1830762,0.008207971888743448
2025-12-11 21:00:00,3221.71,3273.09,3215.19,3249.2,4785.3328478,0.008704523419138665
2025-12-11 22:00:00,3249.2,3265.83,3229.7,3238.31,2351.9930004,-0.0033572234118742768
2025-12-11 23:00:00,3238.31,3245.29,3223.5,3237.08,1697.66887418,-0.0003798999024902161
2025-12-12 00:00:00,3237.24,3246.71,3185.16,3189.15,2314.7241183,-0.014917265269949815
2025-12-12 01:00:00,3189.3,3246.32,3189.3,3234.84,3200.408987,0.014225044077646711
2025-12-12 02:00:00,3234.85,3265.43,3227.53,3258.64,2588.7948116,0.007330462733596609
2025-12-12 03:00:00,3258.65,3264.23,3238.23,3245.63,1662.4914287,-0.004000454270994926
2025-12-12 04:00:00,3245.63,3251.4,3240.36,3247.83,1150.5664712,0.000677604877577535
2025-12-12 05:00:00,3247.57,3252.11,3232.84,3247.7,1217.9166076,-4.002752662757899e-05
2025-12-12 06:00:00,3247.7,3264.94,3245.9,3253.95,1545.0476791,0.0019225894734974627
2025-12-12 07:00:00,3254.31,3258.0,3242.52,3246.38,1135.6633801,-0.0023291135748878078
2025-12-12 08:00:00,3246.39,3250.27,3234.54,3245.2,1767.758922,-0.00036354786138251537
2025-12-12 09:00:00,3244.67,3254.91,3232.75,3251.49,1598.7815107,0.0019363712799535292
2025-12-12 10:00:00,3251.48,3256.17,3240.1,3244.12,1515.3735047,-0.0022692258810430048
2025-12-12 11:00:00,3244.13,3245.94,3226.86,3242.75,1831.09691296,-0.00042239169903792064
2025-12-12 12:00:00,3242.74,3249.59,3233.67,3247.91,1748.009089,0.0015899773172687998
2025-12-12 13:00:00,3247.6,3251.33,3238.03,3242.47,1393.9963083,-0.0016763275105309986
2025-12-12 14:00:00,3242.48,3247.9,3216.3,3231.58,3737.3588254,-0.003364203325880857
2025-12-12 15:00:00,3231.53,3231.59,3057.36,3071.26,11211.58443904,-0.050883280868295196
2025-12-12 16:00:00,3070.93,3088.88,3044.97,3069.28,7839.515927,-0.0006448944453164079
2025-12-12 17:00:00,3069.36,3099.77,3062.2,3066.33,5079.3269517,-0.0009615996542531338
2025-12-12 18:00:00,3066.33,3097.71,3064.45,3079.66,2766.5212854,0.004337794530074275
2025-12-12 19:00:00,3079.82,3082.11,3063.25,3073.77,2387.9394112,-0.0019143800445705376
2025-12-12 20:00:00,3073.77,3086.29,3067.77,3082.17,2038.9641638,0.0027290731272517983
2025-12-12 21:00:00,3081.78,3090.43,3076.61,3081.52,1137.81524151,-0.00021091261968392608
2025-12-12 22:00:00,3081.51,3094.1,3080.52,3092.98,903.83374876,0.0037120457232853654
2025-12-12 23:00:00,3093.22,3096.1,3083.02,3084.66,451.47233429,-0.0026935868812094158
2025-12-13 00:00:00,3084.92,3095.21,3082.21,3086.22,537.5039494,0.0005056005085927396
2025-12-13 01:00:00,3086.23,3090.52,3078.67,3084.24,479.8337738,-0.0006417674105197146
2025-12-13 02:00:00,3084.34,3089.31,3083.55,3084.6,562.5426656,0.00011671562251864758
2025-12-13 03:00:00,3084.97,3093.62,3084.52,3089.88,468.6244843,0.001710265896724618
2025-12-13 04:00:00,3089.89,3092.32,3086.25,3090.04,492.4264324,5.178060558576363e-05
2025-12-13 05:00:00,3090.05,3091.9,3084.26,3089.51,411.1104224,-0.00017153352632448633
2025-12-13 06:00:00,3089.52,3095.86,3084.94,3094.08,523.4284074,0.001478106029682872
2025-12-13 07:00:00,3094.08,3095.54,3090.37,3094.58,381.1157953,0.00016158586869781055
2025-12-13 08:00:00,3094.69,3132.78,3092.69,3116.41,1621.3624356,0.007029504118376286
2025-12-13 09:00:00,3116.42,3122.88,3112.57,3118.29,897.532014,0.0006030763491363135
2025-12-13 10:00:00,3118.29,3135.81,3117.66,3127.72,953.5108533,0.0030195299606892967
2025-12-13 11:00:00,3127.72,3128.99,3115.53,3119.59,673.90199769,-0.002602721680048725
2025-12-13 12:00:00,3119.59,3127.45,3109.81,3114.88,619.5405898,-0.0015109547069987975
2025-12-13 13:00:00,3115.13,3120.57,3095.07,3109.81,1005.6496497,-0.0016289971456118872
2025-12-13 14:00:00,3109.81,3116.05,3096.45,3110.77,1020.5760503,0.00030865289333825724
2025-12-13 15:00:00,3110.76,3124.23,3104.98,3110.05,1069.5526404,-0.00023148073829969162
2025-12-13 16:00:00,3109.89,3116.42,3101.15,3105.65,789.9951282,-0.001415769980838392
2025-12-13 17:00:00,3105.65,3105.81,3096.2,3100.91,659.01276908,-0.001527416450186819
2025-12-13 18:00:00,3101.08,3111.91,3099.18,3101.78,588.2530506,0.0002805234521491063
2025-12-13 19:00:00,3101.78,3111.11,3100.75,3108.23,461.64307157,0.002077292087899617
2025-12-13 20:00:00,3108.23,3109.91,3102.6,3104.0,274.5330075,-0.0013618300203758478
2025-12-13 21:00:00,3104.0,3115.12,3079.11,3111.65,1511.03269734,0.0024615298038643536
2025-12-13 22:00:00,3111.65,3119.55,3102.79,3114.08,761.4555363,0.0007806313872912164
2025-12-13 23:00:00,3114.42,3118.1,3109.76,3114.57,606.95966383,0.00015733746510438175
2025-12-14 00:00:00,3114.34,3122.35,3103.62,3119.33,988.6841181,0.001527134193709019
2025-12-14 01:00:00,3119.33,3129.55,3115.15,3119.92,621.1807328,0.0001891252960719847
2025-12-14 02:00:00,3119.92,3125.47,3116.16,3122.43,414.7525612,0.0008041843649492399
2025-12-14 03:00:00,3122.46,3125.73,3117.21,3119.07,321.2640522,-0.001076664367404402
2025-12-14 04:00:00,3118.99,3122.08,3106.51,3111.16,572.862925,-0.0025392334633274212
2025-12-14 05:00:00,3111.3,3114.85,3105.0,3111.78,669.7921179,0.00019926272856620345
2025-12-14 06:00:00,3111.78,3115.09,3105.73,3110.64,311.1009988,-0.0003664169287045996
2025-12-14 07:00:00,3110.65,3117.65,3108.92,3115.36,390.8157506,0.0015162225840817049
2025-12-14 08:00:00,3115.33,3119.68,3109.4,3110.75,555.8365906,-0.0014808607115703906
2025-12-14 09:00:00,3110.75,3113.92,3107.62,3109.47,681.8850195,-0.0004115610116901092
2025-12-14 10:00:00,3109.46,3112.74,3093.75,3107.68,1004.5794738,-0.000575826560227812
2025-12-14 11:00:00,3107.69,3109.6,3049.74,3084.26,3486.4285472,-0.007564708858182418
2025-12-14 12:00:00,3084.78,3108.11,3070.51,3098.56,2341.7932841,0.004625729197525938
2025-12-14 13:00:00,3098.24,3102.79,3077.24,3101.52,1841.7968035,0.000954826461879417
2025-12-14 14:00:00,3101.79,3108.22,3074.7,3085.91,2033.4271712,-0.005045724353515624
2025-12-14 15:00:00,3085.9,3087.83,3070.49,3084.55,1516.5322333,-0.0004408099305470933
2025-12-14 16:00:00,3084.55,3107.79,3077.88,3097.74,1937.3835843,0.004267033740945609
2025-12-14 17:00:00,3097.74,3103.83,3074.1,3084.54,1993.687774,-0.004270275710182545
2025-12-14 18:00:00,3084.55,3105.06,3080.76,3101.6,1644.9879414,0.005515569724973465
2025-12-14 19:00:00,3101.28,3101.85,3086.11,3093.83,991.4910613,-0.0025083017881877994
2025-12-14 20:00:00,3093.79,3098.1,3063.93,3082.86,3005.6469891,-0.003552068028089278
2025-12-14 21:00:00,3082.74,3091.34,3077.2,3081.87,1194.2797204,-0.0003211819523355104
2025-12-14 22:00:00,3081.88,3089.5,3053.8,3074.25,2407.4874564,-0.0024755865355500385
2025-12-14 23:00:00,3074.43,3090.96,3026.14,3063.58,4966.449329,-0.003476802305825318
2025-12-15 00:00:00,3063.57,3084.63,3056.89,3074.71,4858.1522332,0.0036264211034294437
2025-12-15 01:00:00,3074.72,3120.94,3066.16,3108.26,4140.3853601,0.01085249622214096
2025-12-15 02:00:00,3108.51,3152.37,3107.03,3120.51,4540.4786923,0.003933365911306129
2025-12-15 03:00:00,3120.28,3126.02,3106.7,3108.51,2156.3915647,-0.003852938293705837
2025-12-15 04:00:00,3108.66,3128.1,3104.19,3123.73,1529.0234829,0.00488428887773897
2025-12-15 05:00:00,3123.78,3124.78,3114.99,3120.07,1000.67339086,-0.0011723631183582436
2025-12-15 06:00:00,3120.22,3144.79,3115.51,3137.13,1485.1445935,0.005452931749816599
2025-12-15 07:00:00,3137.52,3141.98,3123.08,3129.12,1250.3657165,-0.002556554354760791
2025-12-15 08:00:00,3129.11,3144.53,3125.89,3140.09,1796.5730739,0.003499647067583101
2025-12-15 09:00:00,3140.08,3161.25,3139.32,3153.92,2325.9851396,0.004394661673014352
2025-12-15 10:00:00,3153.82,3178.52,3151.24,3159.69,2562.3247064,0.001827797917954835
2025-12-15 11:00:00,3159.7,3162.64,3145.96,3156.87,1694.71467457,-0.0008928911266116544
2025-12-15 12:00:00,3156.87,3159.02,3148.27,3155.93,1994.5693142,-0.0002978076311453629
2025-12-15 13:00:00,3155.9,3156.74,3126.81,3132.45,3015.7075480192,-0.007467776794239281
2025-12-15 14:00:00,3132.1,3146.92,3030.08,3048.85,10486.02527539,-0.027050975630680506
2025-12-15 15:00:00,3048.68,3060.45,2986.11,3010.86,17238.70944567,-0.01253871810013221
2025-12-15 16:00:00,3011.38,3017.72,2966.4,2989.16,8227.029454,-0.007233340760237868
2025-12-15 17:00:00,2989.16,2993.42,2932.58,2937.48,7003.3893027,-0.01744034054124605
2025-12-15 18:00:00,2936.71,2943.5,2894.02,2937.95,5878.2563324,0.00015998829055987516
2025-12-15 19:00:00,2937.87,2964.73,2927.94,2940.23,5179.9377378,0.000775750356178334
2025-12-15 20:00:00,2940.22,2946.8,2916.9,2928.72,5229.3079721,-0.003922342073642624
2025-12-15 21:00:00,2929.28,2947.61,2919.4,2945.98,3484.2398725,0.005876061641578031
2025-12-15 22:00:00,2946.2,2952.67,2936.02,2952.05,2293.54414567,0.0020583151130273993
2025-12-15 23:00:00,2952.06,2969.56,2949.44,2964.95,2946.9265573,0.004360324636929715
2025-12-16 00:00:00,2964.95,2978.17,2940.67,2942.17,2802.98530785,-0.007712764570736422
2025-12-16 01:00:00,2942.36,2961.87,2935.24,2946.96,3571.5500683,0.0016267262078744071
2025-12-16 02:00:00,2946.79,2966.33,2938.61,2945.62,2972.011908,-0.0004548092764454996
2025-12-16 03:00:00,2945.62,2950.56,2922.76,2936.92,3186.1548033,-0.0029579080952050014
2025-12-16 04:00:00,2936.92,2939.65,2877.84,2918.39,4833.8698492,-0.006329318809662614
2025-12-16 05:00:00,2918.39,2927.93,2912.6,2922.91,3295.004655,0.0015476010142066539
2025-12-16 06:00:00,2922.91,2951.04,2922.91,2945.64,2066.1495689,0.007746415609668491
2025-12-16 07:00:00,2945.28,2948.18,2918.3,2924.28,1968.9053592,-0.0072778144439564485
2025-12-16 08:00:00,2924.28,2940.27,2920.23,2931.39,2449.5961308,0.002428416729117156
2025-12-16 09:00:00,2931.39,2935.52,2923.42,2926.81,1517.7092035,-0.0015636205432180861
2025-12-16 10:00:00,2927.36,2964.14,2921.56,2947.69,3090.5957824,0.0071087200370799205
2025-12-16 11:00:00,2948.01,2962.64,2938.36,2957.8,2765.5675022,0.0034239359907172794
2025-12-16 12:00:00,2957.99,2964.17,2947.56,2951.9,2230.403564,-0.0019967179248412646
2025-12-16 13:00:00,2951.86,2982.79,2908.0,2910.47,7421.0201244,-0.014134450656461267
2025-12-16 14:00:00,2910.69,2960.4,2886.61,2941.5,7641.01472742,0.010605075153144294
2025-12-16 15:00:00,2941.67,2975.78,2913.64,2963.56,6355.76994473,0.007471593048780588
2025-12-16 16:00:00,2963.25,2964.09,2925.3,2938.44,4729.05886484,-0.008512420089956816
2025-12-16 17:00:00,2938.51,2954.42,2916.89,2919.27,3616.7905551,-0.006545243256216388
2025-12-16 18:00:00,2919.56,2967.85,2911.54,2952.21,3746.5418119,0.011220457394424654
2025-12-16 19:00:00,2951.81,2957.56,2920.68,2945.97,3649.1129338,-0.0021159077302062585
2025-12-16 20:00:00,2945.15,2963.57,2943.24,2947.82,2811.4600651,0.0006277794291138234
2025-12-16 21:00:00,2947.64,2958.0,2938.05,2951.42,2058.4885183,0.001220496351015755
2025-12-16 22:00:00,2951.4,2961.0,2944.0,2954.18,1309.2797672,0.0009347061097755456
2025-12-16 23:00:00,2954.18,2965.6,2948.06,2962.26,1914.7192133,0.0027313739422145894
2025-12-17 00:00:00,2962.26,2962.26,2943.75,2949.49,1968.62679947,-0.004320216471227223
2025-12-17 01:00:00,2949.5,2974.07,2948.73,2954.2,1973.081005,0.001595612574270335
2025-12-17 02:00:00,2954.06,2964.59,2938.57,2959.45,1893.3053022,0.0017755536358283611
2025-12-17 03:00:00,2959.46,2961.95,2942.98,2947.71,1356.0026315,-0.003974842549397481
2025-12-17 04:00:00,2947.71,2951.31,2926.9,2932.31,1877.9799917,-0.005238089398180871
2025-12-17 05:00:00,2932.29,2937.6,2914.44,2930.66,3257.2399426,-0.0005628546772577691
2025-12-17 06:00:00,2930.65,2944.74,2930.31,2936.55,1767.4107887,0.002007769273169671
2025-12-17 07:00:00,2936.55,2954.0,2932.07,2948.15,2005.86173707,0.003942432077990158
2025-12-17 08:00:00,2948.15,2948.15,2923.05,2925.92,1756.9326233,-0.007568893842328774
2025-12-17 09:00:00,2925.91,2933.29,2918.28,2923.36,1728.0540677,-0.0008753214629675139
2025-12-17 10:00:00,2923.37,2928.27,2908.6,2920.57,2196.4973843,-0.0009548369716863179
2025-12-17 11:00:00,2920.57,2934.07,2917.6,2928.29,1513.0203541,0.002639832200875219
2025-12-17 12:00:00,2928.62,2935.8,2919.26,2925.33,1969.7822038,-0.0010113400775222763
2025-12-17 13:00:00,2925.33,2953.97,2918.48,2944.45,3225.86576532,0.006514747613745095
2025-12-17 14:00:00,2944.46,2996.47,2886.18,2995.83,8898.3274406,0.01729927927533907
2025-12-17 15:00:00,2995.19,3030.71,2894.49,2904.84,15888.54157391,-0.03084301038758083
2025-12-17 16:00:00,2904.71,2925.51,2834.11,2864.34,15188.14728946,-0.014040354198268034
2025-12-17 17:00:00,2864.24,2879.12,2841.98,2847.37,6022.70464268,-0.0059421959216279276
2025-12-17 18:00:00,2848.38,2862.42,2806.09,2813.56,5304.8410806,-0.011945175799842129
2025-12-17 19:00:00,2813.94,2821.69,2790.99,2820.54,5002.5988569,0.0024777705653266
2025-12-17 20:00:00,2820.34,2834.45,2805.41,2823.27,4090.1462058,0.0009674316509317014
2025-12-17 21:00:00,2823.41,2831.11,2811.74,2819.89,1723.4579404,-0.0011979105338813605
2025-12-17 22:00:00,2819.67,2837.57,2813.47,2835.1,1931.8521769,0.005379332829204324
2025-12-17 23:00:00,2835.1,2836.04,2818.36,2833.44,1584.4910202,-0.0005856887478795514
2025-12-18 00:00:00,2833.61,2839.46,2826.38,2836.27,1277.8034451,0.0009982874732662325
2025-12-18 01:00:00,2836.27,2836.27,2821.5,2827.42,1991.450185,-0.0031251735892844643
2025-12-18 02:00:00,2827.44,2847.89,2822.18,2837.17,2826.1994303,0.0034424414223978893
2025-12-18 03:00:00,2837.18,2838.4,2822.82,2832.11,1754.4107492,-0.0017850595996720866
2025-12-18 04:00:00,2832.11,2841.85,2831.59,2838.13,1465.2275274,0.0021233677099591094
2025-12-18 05:00:00,2838.14,2838.16,2822.66,2825.5,1406.8722084,-0.004460044507257763
2025-12-18 06:00:00,2825.5,2833.18,2823.81,2831.26,1156.5277648,0.0020365021640386363
2025-12-18 07:00:00,2831.85,2839.22,2828.9,2836.47,1096.5428295,0.0018384790621589404
2025-12-18 08:00:00,2836.47,2852.25,2831.93,2841.72,1538.2821161,0.0018491813398349673
2025-12-18 09:00:00,2841.72,2857.44,2834.71,2852.73,1379.3444453,0.003866927875210036
2025-12-18 10:00:00,2852.5,2864.61,2849.45,2859.57,1190.0599887,0.0023948333487664275
2025-12-18 11:00:00,2859.58,2859.71,2850.6,2859.38,1103.8082966,-6.644576366986509e-05
2025-12-18 12:00:00,2859.17,2875.15,2854.54,2871.44,1406.3303289,0.004208827987198561
2025-12-18 13:00:00,2871.44,2979.39,2871.27,2963.69,10155.0109896,0.03162146746873223
2025-12-18 14:00:00,2963.71,2992.32,2923.14,2950.38,10673.8105762,-0.004501137954734547
2025-12-18 15:00:00,2950.38,2997.45,2933.28,2965.14,6923.46337058,0.004990273257622257
2025-12-18 16:00:00,2965.13,2967.55,2929.26,2944.08,3845.9481336,-0.0071278744624493915
2025-12-18 17:00:00,2943.82,2944.31,2797.23,2845.56,14425.0058965,-0.03403648964658772
2025-12-18 18:00:00,2845.63,2868.08,2819.07,2828.14,5605.8395676,-0.006140633004389748
2025-12-18 19:00:00,2827.52,2832.83,2775.39,2782.05,8457.0553178,-0.016431185738223057
2025-12-18 20:00:00,2781.85,2814.03,2780.0,2780.64,4890.9409591,-0.0005069489869820513
2025-12-18 21:00:00,2781.21,2831.84,2781.21,2829.44,5107.5519063,0.017397695181400066
2025-12-18 22:00:00,2829.88,2838.68,2815.76,2829.47,2880.7758824,1.0602748585919214e-05
2025-12-18 23:00:00,2829.47,2833.66,2823.66,2828.53,1447.0762491,-0.00033227289100321743
2025-12-19 00:00:00,2828.53,2841.13,2814.54,2831.03,2529.76783974,0.0008834609625500079
2025-12-19 01:00:00,2831.03,2833.3,2808.78,2821.11,2178.3011109,-0.003510178511378014
2025-12-19 02:00:00,2820.86,2840.82,2812.51,2835.8,2748.1656348,0.005193659796879249
2025-12-19 03:00:00,2835.64,2935.06,2834.79,2909.03,12201.941401,0.025495607960842975
2025-12-19 04:00:00,2908.41,2933.65,2907.39,2921.69,3834.4700232,0.004342523700218437
2025-12-19 05:00:00,2921.2,2930.1,2909.63,2922.71,2396.67188427,0.00034905208759012914
2025-12-19 06:00:00,2922.7,2949.99,2915.44,2948.23,2136.0411524,0.008693722209723902
2025-12-19 07:00:00,2948.03,2984.36,2945.63,2951.87,4975.6341854,0.001233877548452009
2025-12-19 08:00:00,2951.86,2964.7,2938.01,2951.01,2937.79780055,-0.000291383191284371
2025-12-19 09:00:00,2951.01,2960.7,2946.26,2955.49,2160.6078136,0.0015169731174526375
2025-12-19 10:00:00,2955.24,2964.64,2949.01,2954.26,2062.0966496,-0.0004162612691772646
2025-12-19 11:00:00,2954.32,2970.97,2950.53,2964.76,2630.9838139,0.0035478883376201713
2025-12-19 12:00:00,2964.93,2967.98,2946.21,2955.75,4033.2475169,-0.0030436590616735484
2025-12-19 13:00:00,2956.14,2968.2,2953.48,2961.54,2896.47455931,0.0019569775515006823
2025-12-19 14:00:00,2961.54,2994.15,2942.15,2977.18,11811.1836079,0.005267140447119213
2025-12-19 15:00:00,2976.89,3018.73,2954.23,2964.52,9281.399285,-0.0042614131169248564
2025-12-19 16:00:00,2964.52,3007.3,2958.87,2966.92,5631.7978449,0.0008092470398340084
2025-12-19 17:00:00,2966.93,2993.51,2936.36,2939.94,6311.30339889,-0.009135204703539127
2025-12-19 18:00:00,2939.94,2977.7,2938.01,2966.06,4174.3201675,0.008845299797059232
2025-12-19 19:00:00,2966.35,2996.85,2966.35,2985.35,3168.7176889,0.006482520126166229
2025-12-19 20:00:00,2985.34,3003.15,2977.33,2995.66,2910.42656469,0.003447581666607351
2025-12-19 21:00:00,2995.65,2995.76,2975.12,2977.78,1524.4081424,-0.005986518119938469
2025-12-19 22:00:00,2977.92,2992.79,2977.68,2988.17,1205.8705455,0.0034831034468260106
2025-12-19 23:00:00,2988.16,2988.57,2978.0,2979.52,879.7314475,-0.002898946177768169
2025-12-20 00:00:00,2979.53,2980.68,2970.92,2974.69,1635.5783371,-0.0016223818304793361
2025-12-20 01:00:00,2974.57,2983.03,2973.44,2976.27,912.6828151,0.0005310067744113604
2025-12-20 02:00:00,2976.47,2990.35,2974.14,2982.65,949.8314029,0.0021413284413432996
2025-12-20 03:00:00,2982.66,2993.96,2982.5,2989.25,784.6898481,0.0022103527142490606
2025-12-20 04:00:00,2989.26,2990.91,2979.23,2984.23,1304.7586326,-0.0016807626983855687
2025-12-20 05:00:00,2984.23,2989.7,2980.23,2981.06,884.1624753,-0.0010628151517852135
2025-12-20 06:00:00,2981.06,2985.44,2980.0,2980.9,526.1979603,-5.3673624123069835e-05
2025-12-20 07:00:00,2980.91,2985.9,2975.0,2981.67,1113.9083976,0.0002582778916744358
2025-12-20 08:00:00,2981.59,2989.99,2981.13,2983.11,1075.6429888,0.00048283424635130255
2025-12-20 09:00:00,2983.12,2986.92,2982.63,2983.34,762.7842934,7.70977717448901e-05
2025-12-20 10:00:00,2983.34,2983.57,2975.0,2979.11,868.1072225,-0.0014188800609347472
2025-12-20 11:00:00,2979.11,2990.52,2976.61,2987.16,932.5182183,0.0026985050575853804
2025-12-20 12:00:00,2987.16,2993.77,2986.58,2989.32,716.0655462,0.0007228335388215396
2025-12-20 13:00:00,2989.32,2991.91,2967.2,2980.04,2013.8742845,-0.0031092135424815705
2025-12-20 14:00:00,2980.05,2981.26,2969.4,2980.03,1118.516432,-3.3556652857180274e-06
2025-12-20 15:00:00,2980.04,2980.22,2968.37,2977.29,921.0248655,-0.0009198767879549223
2025-12-20 16:00:00,2977.29,2980.14,2974.22,2978.68,484.1309905,0.00046675857173069806
2025-12-20 17:00:00,2978.69,2981.29,2974.51,2977.79,839.7205382,-0.00029883471472968455
2025-12-20 18:00:00,2977.8,2980.49,2974.42,2977.8,598.0609488,3.358189532996197e-06
2025-12-20 19:00:00,2977.8,2981.05,2974.51,2978.13,457.6434907,0.00011081392841676783
2025-12-20 20:00:00,2978.13,2985.58,2977.26,2984.65,358.5527485,0.0021869002708498346
2025-12-20 21:00:00,2984.65,2985.94,2978.58,2978.87,513.64259038,-0.0019384530646030366
2025-12-20 22:00:00,2978.88,2980.31,2974.46,2977.28,372.4045984,-0.0005339019459782193
2025-12-20 23:00:00,2977.28,2978.98,2972.8,2977.93,426.1405491,0.0002182962490259622
2025-12-21 00:00:00,2977.93,2981.2,2975.87,2979.92,495.1815144,0.0006680262423541745
2025-12-21 01:00:00,2979.93,2979.93,2962.48,2967.59,917.7194875,-0.004146278918200541
2025-12-21 02:00:00,2967.58,2975.21,2961.57,2965.76,1368.6072105,-0.0006168522194129888
2025-12-21 03:00:00,2965.79,2975.72,2965.19,2973.0,676.5397133,0.0024382206341956518
2025-12-21 04:00:00,2973.01,2978.51,2971.81,2975.27,593.5275981,0.0007632471660494108
2025-12-21 05:00:00,2975.27,2978.51,2973.05,2973.55,487.617399,-0.0005782659579309141
2025-12-21 06:00:00,2973.55,2977.96,2973.03,2976.01,474.0258599,0.0008269519561745644
2025-12-21 07:00:00,2976.01,2982.52,2975.57,2981.02,592.0151238,0.0016820466511749314
2025-12-21 08:00:00,2981.02,2999.47,2977.51,2992.17,2026.3157911,0.003733352848528508
2025-12-21 09:00:00,2992.18,3013.51,2984.88,3003.44,2788.3066644,0.003759421734727906
2025-12-21 10:00:00,3003.44,3008.57,2992.85,2996.43,1797.7887567,-0.0023367183587969294
2025-12-21 11:00:00,2996.84,3001.59,2993.3,2996.46,803.0120111,1.0011864059053783e-05
2025-12-21 12:00:00,2996.47,3005.51,2982.41,2990.8,1691.1757987,-0.0018906817763236783
2025-12-21 13:00:00,2990.72,2992.2,2944.34,2950.43,3899.0043053,-0.013589987702382582
2025-12-21 14:00:00,2950.43,2977.25,2947.02,2970.64,2670.9284264,0.006826495374604916
2025-12-21 15:00:00,2970.65,2979.97,2962.48,2974.76,1597.4667864,0.0013859456586572067
2025-12-21 16:00:00,2974.87,2988.15,2969.2,2986.27,1514.3495023,0.003861753523865239
2025-12-21 17:00:00,2986.27,2988.8,2977.08,2983.91,1270.96897309,-0.0007905959696106906
2025-12-21 18:00:00,2983.9,2988.39,2967.7,2988.39,1434.8603856,0.0015002598128999159
2025-12-21 19:00:00,2988.4,2997.82,2977.94,2991.2,1821.5253668,0.0009398638391092225
2025-12-21 20:00:00,2991.2,2994.3,2985.27,2986.82,784.9954424,-0.0014653683941391062
2025-12-21 21:00:00,2986.82,2991.05,2971.05,2973.76,936.545877,-0.004382130899790203
2025-12-21 22:00:00,2973.77,2996.36,2971.67,2996.36,1180.090795,0.007571073263093541
2025-12-21 23:00:00,2996.38,3012.38,2992.3,3002.1,2198.5686434,0.0019138251324520386
2025-12-22 00:00:00,3002.11,3060.76,3002.11,3022.46,7374.6936329,0.0067590255591062276
2025-12-22 01:00:00,3022.46,3047.79,3018.36,3018.74,3271.7132437,-0.0012315435576300293
2025-12-22 02:00:00,3018.75,3019.33,2973.18,3009.99,4443.6162332,-0.002902769287729969
2025-12-22 03:00:00,3010.0,3032.52,3002.02,3021.51,2576.5794252,0.003819949932299929
2025-12-22 04:00:00,3021.51,3042.74,3020.01,3040.3,2710.5788614,0.006199488331260834
2025-12-22 05:00:00,3040.31,3041.43,3025.61,3028.62,1892.6814149,-0.003849124529790995
2025-12-22 06:00:00,3028.62,3033.78,3022.61,3024.67,1508.5300406,-0.0013050756070314687
2025-12-22 07:00:00,3024.66,3035.56,3023.26,3030.14,1312.0955212,0.0018068284514713181
2025-12-22 08:00:00,3029.78,3055.73,3024.17,3027.73,4009.2695687,-0.0007956592423218725
2025-12-22 09:00:00,3027.74,3042.79,3025.61,3041.38,1614.0213796,0.004498195951598217
2025-12-22 10:00:00,3041.39,3045.44,3032.19,3040.59,1532.9301504,-0.00025978424899925187
2025-12-22 11:00:00,3040.59,3058.0,3036.81,3048.69,2336.658353,0.0026604146229171756
2025-12-22 12:00:00,3048.7,3076.87,3043.51,3058.13,3402.2033592,0.00309162789114051
2025-12-22 13:00:00,3058.41,3064.69,3048.03,3056.87,2522.3184216,-0.000412101395856748
2025-12-22 14:00:00,3056.88,3074.27,3029.44,3061.45,5009.42917455,0.0014971432862231108
2025-12-22 15:00:00,3061.63,3072.91,3022.3,3052.49,5551.7015487,-0.0029310089449595903
2025-12-22 16:00:00,3052.69,3059.35,3038.22,3043.72,3600.2441594,-0.0028771994567246056
2025-12-22 17:00:00,3043.27,3044.39,3023.58,3032.95,2737.5522128,-0.0035447082948544127
2025-12-22 18:00:00,3032.96,3040.85,3008.06,3015.68,2359.9645886,-0.005710399521635489
2025-12-22 19:00:00,3015.67,3015.9,2974.41,2981.17,4478.56106055,-0.011509502807951554
2025-12-22 20:00:00,2980.56,2986.73,2963.4,2976.34,4232.6869217,-0.0016214831559682164
2025-12-22 21:00:00,2976.31,2997.95,2976.05,2988.74,1944.282816,0.00415753614746886
2025-12-22 22:00:00,2988.44,3015.3,2982.04,3012.09,2015.0751506,0.007782296064907044
2025-12-22 23:00:00,3012.01,3012.6,3001.45,3009.29,1380.9963786,-0.000930019431365774
2025-12-23 00:00:00,3009.48,3035.78,3005.38,3027.56,2231.63420379,0.006052844042730311
2025-12-23 01:00:00,3027.97,3032.73,3016.6,3018.34,1561.1887312,-0.003050003191397282
2025-12-23 02:00:00,3018.25,3025.66,2987.89,2990.79,3210.3057739,-0.009169444838255965
2025-12-23 03:00:00,2990.93,2998.63,2971.79,2992.03,1983.1107775,0.00041452024889788877
2025-12-23 04:00:00,2991.65,2999.69,2983.54,2983.88,1217.9928756,-0.002727619744252549
2025-12-23 05:00:00,2983.9,2985.82,2966.11,2975.69,1577.4872177,-0.0027485221772241383
2025-12-23 06:00:00,2975.44,2978.52,2946.04,2959.91,3096.4845426,-0.005317082410144967
2025-12-23 07:00:00,2959.91,2969.6,2955.57,2964.88,1761.6719439,0.0016776969869789734
2025-12-23 08:00:00,2964.89,2972.9,2959.94,2962.17,1290.67230132,-0.0009144516036971658
2025-12-23 09:00:00,2962.17,2966.62,2952.64,2963.95,1361.3738383,0.000600730344147444
2025-12-23 10:00:00,2963.95,2971.66,2963.94,2967.11,880.4301617,0.0010655769117166388
2025-12-23 11:00:00,2967.12,2975.16,2963.27,2973.32,975.9532149,0.0020907585013652686
2025-12-23 12:00:00,2973.61,2974.34,2954.84,2955.58,1564.3494487,-0.0059842645148972876
2025-12-23 13:00:00,2955.57,2963.31,2930.43,2941.46,3815.6941761,-0.004788852368175295
2025-12-23 14:00:00,2941.68,2953.05,2901.2,2917.33,5825.0773592,-0.008237242310863726
2025-12-23 15:00:00,2917.05,2933.54,2906.77,2928.73,3915.0095488,0.0039000675497675528
2025-12-23 16:00:00,2928.73,2966.32,2922.41,2956.87,4149.1072879,0.0095623944627694
2025-12-23 17:00:00,2956.88,2966.43,2909.93,2910.64,2252.8896634,-0.01575828815387958
2025-12-23 18:00:00,2910.47,2952.51,2909.0,2947.07,2804.1700336,0.012438468169039481
2025-12-23 19:00:00,2947.08,2954.48,2930.96,2944.15,1554.5237775,-0.00099130578695778
2025-12-23 20:00:00,2943.88,2988.29,2940.75,2969.73,2315.4196646,0.008650888935593511
2025-12-23 21:00:00,2970.06,2976.0,2960.01,2973.67,1235.9277662,0.0013258406222571653
2025-12-23 22:00:00,2974.55,2980.5,2949.99,2961.19,1879.9353084,-0.004205665641690972
2025-12-23 23:00:00,2961.2,2972.94,2952.15,2964.69,1353.6556792,0.0011812592921166868
2025-12-24 00:00:00,2965.06,2974.28,2956.41,2973.2,1197.9292152,0.0028663400051011615
2025-12-24 01:00:00,2973.23,2977.93,2960.95,2964.1,791.2320162,-0.0030653688126479712
2025-12-24 02:00:00,2963.89,2965.4,2923.9,2935.54,2291.5244446,-0.009682022328330354
2025-12-24 03:00:00,2935.53,2948.44,2921.33,2946.33,1814.6093614,0.0036689053323381007
2025-12-24 04:00:00,2945.93,2958.88,2934.91,2935.44,1208.7480182,-0.0037029711952806976
2025-12-24 05:00:00,2935.69,2941.3,2918.1,2929.31,1605.7225816,-0.002090456449923989
2025-12-24 06:00:00,2929.31,2938.59,2923.47,2933.5,1035.2014035,0.0014293489686212461
2025-12-24 07:00:00,2933.5,2943.71,2931.93,2932.6,932.8816679,-0.00030684782293572007
2025-12-24 08:00:00,2932.61,2939.83,2921.61,2922.69,1431.0221154,-0.0033849764785179068
2025-12-24 09:00:00,2922.81,2931.59,2914.41,2919.51,1244.99322329,-0.001088631102685962
2025-12-24 10:00:00,2919.07,2934.59,2918.4,2927.84,1330.1498511,0.002849155817602172
2025-12-24 11:00:00,2927.84,2937.72,2925.29,2925.29,1099.7291326,-0.0008713287288452904
2025-12-24 12:00:00,2925.29,2938.67,2923.38,2936.37,826.8373769,0.0037805035421597855
2025-12-24 13:00:00,2936.37,2937.32,2925.0,2930.94,1276.0427562,-0.0018509339203979524
2025-12-24 14:00:00,2931.18,2936.55,2888.41,2914.76,4226.4030329,-0.005535707038806726
2025-12-24 15:00:00,2914.76,2930.28,2903.03,2925.53,3311.5770368,0.003688177199548799
2025-12-24 16:00:00,2925.53,2948.87,2921.47,2940.48,3290.4521076,0.00509717247948433
2025-12-24 17:00:00,2940.48,2954.32,2934.87,2937.3,1632.9814607,-0.0010820412843846566
2025-12-24 18:00:00,2937.17,2944.84,2930.07,2941.87,1120.6566201,0.0015546415294810558
2025-12-24 19:00:00,2941.6,2947.19,2936.75,2945.72,737.3162693,0.0013078358203489821
2025-12-24 20:00:00,2945.73,2952.65,2941.71,2942.97,994.8523472,-0.0009339938763672208
2025-12-24 21:00:00,2942.98,2953.94,2942.98,2950.84,803.32592533,0.002670600062598527
2025-12-24 22:00:00,2950.85,2962.93,2949.18,2959.73,1454.7953552,0.0030081723772409966
2025-12-24 23:00:00,2959.74,2960.39,2946.26,2946.95,931.4964919,-0.0043273107541893065
2025-12-25 00:00:00,2946.95,2948.95,2936.15,2939.42,1077.4938747,-0.002558454228129968
2025-12-25 01:00:00,2939.42,2951.02,2939.42,2948.63,656.1863287,0.003128372724859092
2025-12-25 02:00:00,2948.64,2956.99,2942.87,2952.9,978.5070156,0.0014470826192976285
2025-12-25 03:00:00,2952.69,2953.08,2943.65,2947.21,908.2330923,-0.0019287781970124917
2025-12-25 04:00:00,2947.22,2948.2,2942.2,2944.94,956.3222316,-0.0007705167425498297
2025-12-25 05:00:00,2944.74,2944.74,2938.27,2942.16,1006.3842291,-0.0009444379088645868
2025-12-25 06:00:00,2942.17,2943.47,2938.08,2943.22,778.4788605,0.00036021463744457367
2025-12-25 07:00:00,2943.23,2943.51,2939.0,2941.88,601.2267828,-0.00045538734198467877
2025-12-25 08:00:00,2941.88,2946.84,2917.45,2930.51,4930.4669854,-0.0038723634526818414
2025-12-25 09:00:00,2930.51,2931.34,2925.58,2928.3,1606.4864475,-0.0007544194485973576
2025-12-25 10:00:00,2928.3,2928.77,2911.71,2920.5,2496.82534412,-0.0026672153686650895
2025-12-25 11:00:00,2920.51,2928.4,2920.13,2925.06,1351.5795229,0.0015601587957205635
2025-12-25 12:00:00,2924.91,2929.67,2923.84,2927.87,1383.0461776,0.0009602029123529742
2025-12-25 13:00:00,2927.87,2934.6,2920.02,2931.16,2160.8413959,0.0011230529100523772
2025-12-25 14:00:00,2931.15,2938.68,2922.77,2932.91,2546.3333967,0.0005968551030090498
2025-12-25 15:00:00,2932.92,2970.86,2931.64,2960.65,6039.44994625,0.009413734603837742
2025-12-25 16:00:00,2960.93,2967.46,2943.54,2948.32,3205.8286927,-0.00417332221878604
2025-12-25 17:00:00,2947.98,2954.26,2943.93,2952.75,2556.3024188,0.0015014229054057739
2025-12-25 18:00:00,2952.76,2965.08,2950.12,2958.98,2358.0982005,0.0021076748451943185
2025-12-25 19:00:00,2958.99,2959.77,2949.75,2956.38,1046.1959747,-0.0008790674337423965
2025-12-25 20:00:00,2956.39,2956.61,2944.09,2950.18,1471.76331834,-0.0020993614818488556
2025-12-25 21:00:00,2950.19,2953.39,2944.61,2946.95,1005.5097784,-0.001095448234311255
2025-12-25 22:00:00,2946.96,2948.21,2906.25,2922.01,3336.7984713,-0.008499001568975746
2025-12-25 23:00:00,2921.53,2926.77,2890.99,2904.0,6530.41688752,-0.006182638673585975
2025-12-26 00:00:00,2903.78,2911.55,2894.34,2903.86,5155.6297803,-4.821052850001467e-05
2025-12-26 01:00:00,2904.01,2923.45,2902.8,2918.27,3812.2846663,0.004950088515529205
2025-12-26 02:00:00,2918.35,2994.36,2917.94,2973.3,11972.65977508,0.01868147214905658
2025-12-26 03:00:00,2973.31,2976.67,2957.47,2964.81,4517.5963218,-0.0028594976465689454
2025-12-26 04:00:00,2964.81,2975.0,2952.62,2971.97,2957.4396636,0.0024120831398478817
2025-12-26 05:00:00,2971.97,2974.75,2967.52,2973.32,2017.4217159,0.00045414101690671445
2025-12-26 06:00:00,2973.32,2982.34,2972.07,2976.67,2366.484197,0.0011260524316785503
2025-12-26 07:00:00,2976.67,2993.04,2953.34,2957.08,4435.3695159,-0.0066029310890498
2025-12-26 08:00:00,2957.09,2971.93,2954.9,2964.58,3479.8394019,0.002533074850731884
2025-12-26 09:00:00,2964.57,2976.2,2963.21,2972.79,2248.0567483,0.002765535997465411
2025-12-26 10:00:00,2972.79,2974.27,2967.14,2971.77,1985.7853555,-0.00034317090247557995
2025-12-26 11:00:00,2971.78,2971.78,2962.66,2964.71,1482.53405967,-0.0023785149881403117
2025-12-26 12:00:00,2964.71,2973.88,2964.68,2972.98,2057.988771,0.0027855968727307804
2025-12-26 13:00:00,2972.99,2985.78,2971.53,2984.51,3263.9812878,0.0038707624841912212
2025-12-26 14:00:00,2984.52,2985.18,2910.33,2917.89,13946.395777,-0.022574826928687137
2025-12-26 15:00:00,2917.28,2929.61,2894.79,2923.18,18504.1038523,0.0018113124637469118
2025-12-26 16:00:00,2923.45,2929.74,2907.24,2909.98,7337.7658968,-0.004525856493463837
2025-12-26 17:00:00,2910.06,2935.06,2907.84,2922.69,6521.3169949,0.004358216774774381
2025-12-26 18:00:00,2922.69,2928.67,2919.95,2923.44,3368.24982867,0.00025657999535227423
2025-12-26 19:00:00,2923.44,2930.11,2918.53,2926.1,2235.1244752,0.0009094732862239663
2025-12-26 20:00:00,2926.1,2938.82,2922.58,2931.27,2966.155369,0.0017652978529939306
2025-12-26 21:00:00,2931.6,2935.32,2924.53,2924.61,1614.7182668,-0.002274637756086762
2025-12-26 22:00:00,2924.77,2931.55,2921.75,2931.54,1608.2562715,0.002366743759928233
2025-12-26 23:00:00,2931.33,2934.11,2926.15,2927.94,1322.9855331,-0.00122877813490914
2025-12-27 00:00:00,2927.94,2931.33,2923.43,2927.39,1521.1467434,-0.00018786302449825396
2025-12-27 01:00:00,2927.44,2928.93,2921.46,2927.78,908.7344258,0.00013321560281828515
2025-12-27 02:00:00,2927.78,2930.31,2923.99,2927.72,991.3163907,-2.0493553070610724e-05
2025-12-27 03:00:00,2927.73,2933.64,2925.6,2933.15,882.3906486,0.001852967751768753
2025-12-27 04:00:00,2933.16,2933.66,2928.13,2930.66,731.9373913,-0.0008492772274900057
2025-12-27 05:00:00,2930.66,2931.49,2928.38,2931.11,435.9174372,0.00015353724246570686
2025-12-27 06:00:00,2931.11,2931.37,2927.96,2929.99,624.963788,-0.0003821808239521488
2025-12-27 07:00:00,2930.0,2937.99,2929.99,2933.18,678.0890523,0.0010881486686432408
2025-12-27 08:00:00,2933.18,2936.93,2933.17,2934.29,532.0183256,0.000378357286272324
2025-12-27 09:00:00,2934.3,2940.54,2931.96,2935.24,1466.2131944,0.0003237056487641471
2025-12-27 10:00:00,2935.24,2935.24,2918.21,2926.99,2670.1155631,-0.002814630421008241
2025-12-27 11:00:00,2926.99,2933.73,2923.24,2930.86,1529.9628166,0.0013213040835921297
2025-12-27 12:00:00,2930.86,2933.73,2928.82,2931.68,936.9110877,0.0002797422295958465
2025-12-27 13:00:00,2931.69,2932.61,2925.27,2929.81,1252.2115738,-0.000638063039753817
2025-12-27 14:00:00,2929.81,2931.48,2926.01,2929.84,1141.5579114,1.0239519425477202e-05
2025-12-27 15:00:00,2929.85,2930.72,2926.44,2926.57,682.5855364,-0.0011167252087295443
2025-12-27 16:00:00,2926.57,2928.63,2917.31,2920.76,1601.8592791,-0.0019872324332708257
2025-12-27 17:00:00,2920.7,2928.8,2919.87,2928.35,982.1974294,0.0025952680869911517
2025-12-27 18:00:00,2928.35,2928.36,2925.1,2926.23,524.1944926,-0.0007242193607945897
2025-12-27 19:00:00,2926.23,2930.84,2925.93,2930.48,551.3397794,0.0014513270235333388
2025-12-27 20:00:00,2930.48,2934.58,2928.99,2929.0,653.6232349,-0.0005051642915321966
2025-12-27 21:00:00,2929.0,2934.82,2928.4,2934.82,508.3139573,0.001985054763316171
2025-12-27 22:00:00,2934.82,2953.58,2929.99,2933.32,3311.1058531,-0.0005112352577376477
2025-12-27 23:00:00,2933.32,2960.68,2932.81,2949.03,3170.149897,0.005341415370199927
2025-12-28 00:00:00,2949.02,2951.65,2943.34,2945.43,1698.71118284,-0.0012214860895175112
2025-12-28 01:00:00,2945.43,2950.11,2941.04,2944.05,1084.593466,-0.0004686322137965882
2025-12-28 02:00:00,2944.04,2949.93,2943.12,2947.15,740.3519623,0.0010524172617208775
2025-12-28 03:00:00,2947.15,2948.41,2941.36,2943.58,931.3306329,-0.0012120740339701516
2025-12-28 04:00:00,2943.57,2947.09,2938.48,2938.96,1073.4487021,-0.0015707503731020292
2025-12-28 05:00:00,2938.96,2940.95,2929.47,2934.97,2085.6507243,-0.0013585455099660597
2025-12-28 06:00:00,2934.97,2943.98,2934.83,2942.63,1343.9064888,0.0026065075325850955
2025-12-28 07:00:00,2942.63,2942.86,2936.66,2939.03,1126.9811842,-0.0012241443570552657
2025-12-28 08:00:00,2939.15,2947.67,2938.19,2939.65,1178.1949518,0.000210931706539051
2025-12-28 09:00:00,2939.65,2943.94,2931.45,2937.61,1737.5883496,-0.0006942010671385649
2025-12-28 10:00:00,2937.61,2944.52,2936.89,2943.16,1978.2274794,0.0018875084887669282
2025-12-28 11:00:00,2943.16,2946.93,2939.99,2944.05,1558.0975174,0.00030235035161992735
2025-12-28 12:00:00,2944.05,2945.19,2937.52,2938.94,1408.3734184,-0.001737212296850896
2025-12-28 13:00:00,2938.95,2944.99,2938.38,2940.18,1249.8151127,0.00042183184503370746
2025-12-28 14:00:00,2940.19,2955.39,2940.16,2945.65,2631.9684433,0.0018587018567646468
2025-12-28 15:00:00,2945.66,2960.93,2945.65,2949.44,2660.68456645,0.0012858160001540562
2025-12-28 16:00:00,2949.44,2954.77,2940.44,2942.86,2229.7958687,-0.002233424209625178
2025-12-28 17:00:00,2942.86,2951.49,2942.78,2945.77,1298.1801518,0.0009883454171446563
2025-12-28 18:00:00,2945.76,2946.2,2925.06,2931.28,4249.264718,-0.004931055329024097
2025-12-28 19:00:00,2931.29,2940.06,2926.54,2933.67,2553.8452835,0.0008150112557805236
2025-12-28 20:00:00,2933.66,2937.72,2930.28,2932.22,1881.5927219,-0.0004943836415390105
2025-12-28 21:00:00,2932.38,2939.21,2928.84,2937.79,1948.60157398,0.0018977826857987613
2025-12-28 22:00:00,2937.85,2955.33,2935.16,2950.06,2434.609448,0.00416791112624682
2025-12-28 23:00:00,2950.21,2954.18,2940.53,2950.57,2730.4820752,0.00017286289812122013
2025-12-29 00:00:00,2950.93,2977.11,2944.63,2966.29,6363.2133098,0.0053136416908815395
2025-12-29 01:00:00,2966.58,2986.55,2952.79,2981.0,6105.0790387,0.0049468009789866525
2025-12-29 02:00:00,2981.0,3018.2,2981.0,3003.59,11136.2188478,0.007549425203987713
2025-12-29 03:00:00,3004.36,3048.27,3002.6,3043.63,9272.5291727,0.013242642120318513
2025-12-29 04:00:00,3043.63,3057.19,3039.3,3039.63,5510.5275543,-0.0013150845357530032
2025-12-29 05:00:00,3039.62,3044.95,3032.24,3037.49,3703.33799623,-0.0007042810043098321
2025-12-29 06:00:00,3037.49,3044.29,3032.1,3036.1,2978.982733,-0.0004577194128243011
2025-12-29 07:00:00,3036.1,3038.65,3009.73,3019.44,6331.1420506,-0.005502413338505195
2025-12-29 08:00:00,3019.43,3026.03,3011.71,3014.34,3989.8412635,-0.0016904829856363146
2025-12-29 09:00:00,3014.33,3016.05,2956.94,2976.69,13022.4004745,-0.012568955807835956
2025-12-29 10:00:00,2976.71,2984.3,2961.9,2966.36,5625.7254358,-0.00347633299503617
2025-12-29 11:00:00,2966.36,2968.18,2958.39,2959.92,3966.8590365,-0.002173370996634364
2025-12-29 12:00:00,2959.64,2959.65,2910.29,2930.85,16283.21955123,-0.009869757597212502
2025-12-29 13:00:00,2930.94,2937.98,2919.8,2927.37,5187.04388161,-0.0011880743329342317
2025-12-29 14:00:00,2927.36,2965.76,2917.31,2928.54,15222.126344,0.000399596310588314
2025-12-29 15:00:00,2928.53,2950.73,2920.0,2935.76,12780.89651306,0.0024623582177004245
2025-12-29 16:00:00,2935.19,2943.12,2925.22,2936.47,7191.8157521,0.0002418161425759468
2025-12-29 17:00:00,2936.47,2943.57,2926.61,2943.57,6011.6177266,0.0024149507318292525
2025-12-29 18:00:00,2943.58,2946.03,2913.37,2919.43,5383.4991569,-0.00823473867058349
2025-12-29 19:00:00,2919.68,2941.9,2917.85,2932.31,5152.5175289,0.004402116566943546
2025-12-29 20:00:00,2932.31,2942.83,2926.1,2929.65,5767.7813032,-0.0009075463437394083
2025-12-29 21:00:00,2929.67,2939.13,2929.28,2937.6,2704.8736818,0.0027099594751611848
2025-12-29 22:00:00,2937.39,2944.4,2931.14,2938.17,2942.72327515,0.00019401712517268105
2025-12-29 23:00:00,2938.15,2944.27,2932.78,2938.35,2730.4658167,6.126074617499566e-05
2025-12-30 00:00:00,2938.09,2942.04,2931.82,2938.02,3004.5392982,-0.00011231423492627911
2025-12-30 01:00:00,2938.02,2939.2,2924.62,2936.59,3557.7040056,-0.00048684083819832064
2025-12-30 02:00:00,2936.72,2939.71,2923.69,2928.24,4821.9577758,-0.0028474842892061156
2025-12-30 03:00:00,2928.24,2955.7,2919.61,2951.69,8067.4764361,0.007976327720730293
2025-12-30 04:00:00,2951.81,2958.85,2946.28,2946.71,3734.93907811,-0.0016885939181168143
2025-12-30 05:00:00,2946.32,2948.3,2937.51,2941.82,3258.0166502,-0.001660856316963922
2025-12-30 06:00:00,2941.83,2951.6,2940.58,2945.8,3440.0450728,0.0013519896346045597
2025-12-30 07:00:00,2945.81,2955.62,2945.47,2950.94,3297.2907747,0.0017433365899801579
2025-12-30 08:00:00,2950.94,3003.44,2950.22,2977.61,13128.1094837,0.008997201646381169
2025-12-30 09:00:00,2977.61,2987.99,2971.27,2985.44,6062.6994193,0.0026261743571346
2025-12-30 10:00:00,2985.44,2988.17,2973.65,2976.82,4679.798182,-0.0028915230150701877
2025-12-30 11:00:00,2976.83,2984.33,2973.64,2978.31,2930.78599,0.0005004089015999448
2025-12-30 12:00:00,2978.58,2985.71,2976.56,2980.71,1891.5940596,0.0008055016193153906
2025-12-30 13:00:00,2980.71,2991.63,2978.94,2986.64,4854.94085709,0.0019874825347937363
2025-12-30 14:00:00,2986.64,3009.5,2959.01,2996.42,17767.7714036,0.0032692330381526927
2025-12-30 15:00:00,2996.22,3002.5,2969.97,2989.3,12558.3561894,-0.002378996464266085
2025-12-30 16:00:00,2989.44,2994.63,2975.12,2983.03,9533.2299723,-0.002099683809679268
2025-12-30 17:00:00,2982.58,2986.69,2965.5,2976.54,5106.9675084,-0.0021780103482522814
2025-12-30 18:00:00,2976.54,2978.88,2960.27,2971.75,4693.3700742,-0.0016105472447992231
2025-12-30 19:00:00,2971.75,2974.69,2944.51,2971.73,9114.0341843,-6.7300638683655624e-06
2025-12-30 20:00:00,2971.72,2973.82,2956.54,2958.73,4656.6292775,-0.004384152602840369
2025-12-30 21:00:00,2958.7,2969.42,2953.94,2968.81,2510.7958696,0.0034010769110121844
2025-12-30 22:00:00,2968.9,2972.0,2965.32,2969.59,2681.8406338,0.00026269702427790753
2025-12-30 23:00:00,2969.54,2975.73,2967.73,2973.72,2784.7447713,0.0013897981645820505
2025-12-31 00:00:00,2973.73,2973.73,2962.57,2966.57,3793.8915506,-0.0024072910423172194
2025-12-31 01:00:00,2966.56,2984.78,2962.41,2980.29,5388.6500942,0.004614207949272066
2025-12-31 02:00:00,2980.13,2983.52,2974.44,2981.66,2738.6125335,0.00045958118538864316
2025-12-31 03:00:00,2981.66,2983.89,2966.18,2970.49,3594.2665872,-0.003753270032737653
2025-12-31 04:00:00,2970.49,2975.25,2968.87,2969.34,2503.68877978,-0.0003872164739962633
2025-12-31 05:00:00,2969.35,2980.19,2969.35,2975.27,2620.5247279,0.001995085284640494
2025-12-31 06:00:00,2975.28,2978.73,2974.96,2975.55,1686.8235199,9.410467808032867e-05
2025-12-31 07:00:00,2975.55,2977.39,2970.44,2976.85,2421.1537539,0.0004367986091892042
2025-12-31 08:00:00,2976.86,2979.89,2963.91,2969.52,3249.91646076,-0.0024653708775865674
2025-12-31 09:00:00,2969.53,2977.94,2969.52,2976.9,2666.5117553,0.0024821670144754876
2025-12-31 10:00:00,2976.85,2982.7,2975.67,2981.29,1941.3216026,0.001473602149111662
2025-12-31 11:00:00,2981.3,3003.63,2980.34,3002.37,5802.3940321,0.007045884027078456
2025-12-31 12:00:00,3002.36,3002.57,2984.34,2987.37,5234.2720332,-0.00500857511587072
2025-12-31 13:00:00,2987.38,2999.99,2986.47,2997.3,3644.8042444,0.0033184817584576763
2025-12-31 14:00:00,2997.3,3027.89,2981.43,2993.92,14950.46373,-0.001128317891377832
2025-12-31 15:00:00,2993.91,2994.22,2967.81,2985.55,12838.6065307,-0.0027995810554322666
2025-12-31 16:00:00,2985.75,2997.59,2958.95,2976.1,12231.257014,-0.003170265921292064
2025-12-31 17:00:00,2976.09,2980.49,2968.05,2975.82,6145.9758776,-9.408728618881366e-05
2025-12-31 18:00:00,2975.83,2986.09,2971.67,2974.49,4384.5172476,-0.00044703554004727104
2025-12-31 19:00:00,2974.49,2981.78,2970.28,2971.22,2865.7997445,-0.0010999528499360547
2025-12-31 20:00:00,2971.23,2979.79,2963.58,2975.81,5123.3276927,0.0015436279660321728
2025-12-31 21:00:00,2975.64,2984.79,2974.11,2982.32,2707.6132318,0.0021852502683260213
2025-12-31 22:00:00,2982.33,2984.21,2974.41,2977.04,1235.5111953,-0.00177200282634297
2025-12-31 23:00:00,2977.04,2977.04,2970.2,2971.62,2054.5678489,-0.0018222596348818254
2026-01-01 00:00:00,2971.63,2983.01,2971.35,2979.82,2358.8441732,0.002755637354629071
2026-01-01 01:00:00,2979.83,2988.88,2979.24,2984.14,2434.3411785,0.0014487021225980746
2026-01-01 02:00:00,2984.15,2987.79,2980.92,2982.9,1385.6745415,-0.0004156164590313294
2026-01-01 03:00:00,2982.61,2986.1,2979.56,2979.9,1068.7447939,-0.0010062387647176677
2026-01-01 04:00:00,2980.05,2980.97,2973.41,2975.63,2351.3639203,-0.0014339616227877806
2026-01-01 05:00:00,2975.63,2983.76,2975.63,2981.6,1120.8864557,0.002004287898416405
2026-01-01 06:00:00,2981.61,2981.61,2976.18,2976.26,700.0573505,-0.001792590436819198
2026-01-01 07:00:00,2976.26,2981.13,2976.25,2978.39,897.8448262,0.0007154073172548444
2026-01-01 08:00:00,2978.38,2982.85,2977.81,2982.6,953.8327188,0.0014125172831977706
2026-01-01 09:00:00,2982.61,2987.47,2982.14,2983.74,1557.1275175,0.0003821438315190874
2026-01-01 10:00:00,2983.75,2985.64,2982.15,2984.99,554.1835916,0.0004188495771376994
2026-01-01 11:00:00,2984.99,2992.96,2984.99,2989.69,1752.5298994,0.0015733063425957562
2026-01-01 12:00:00,2989.69,2990.48,2983.5,2987.65,1603.6805763,-0.000682577895587351
2026-01-01 13:00:00,2987.66,2989.91,2982.22,2983.1,1009.5823797,-0.0015240969327992954
2026-01-01 14:00:00,2983.11,2986.47,2978.0,2985.13,2364.8808317,0.0006802687156107325
2026-01-01 15:00:00,2985.14,2994.77,2980.77,2989.7,3113.11684475,0.001529750935575388
2026-01-01 16:00:00,2989.7,2990.96,2980.81,2982.38,2723.1084891,-0.002451408442531077
2026-01-01 17:00:00,2982.39,3006.09,2981.16,2990.34,4163.6568472,0.002665453834349065
2026-01-01 18:00:00,2990.48,2992.63,2985.17,2990.21,3029.625117,-4.347426240755048e-05
2026-01-01 19:00:00,2990.22,2998.03,2987.27,2995.23,1481.4409293,0.0016774042266093842
2026-01-01 20:00:00,2995.41,2997.13,2987.54,2989.07,1932.7841846,-0.0020587210452941407
2026-01-01 21:00:00,2989.08,2993.16,2987.6,2989.55,1262.4725055,0.0001605721725184446
2026-01-01 22:00:00,2989.56,3000.25,2987.6,2999.31,2098.33656732,0.0032593878102121416
2026-01-01 23:00:00,2999.32,3009.8,2991.92,3003.88,4668.8031173,0.001522524152259819
2026-01-02 00:00:00,3004.12,3008.66,2995.73,3006.13,3691.4453173,0.0007487508690060296
2026-01-02 01:00:00,3006.13,3008.07,2998.25,3003.25,2375.3394192,-0.0009585016159717305
2026-01-02 02:00:00,3003.18,3003.55,2992.64,3001.79,2922.793979,-0.00048625821935170113
2026-01-02 03:00:00,3002.08,3035.11,3000.05,3022.46,9607.2295913,0.006862291941493453
2026-01-02 04:00:00,3022.78,3024.46,3010.69,3011.98,4136.692971,-0.0034733995321294176
2026-01-02 05:00:00,3011.98,3018.58,3009.15,3016.63,2707.1768983,0.0015426444643636566
2026-01-02 06:00:00,3016.64,3039.35,3014.62,3026.86,4866.57658321,0.0033854642833245786
2026-01-02 07:00:00,3026.86,3032.43,3017.01,3018.08,3583.3345386,-0.0029049109417708043
2026-01-02 08:00:00,3018.08,3033.91,3015.91,3032.1,4366.645719,0.004634581151312028
2026-01-02 09:00:00,3032.1,3054.53,3029.82,3047.83,8896.1701229,0.00517441322415211
2026-01-02 10:00:00,3047.84,3069.15,3045.91,3057.14,11879.83517364,0.0030499764018747785
2026-01-02 11:00:00,3057.15,3057.7,3041.01,3047.91,5818.022645,-0.0030237285632187826
2026-01-02 12:00:00,3047.82,3057.95,3043.21,3048.83,4381.46158232,0.0003018006367280967
2026-01-02 13:00:00,3048.84,3058.31,3046.62,3050.28,4234.6464201,0.00047547921821979304
2026-01-02 14:00:00,3050.28,3109.33,3020.4,3082.48,28112.4732292,0.010501078110902945
2026-01-02 15:00:00,3082.77,3097.71,3054.94,3086.61,19853.5035902,0.0013389334948922024
2026-01-02 16:00:00,3086.6,3146.68,3079.28,3132.21,26295.2992967,0.01466542439910685
2026-01-02 17:00:00,3132.2,3150.04,3110.77,3122.88,16840.26125299,-0.002983172718288539
2026-01-02 18:00:00,3122.98,3132.13,3097.15,3110.43,11630.83318016,-0.003994672671761379
2026-01-02 19:00:00,3110.54,3127.76,3107.94,3123.7,10049.5203368,0.004257216337162343
2026-01-02 20:00:00,3123.71,3129.79,3111.19,3118.01,7676.0416966,-0.0018232188218259815
2026-01-02 21:00:00,3117.75,3133.8,3116.61,3130.97,4220.4607433,0.004147882880508841
2026-01-02 22:00:00,3130.98,3146.08,3128.27,3133.73,5128.3711266,0.000881127644921245
2026-01-02 23:00:00,3133.72,3135.71,3120.15,3125.22,3559.31151797,-0.002719307629563284
2026-01-03 00:00:00,3125.23,3136.4,3122.54,3131.07,2714.2559746,0.0018701184583691708
2026-01-03 01:00:00,3131.08,3131.73,3123.55,3130.93,1586.501435,-4.471414884174111e-05
2026-01-03 02:00:00,3130.94,3130.95,3120.43,3126.28,2380.1723237,-0.0014862856947439893
2026-01-03 03:00:00,3126.29,3127.32,3119.33,3125.6,1916.683222,-0.00021753456646064103
2026-01-03 04:00:00,3125.61,3127.84,3115.06,3116.6,2354.4438567,-0.0028836007293467306
2026-01-03 05:00:00,3116.61,3119.06,3104.91,3112.14,2408.7186293,-0.0014320715785936368
2026-01-03 06:00:00,3112.15,3117.59,3098.42,3098.42,3078.9452919,-0.004418288308723488
2026-01-03 07:00:00,3098.4,3105.41,3076.17,3090.49,9483.67713239,-0.0025626497524788815
2026-01-03 08:00:00,3090.48,3105.65,3083.99,3095.92,4729.2166966,0.0017554612107648897
2026-01-03 09:00:00,3095.87,3110.34,3092.32,3100.78,4124.0034592,0.0015685771447627504
2026-01-03 10:00:00,3100.78,3105.8,3097.08,3097.08,2318.8313913,-0.001193960637879058
2026-01-03 11:00:00,3097.09,3100.19,3092.0,3098.82,1965.0672154,0.0005616617588220466
2026-01-03 12:00:00,3098.82,3105.51,3093.75,3104.94,2648.4010762,0.0019729976611882376
2026-01-03 13:00:00,3104.95,3107.76,3100.85,3103.09,1871.7004294449728,-0.0005960022921161557
2026-01-03 14:00:00,3103.1,3114.5,3101.43,3105.98,3288.3733698,0.0009308963206078678
2026-01-03 15:00:00,3105.98,3107.48,3096.56,3101.49,2834.4061556,-0.001446644376226967
2026-01-03 16:00:00,3101.34,3112.14,3098.28,3107.19,2858.4509219,0.001836139598568256
2026-01-03 17:00:00,3107.19,3110.29,3105.76,3108.31,962.7731694,0.0003603893531081798
2026-01-03 18:00:00,3108.31,3118.52,3105.11,3116.41,1864.91591321,0.0026025281689385374
2026-01-03 19:00:00,3116.42,3116.42,3110.44,3113.11,1365.0459952,-0.0010594717758934111
2026-01-03 20:00:00,3113.1,3116.92,3107.51,3115.44,1578.2504493,0.0007481677464854136
2026-01-03 21:00:00,3115.44,3129.27,3113.08,3120.41,2667.8719742,0.001594009173518161
2026-01-03 22:00:00,3120.63,3126.04,3113.86,3122.83,2049.1593532,0.0007752385367856808
2026-01-03 23:00:00,3122.83,3130.96,3121.05,3127.03,2819.8765939,0.0013440303085978003
2026-01-04 00:00:00,3127.03,3166.97,3126.29,3157.7,12141.9535283,0.009760242197913318
2026-01-04 01:00:00,3157.7,3162.25,3141.82,3150.1,5622.637527,-0.002409716122133315
2026-01-04 02:00:00,3150.11,3151.0,3137.7,3141.1,3338.8034661,-0.0028611413210822218
2026-01-04 03:00:00,3141.11,3150.9,3140.06,3147.51,3316.1797254,0.002038607011709499
2026-01-04 04:00:00,3147.51,3155.89,3144.85,3148.25,3023.15871531,0.0002350788477983803
2026-01-04 05:00:00,3148.25,3152.03,3145.14,3151.16,1921.4097809,0.0009238961131261606
2026-01-04 06:00:00,3151.16,3162.98,3138.75,3139.71,5933.7472572,-0.003640200049822426
2026-01-04 07:00:00,3139.77,3146.08,3134.31,3141.07,3215.9852908,0.0004330672372716959
2026-01-04 08:00:00,3141.08,3141.99,3125.93,3138.7,4374.7663434,-0.0007548047500217223
2026-01-04 09:00:00,3138.7,3148.02,3134.37,3143.78,3496.6230948,0.0016171961095471266
2026-01-04 10:00:00,3143.79,3148.29,3142.81,3146.13,2405.5740964,0.0007472285324730823
2026-01-04 11:00:00,3146.14,3146.14,3134.95,3139.65,2557.50413393,-0.002061797357064491
2026-01-04 12:00:00,3139.66,3147.23,3133.56,3136.96,3261.1199103,-0.0008571506481036515
2026-01-04 13:00:00,3136.96,3141.61,3131.75,3140.7,2402.7401258,0.001191526920057623
2026-01-04 14:00:00,3140.7,3143.14,3131.7,3137.3,3663.7546733,-0.0010831476050999302
2026-01-04 15:00:00,3137.31,3139.65,3117.88,3135.4,4099.5360394,-0.0006057997538882467
2026-01-04 16:00:00,3135.4,3139.89,3131.11,3139.03,3676.698128,0.001157077345669926
2026-01-04 17:00:00,3139.03,3143.6,3135.83,3137.43,2613.315678,-0.0005098415459219738
2026-01-04 18:00:00,3137.44,3137.91,3122.92,3134.89,3343.86887236,-0.0008099077020442039
2026-01-04 19:00:00,3134.89,3134.99,3119.0,3132.71,4973.9931795,-0.0006956411027862287
2026-01-04 20:00:00,3132.71,3143.12,3130.8,3141.99,2531.1862432,0.002957912494966385
2026-01-04 21:00:00,3142.0,3155.6,3137.41,3145.5,3322.8067068,0.0011165028857698241
2026-01-04 22:00:00,3145.49,3150.41,3136.41,3139.69,2661.8379465,-0.0018487910961785881
2026-01-04 23:00:00,3139.53,3153.75,3134.69,3145.06,6816.9126924,0.001708898940085219
2026-01-05 00:00:00,3144.85,3175.47,3143.78,3167.7,15508.5385824,0.0071728046265874005
2026-01-05 01:00:00,3168.26,3220.7,3163.55,3197.53,18229.4231657,0.009372864258350985
2026-01-05 02:00:00,3197.73,3204.47,3182.76,3192.81,7262.8027099,-0.0014772299622041018
2026-01-05 03:00:00,3193.0,3197.54,3184.66,3185.9,3799.2176518,-0.0021665831188465356
2026-01-05 04:00:00,3185.9,3188.28,3157.67,3167.07,7443.37200086,-0.005927953426972204
2026-01-05 05:00:00,3167.07,3169.56,3147.99,3149.8,5318.45618699,-0.0054679114904262185
2026-01-05 06:00:00,3149.79,3158.89,3135.4,3157.51,6050.7980122,0.0024447835417001343
2026-01-05 07:00:00,3157.51,3163.26,3155.38,3157.7,2562.8698428,6.017218748279147e-05
2026-01-05 08:00:00,3157.71,3171.99,3155.71,3163.51,4158.6841845,0.0018382561680719775
2026-01-05 09:00:00,3163.51,3175.46,3153.52,3168.2,6126.2416304,0.001481432617014737
2026-01-05 10:00:00,3168.21,3179.06,3162.49,3173.1,5255.3022145,0.0015454247473665323
2026-01-05 11:00:00,3173.16,3183.62,3168.12,3180.24,4245.7759691,0.002247637622373589
2026-01-05 12:00:00,3180.24,3183.8,3166.1,3170.62,4336.8942536,-0.003029513280927609
2026-01-05 13:00:00,3170.62,3175.55,3143.46,3154.4,8167.1456571,-0.005128848780145336
2026-01-05 14:00:00,3154.41,3178.21,3135.27,3166.76,18951.4288959,0.003910679606975108
2026-01-05 15:00:00,3166.84,3205.35,3152.6,3195.81,14839.2704913,0.009131593636952666
2026-01-05 16:00:00,3195.73,3202.46,3172.76,3183.88,6278.6997547,-0.003739997995509907
2026-01-05 17:00:00,3184.37,3229.31,3159.42,3213.22,10129.1488539,0.009172970793111699
2026-01-05 18:00:00,3213.23,3228.96,3186.1,3228.01,8483.5905513,0.004592298673526273
2026-01-05 19:00:00,3228.32,3228.58,3214.82,3223.31,6086.1128024,-0.0014570664085877924
2026-01-05 20:00:00,3223.31,3265.6,3219.95,3241.42,12130.49841409,0.0056027235084800085
2026-01-05 21:00:00,3242.43,3248.11,3231.64,3238.33,4801.8122449,-0.0009537405715429376
2026-01-05 22:00:00,3238.33,3249.55,3230.65,3240.02,3326.2392207,0.0005217378000064818
2026-01-05 23:00:00,3240.03,3241.42,3225.28,3225.28,3613.0723804,-0.004559734440316157
2026-01-06 00:00:00,3225.29,3231.11,3203.35,3216.38,4945.9804706,-0.0027632646439248922
2026-01-06 01:00:00,3216.37,3247.51,3215.81,3218.12,5304.2620357,0.0005408345768630487
2026-01-06 02:00:00,3218.13,3224.22,3208.92,3217.22,4200.1111407,-0.0002797055030092804
2026-01-06 03:00:00,3217.22,3233.6,3214.33,3224.94,3690.9700223,0.0023967128091994107
2026-01-06 04:00:00,3224.95,3233.61,3222.92,3222.92,2385.4515847,-0.0006265644930519077
2026-01-06 05:00:00,3222.92,3229.25,3216.96,3218.52,2932.8540166,-0.0013661543643466527
2026-01-06 06:00:00,3218.52,3253.31,3218.02,3241.14,4892.2224086,0.007003493204637113
2026-01-06 07:00:00,3241.14,3242.96,3211.01,3219.35,4353.76763636,-0.006745643945612413
2026-01-06 08:00:00,3219.36,3228.54,3214.68,3220.03,3237.9018036,0.00021120045797203623
2026-01-06 09:00:00,3220.02,3229.19,3217.57,3223.19,2736.5634514,0.0009808761002596735
2026-01-06 10:00:00,3223.19,3231.75,3221.46,3228.95,2408.0470603,0.0017854546027107512
2026-01-06 11:00:00,3228.96,3242.81,3227.25,3237.94,3833.2581896,0.002780318140925436
2026-01-06 12:00:00,3237.95,3245.42,3236.03,3238.88,2379.0863474,0.00029026590413191934
2026-01-06 13:00:00,3238.65,3239.45,3229.56,3238.25,3140.1856606,-0.00019453060290184024
2026-01-06 14:00:00,3238.25,3308.43,3238.25,3277.92,21684.2896307,0.012176014470523548
2026-01-06 15:00:00,3278.13,3302.0,3260.79,3272.32,11609.8219909,-0.001709861429309112
2026-01-06 16:00:00,3272.31,3279.14,3234.0,3252.02,11966.5528856,-0.0062228717412895285
2026-01-06 17:00:00,3252.02,3260.0,3190.07,3196.38,13345.6770357,-0.017257422268726962
2026-01-06 18:00:00,3195.9,3232.75,3183.02,3218.9,11654.0856276,0.007020766826393822
2026-01-06 19:00:00,3219.34,3229.89,3213.45,3223.61,4331.3398926,0.0014621632994390378
2026-01-06 20:00:00,3223.62,3250.83,3223.3,3241.99,4776.0787115,0.005685489207737058
2026-01-06 21:00:00,3241.71,3300.69,3238.57,3276.11,11277.574375,0.010469404167691744
2026-01-06 22:00:00,3276.11,3290.48,3265.42,3277.34,4209.9887025,0.00037537480699260787
2026-01-06 23:00:00,3277.64,3301.42,3276.28,3296.84,4521.4051891,0.005932316178618919
2026-01-07 00:00:00,3296.84,3296.84,3255.42,3258.39,5156.3303031,-0.011731225589858722
2026-01-07 01:00:00,3257.93,3272.28,3239.28,3245.35,6498.5314146,-0.004010005773218002
2026-01-07 02:00:00,3245.35,3274.06,3239.92,3270.12,5645.2183535,0.007603478900318222
2026-01-07 03:00:00,3270.12,3282.18,3265.08,3266.97,2828.0341618,-0.0009637316432248769
2026-01-07 04:00:00,3266.97,3272.02,3253.41,3256.61,3922.3242206,-0.0031761728098279114
2026-01-07 05:00:00,3256.33,3262.58,3246.95,3248.64,3150.3697477,-0.0024503298067664516
2026-01-07 06:00:00,3248.64,3259.97,3248.08,3251.5,2663.9589175,0.0008799811033478924
2026-01-07 07:00:00,3251.49,3262.82,3251.05,3255.09,1988.1885013,0.0011034967208006631
2026-01-07 08:00:00,3255.34,3263.4,3252.8,3254.69,2258.9863912,-0.00012289201801091135
2026-01-07 09:00:00,3254.69,3254.99,3198.86,3200.2,11450.541141,-0.016883725177221965
2026-01-07 10:00:00,3200.19,3222.09,3196.31,3218.43,4672.8243151,0.005680355159299118
2026-01-07 11:00:00,3218.43,3227.71,3216.9,3220.79,3276.9567557,0.0007330080679551711
2026-01-07 12:00:00,3220.52,3222.66,3211.28,3213.43,2769.2452346,-0.002287768590479096
2026-01-07 13:00:00,3213.35,3229.08,3202.21,3212.15,4407.6964025,-0.0003984076198353838
2026-01-07 14:00:00,3212.16,3212.16,3168.55,3191.56,13697.4596853,-0.006430669394985113
2026-01-07 15:00:00,3191.65,3193.25,3144.44,3164.7,19134.2012259,-0.00845156110085618
2026-01-07 16:00:00,3164.71,3179.58,3149.96,3157.37,7610.7014478,-0.002318861791952299
2026-01-07 17:00:00,3157.51,3171.25,3146.24,3152.03,5562.1651882,-0.0016927128649467974
2026-01-07 18:00:00,3152.03,3165.27,3133.7,3146.59,9234.2256852,-0.0017273629311335852
2026-01-07 19:00:00,3146.23,3155.61,3125.32,3145.99,9028.0828866,-0.00019070079421117615
2026-01-07 20:00:00,3145.99,3151.37,3127.88,3139.22,5874.8837343,-0.0021542645729310194
2026-01-07 21:00:00,3139.16,3152.73,3138.52,3150.18,3012.4485273,0.0034852326435328954
2026-01-07 22:00:00,3150.07,3166.15,3143.83,3153.11,3008.5809241,0.0009296733010957076
2026-01-07 23:00:00,3153.12,3181.64,3143.67,3168.65,6764.0286544,0.004916362310792536
2026-01-08 00:00:00,3168.78,3175.42,3155.2,3170.57,3284.9286165,0.0006057527767484357
2026-01-08 01:00:00,3170.57,3181.37,3168.26,3175.74,2751.3114242,0.001629293603271417
2026-01-08 02:00:00,3175.74,3184.64,3148.48,3159.2,5079.9254345,-0.005221845063699287
2026-01-08 03:00:00,3159.4,3167.0,3133.28,3142.68,5117.0005313,-0.005242891912153185
2026-01-08 04:00:00,3142.69,3158.83,3139.05,3154.09,4058.6408656,0.0036240842489815286
2026-01-08 05:00:00,3154.1,3161.42,3142.01,3143.67,3144.2941237,-0.0033091161011104915
2026-01-08 06:00:00,3143.67,3146.2,3104.3,3105.19,9768.7784959,-0.01231600208630061
2026-01-08 07:00:00,3105.19,3132.8,3090.0,3128.17,8699.0178592,0.007373263892642125
2026-01-08 08:00:00,3128.18,3137.01,3113.6,3116.9,3672.6371687,-0.0036092508920579996
2026-01-08 09:00:00,3117.0,3124.14,3105.32,3111.88,5110.2017043,-0.0016118729789416765
2026-01-08 10:00:00,3111.89,3132.69,3096.9,3128.18,5066.4998537,0.005224320623099434
2026-01-08 11:00:00,3128.18,3131.43,3112.45,3121.16,5763.0992344,-0.0022466381898628494
2026-01-08 12:00:00,3121.16,3121.52,3085.74,3095.77,9186.2521017,-0.008168064032397566
2026-01-08 13:00:00,3095.77,3102.92,3091.01,3097.09,4525.5075933,0.000426297387633661
2026-01-08 14:00:00,3097.08,3097.08,3054.93,3077.25,19984.243662,-0.006426619941566834
2026-01-08 15:00:00,3077.38,3112.63,3067.22,3104.76,16481.70760157,0.008900076703795631
2026-01-08 16:00:00,3104.51,3123.57,3090.15,3122.45,9157.9084722,0.005681532367077401
2026-01-08 17:00:00,3122.29,3139.26,3110.39,3134.66,8152.88343837,0.003902765173738295
2026-01-08 18:00:00,3134.98,3135.54,3115.23,3120.12,5580.0482217,-0.004649252632652757
2026-01-08 19:00:00,3120.12,3128.89,3104.13,3111.57,4416.1355631,-0.0027440406582973672
2026-01-08 20:00:00,3111.56,3111.56,3089.08,3107.92,6432.649496,-0.001173729813548287
2026-01-08 21:00:00,3107.49,3123.22,3107.26,3119.11,3134.8893659,0.0035940125694050523
2026-01-08 22:00:00,3118.81,3130.04,3107.69,3119.18,2687.4606216,2.2442047420787596e-05
2026-01-08 23:00:00,3119.19,3121.96,3105.99,3106.4,2717.1383646,-0.004105647329886292
2026-01-09 00:00:00,3106.69,3117.92,3104.37,3115.63,2294.6468941,0.0029668795459011914
2026-01-09 01:00:00,3115.87,3148.09,3081.43,3105.6,8596.4890385,-0.0032244455486130216
2026-01-09 02:00:00,3105.65,3126.04,3103.34,3109.32,4238.1593168,0.0011971193335583812
2026-01-09 03:00:00,3109.33,3121.32,3103.07,3119.79,3015.9364921,0.003361639097651657
2026-01-09 04:00:00,3119.79,3123.97,3112.7,3117.01,2367.0702779,-0.000891482870739776
2026-01-09 05:00:00,3116.68,3121.04,3113.74,3118.45,2339.3833576,0.00046187451305876813
2026-01-09 06:00:00,3118.46,3125.65,3117.72,3123.72,1797.6273913,0.0016885157732331603
2026-01-09 07:00:00,3123.37,3123.82,3110.47,3111.16,3458.772611,-0.0040289522781405225
2026-01-09 08:00:00,3111.16,3115.25,3067.45,3082.84,9814.7168663,-0.009144396946372008
2026-01-09 09:00:00,3082.83,3100.95,3082.03,3092.18,5917.3384131,0.0030250937236402336
2026-01-09 10:00:00,3092.38,3099.15,3088.28,3096.97,3430.7266265,0.0015478703719782434
2026-01-09 11:00:00,3096.97,3104.62,3088.48,3090.41,2561.1987243,-0.0021204459587005693
2026-01-09 12:00:00,3090.42,3096.26,3082.15,3084.47,2816.6529599,-0.001923924621121492
2026-01-09 13:00:00,3084.59,3111.09,3083.53,3098.72,7351.71797914,0.004609279426629645
2026-01-09 14:00:00,3098.5,3098.73,3061.68,3078.98,9875.1408619,-0.006390749691477525
2026-01-09 15:00:00,3078.98,3143.07,3058.65,3112.02,19230.5771487,0.010673659724905186
2026-01-09 16:00:00,3112.11,3145.63,3110.95,3133.54,9503.4676771,0.006891322848847989
2026-01-09 17:00:00,3133.59,3135.06,3104.64,3114.38,6031.4274021,-0.006133260368757884
2026-01-09 18:00:00,3114.26,3118.74,3073.72,3094.95,8078.3666856,-0.006258344593590861
2026-01-09 19:00:00,3094.92,3094.92,3069.0,3080.16,6328.9716573,-0.004790207229033756
2026-01-09 20:00:00,3080.16,3091.44,3071.08,3073.6,5069.5532172,-0.002132030656022634
2026-01-09 21:00:00,3073.59,3093.5,3065.54,3086.19,3315.4694231,0.004087807386858176
2026-01-09 22:00:00,3086.07,3089.0,3074.37,3086.19,2431.53625,0.0
2026-01-09 23:00:00,3086.19,3093.38,3083.79,3088.25,1326.4614532,0.0006672670157727214
2026-01-10 00:00:00,3088.26,3089.87,3081.66,3083.15,1325.146586,-0.0016527858058051185
2026-01-10 01:00:00,3083.15,3091.36,3083.15,3089.89,1193.1155857,0.002183689941522584
2026-01-10 02:00:00,3089.9,3094.63,3083.31,3088.04,839.7776755,-0.000598906123992224
2026-01-10 03:00:00,3088.04,3088.93,3080.03,3086.56,941.9312907,-0.00047938328906914346
2026-01-10 04:00:00,3086.56,3087.48,3078.52,3079.84,1243.3144225,-0.002179554573253843
2026-01-10 05:00:00,3079.85,3087.64,3079.85,3086.57,763.4686294,0.0021827944207867002
2026-01-10 06:00:00,3086.58,3088.47,3083.41,3087.04,627.6540108,0.0001522609950767286
2026-01-10 07:00:00,3087.04,3093.39,3087.03,3092.64,1126.6174165,0.0018123920762530938
2026-01-10 08:00:00,3092.64,3092.96,3087.4,3089.98,743.5453255,-0.0008604766795068712
2026-01-10 09:00:00,3089.99,3098.99,3089.6,3095.98,932.1063789,0.0019398773614965762
2026-01-10 10:00:00,3095.98,3103.32,3094.26,3103.03,1629.9412267,0.002274557724377841
2026-01-10 11:00:00,3102.9,3103.36,3094.76,3096.78,861.087658,-0.0020161915017402037
2026-01-10 12:00:00,3096.78,3103.36,3093.73,3099.22,1223.7995702,0.0007876049471050857
2026-01-10 13:00:00,3099.23,3099.23,3093.35,3094.88,511.0302376,-0.0014013337563867914
2026-01-10 14:00:00,3094.88,3096.37,3088.9,3091.65,1243.1830789,-0.0010442041963715856
2026-01-10 15:00:00,3091.66,3096.37,3091.66,3095.57,619.4847945,0.0012671282173578255
2026-01-10 16:00:00,3095.57,3097.57,3092.06,3095.38,624.76734743,-6.137991747941436e-05
2026-01-10 17:00:00,3095.39,3098.89,3091.94,3092.95,532.1562634,-0.0007853492379678402
2026-01-10 18:00:00,3092.95,3094.13,3090.62,3092.93,562.5502454,-6.466339469886608e-06
2026-01-10 19:00:00,3092.94,3093.93,3090.27,3092.16,348.1007307,-0.0002489858689131751
2026-01-10 20:00:00,3092.16,3093.47,3089.02,3089.77,670.11427602,-0.0007732213464326006
2026-01-10 21:00:00,3089.78,3090.09,3085.01,3086.24,960.3394661,-0.0011431329885811191
2026-01-10 22:00:00,3086.25,3089.53,3078.71,3080.69,1622.1956381,-0.001799923624355234
2026-01-10 23:00:00,3080.38,3089.47,3080.11,3086.61,1521.3241484,0.0019198034207032792
2026-01-11 00:00:00,3086.61,3092.74,3084.71,3091.92,1251.6028162,0.0017188558791009097
2026-01-11 01:00:00,3091.92,3095.34,3089.67,3095.34,572.63388824,0.0011054975379427116
2026-01-11 02:00:00,3095.35,3097.35,3091.99,3092.64,868.5881109,-0.000872659630879784
2026-01-11 03:00:00,3092.65,3097.38,3091.98,3097.06,801.3618733,0.0014281793144378537
2026-01-11 04:00:00,3097.06,3099.0,3094.98,3098.26,852.1616164,0.00038738919539512166
2026-01-11 05:00:00,3098.26,3102.0,3096.19,3099.29,713.0757949,0.0003323894150052803
2026-01-11 06:00:00,3099.29,3100.78,3089.71,3097.2,1184.9691978,-0.0006745754707116354
2026-01-11 07:00:00,3097.2,3098.26,3092.67,3095.38,485.3388337,-0.0005878002552738492
2026-01-11 08:00:00,3095.38,3108.13,3092.81,3103.16,1077.4493327,0.0025102698653045245
2026-01-11 09:00:00,3103.41,3109.39,3100.78,3104.4,965.4862499,0.0003995128573847499
2026-01-11 10:00:00,3104.41,3108.36,3102.29,3107.73,800.2984518,0.001072096147040061
2026-01-11 11:00:00,3107.73,3107.73,3103.19,3104.96,607.8254488,-0.0008917232900891415
2026-01-11 12:00:00,3105.25,3117.13,3104.91,3114.1,1877.7249779,0.0029393530792897636
2026-01-11 13:00:00,3114.1,3116.34,3107.06,3109.6,1538.3300694,-0.0014460853782110278
2026-01-11 14:00:00,3109.6,3129.16,3109.59,3125.08,2077.8759265,0.004965782304813979
2026-01-11 15:00:00,3125.47,3131.02,3110.2,3118.0,3515.7425364,-0.002268112225105589
2026-01-11 16:00:00,3118.01,3147.32,3115.46,3129.59,6864.3609451,0.003710234921147966
2026-01-11 17:00:00,3129.6,3133.79,3118.2,3126.92,1785.95598423,-0.0008535110347740174
2026-01-11 18:00:00,3126.92,3134.05,3120.61,3129.46,1638.6942132,0.0008119711844712827
2026-01-11 19:00:00,3129.47,3132.9,3118.86,3124.35,1480.2526661,-0.0016342041530652337
2026-01-11 20:00:00,3124.36,3124.36,3101.92,3115.13,3717.9591746,-0.0029553766374169157
2026-01-11 21:00:00,3115.13,3125.93,3107.69,3121.09,2817.0761514,0.0019114148681653041
2026-01-11 22:00:00,3121.08,3121.08,3106.27,3109.59,2753.1357768,-0.0036914150811050215
2026-01-11 23:00:00,3109.54,3125.63,3092.53,3123.09,5527.8508863,0.004332011626494129
2026-01-12 00:00:00,3123.49,3127.77,3097.36,3120.19,6100.8752296,-0.0009289989263873545
2026-01-12 01:00:00,3120.29,3137.49,3113.91,3124.92,6522.1678824,0.001514785457564311
2026-01-12 02:00:00,3124.92,3167.8,3122.57,3157.37,8715.1290437,0.010330719721104099
2026-01-12 03:00:00,3157.69,3171.54,3151.52,3152.4,4893.081142,-0.0015753350844259144
2026-01-12 04:00:00,3152.4,3163.62,3148.91,3159.21,2094.8181641,0.0021579288462540208
2026-01-12 05:00:00,3159.21,3166.92,3155.51,3158.9,1816.0215231,-9.813061192309485e-05
2026-01-12 06:00:00,3158.91,3166.03,3152.63,3154.8,1787.6006455,-0.0012987631899895457
2026-01-12 07:00:00,3154.81,3161.43,3133.51,3135.3,3604.70396774,-0.006200239255268185
2026-01-12 08:00:00,3135.3,3147.65,3101.53,3115.56,8056.8651396,-0.0063159519237546684
2026-01-12 09:00:00,3115.37,3124.83,3110.75,3116.37,3962.2433852,0.00025995157344886225
2026-01-12 10:00:00,3116.37,3119.99,3104.17,3106.86,3286.2507434,-0.003056293083393573
2026-01-12 11:00:00,3106.86,3121.52,3106.42,3115.41,3024.1862044,0.0027481949131775945
2026-01-12 12:00:00,3115.41,3122.73,3112.6,3117.12,2050.2610323,0.0005487338345448988
2026-01-12 13:00:00,3117.12,3120.22,3105.71,3109.26,2920.089253,-0.00252474284421544
2026-01-12 14:00:00,3109.26,3118.25,3066.0,3105.33,14420.2976533,-0.0012647658248991053
2026-01-12 15:00:00,3105.16,3133.31,3092.93,3130.41,10975.5172638,0.008043996457562767
2026-01-12 16:00:00,3130.27,3146.54,3120.59,3130.23,9446.4216826,-5.7502108426460646e-05
2026-01-12 17:00:00,3130.73,3137.05,3084.01,3104.92,8941.792155,-0.008118534122284082
2026-01-12 18:00:00,3104.92,3119.57,3095.61,3108.32,5969.4233012,0.0010944371501422083
2026-01-12 19:00:00,3108.22,3122.08,3096.71,3121.9,3109.07174176,0.004359403522391886
2026-01-12 20:00:00,3121.77,3127.85,3099.96,3103.28,3949.5958573,-0.0059821741792343295
2026-01-12 21:00:00,3102.71,3106.83,3084.46,3091.93,3610.6271344,-0.003664125251147208
2026-01-12 22:00:00,3091.94,3107.48,3091.94,3095.72,2858.7872487,0.001225020960772998
2026-01-12 23:00:00,3095.72,3098.85,3088.6,3095.57,2053.0819584,-4.8455168479941305e-05
2026-01-13 00:00:00,3095.58,3109.98,3093.46,3108.74,2727.1994397,0.004245442210686258
2026-01-13 01:00:00,3108.74,3114.41,3091.93,3097.73,3490.7773348,-0.0035479142086267384
2026-01-13 02:00:00,3097.74,3108.29,3097.74,3101.47,2265.6331176,0.0012066074505599068
2026-01-13 03:00:00,3101.47,3119.04,3101.06,3116.15,3289.9221644,0.004722072843899344
2026-01-13 04:00:00,3116.16,3123.44,3112.43,3122.32,2156.4164639,0.0019780497499450054
2026-01-13 05:00:00,3122.33,3146.6,3121.38,3131.59,4123.3023056,0.0029645475515790087
2026-01-13 06:00:00,3131.59,3137.54,3123.32,3134.34,2568.4772201,0.0008777628146389725
2026-01-13 07:00:00,3134.88,3135.4,3122.02,3122.02,1832.1734356,-0.0039383973826940385
2026-01-13 08:00:00,3122.02,3137.98,3122.02,3135.93,1802.3422933,0.004445552587838204
2026-01-13 09:00:00,3135.93,3148.58,3129.17,3138.61,4765.290783,0.0008542459408896693
2026-01-13 10:00:00,3138.62,3141.92,3130.0,3134.66,2123.0190865,-0.0012593114984734688
2026-01-13 11:00:00,3134.66,3139.12,3131.38,3133.9,2223.5312846,-0.00024247993278318986
2026-01-13 12:00:00,3133.9,3137.98,3129.93,3135.06,1870.9826363,0.00037007733762503764
2026-01-13 13:00:00,3135.07,3160.59,3130.22,3142.76,12123.4321078,0.0024530820766765038
2026-01-13 14:00:00,3142.76,3165.74,3130.17,3145.38,9755.4696061,0.000833314828109263
2026-01-13 15:00:00,3144.94,3188.77,3133.07,3184.49,10134.8994043,0.012357441051451753
2026-01-13 16:00:00,3184.39,3196.42,3171.98,3180.67,8406.3738705,-0.001200284190379132
2026-01-13 17:00:00,3180.83,3187.61,3172.74,3180.1,5410.9258649,-0.00017922358504580965
2026-01-13 18:00:00,3180.09,3214.34,3177.96,3200.99,6499.6516684,0.006547494120569752
2026-01-13 19:00:00,3201.0,3218.32,3191.45,3215.93,4193.9651036,0.004656447951575467
2026-01-13 20:00:00,3215.94,3220.03,3190.6,3204.72,5628.1723412,-0.0034918618489980626
2026-01-13 21:00:00,3204.42,3217.67,3199.89,3209.73,4758.8477001,0.0015620983930853946
2026-01-13 22:00:00,3209.73,3378.67,3209.73,3330.03,21126.46339862,0.03679449150601418
2026-01-13 23:00:00,3330.57,3346.87,3314.32,3325.34,5900.85811808,-0.0014093884416169122
2026-01-14 00:00:00,3325.34,3336.2,3315.2,3324.01,4007.8495894,-0.00040003910690115816
2026-01-14 01:00:00,3324.01,3344.5,3321.21,3336.35,4367.4278887,0.003705509648078452
2026-01-14 02:00:00,3336.35,3357.07,3320.45,3326.39,4396.6355172,-0.0029897631962545385
2026-01-14 03:00:00,3326.39,3352.21,3321.04,3351.87,2034.7955235,0.007630767187448276
2026-01-14 04:00:00,3351.88,3364.62,3336.1,3339.06,2883.5087133,-0.003829068799534099
2026-01-14 05:00:00,3339.05,3339.39,3325.56,3330.76,2011.1032854,-0.0024888240715198414
2026-01-14 06:00:00,3330.49,3335.38,3321.91,3334.12,1866.3394342,0.0010082703018359823
2026-01-14 07:00:00,3334.27,3342.55,3327.6,3335.84,1705.2715264,0.0005157452332924638
2026-01-14 08:00:00,3335.84,3342.67,3327.36,3327.56,1346.4274745,-0.0024852190358243603
2026-01-14 09:00:00,3327.3,3335.08,3324.67,3327.64,1233.1230728,2.404135112511096e-05
2026-01-14 10:00:00,3327.85,3333.14,3304.6,3312.82,2103.653796,-0.00446355361082827
2026-01-14 11:00:00,3312.82,3313.45,3282.44,3286.17,3109.96992529,-0.008077037511423918
2026-01-14 12:00:00,3286.16,3299.12,3280.41,3296.28,2022.7496564,0.003071806986707878
2026-01-14 13:00:00,3296.29,3307.64,3289.39,3303.06,3789.5644818,0.002054751652568899
2026-01-14 14:00:00,3303.07,3358.09,3302.02,3349.18,9478.7042317,0.013866228207073908
2026-01-14 15:00:00,3349.15,3362.67,3327.64,3345.86,8313.4038444,-0.000991779069919248
2026-01-14 16:00:00,3345.86,3403.59,3345.42,3370.2,8775.8155427,0.007248329099215938
2026-01-14 17:00:00,3369.95,3381.08,3338.32,3342.39,6095.9906326,-0.0082859698307513
2026-01-14 18:00:00,3342.38,3354.29,3315.61,3339.3,5635.5229493,-0.0009249157684008084
2026-01-14 19:00:00,3339.29,3401.02,3331.97,3367.31,6162.8567668,0.008353001847663941
2026-01-14 20:00:00,3367.36,3392.84,3361.73,3383.35,4690.9377743,0.0047521368831109564
2026-01-14 21:00:00,3383.48,3383.48,3357.51,3372.96,3196.6819637,-0.0030756457860675545
2026-01-14 22:00:00,3372.96,3374.62,3347.75,3349.08,2639.1467983,-0.007105015875420017
2026-01-14 23:00:00,3349.1,3369.4,3349.1,3354.52,2245.6285212,0.0016230088890003696
2026-01-15 00:00:00,3354.53,3355.77,3325.03,3330.91,3054.6800706,-0.007063150210154735
2026-01-15 01:00:00,3331.42,3342.85,3317.5,3325.07,2722.4611927,-0.0017548134154930057
2026-01-15 02:00:00,3325.01,3332.45,3305.71,3313.99,2998.0188361,-0.0033378250194831907
2026-01-15 03:00:00,3313.99,3321.6,3278.1,3286.59,4696.28865973,-0.008302348395952135
2026-01-15 04:00:00,3286.59,3308.44,3284.64,3304.97,2247.678115963115,0.005576843004269776
2026-01-15 05:00:00,3305.21,3315.75,3302.84,3311.31,2310.2839849,0.0019164853786491356
2026-01-15 06:00:00,3311.17,3323.82,3309.98,3315.92,2096.7418053,0.0013912300443965303
2026-01-15 07:00:00,3315.93,3335.37,3314.76,3330.28,2092.9312874,0.004321273011895271
2026-01-15 08:00:00,3330.29,3338.78,3320.47,3336.82,2138.9741219,0.0019618731075506405
2026-01-15 09:00:00,3336.59,3374.51,3330.32,3365.71,4090.957542,0.008620678733491182
2026-01-15 10:00:00,3366.02,3378.22,3357.71,3364.08,2296.6855687,-0.0004844133418350631
2026-01-15 11:00:00,3364.08,3365.89,3347.2,3349.63,1879.4714049,-0.0043046310647969115
2026-01-15 12:00:00,3349.49,3370.9,3344.03,3369.32,2302.2204889,0.005861051612455239
2026-01-15 13:00:00,3368.94,3385.04,3356.91,3371.16,2501.20134,0.0005459551977614879
2026-01-15 14:00:00,3371.17,3382.52,3322.33,3342.28,7950.0731657,-0.008603689956154733
2026-01-15 15:00:00,3341.97,3357.95,3285.29,3330.98,11149.4436181,-0.0033866538394646023
2026-01-15 16:00:00,3330.94,3335.52,3310.16,3330.68,5830.6495482,-9.006764085913613e-05
2026-01-15 17:00:00,3330.67,3337.59,3297.13,3301.47,5688.7277797,-0.008808663517249049
2026-01-15 18:00:00,3301.46,3307.54,3273.72,3288.45,6095.6867652,-0.003951494689320145
2026-01-15 19:00:00,3288.45,3301.94,3276.9,3295.82,5351.8080491,0.002238669762322606
2026-01-15 20:00:00,3295.68,3307.13,3276.84,3287.59,4318.3860155,-0.0025002253504583963
2026-01-15 21:00:00,3288.8,3305.72,3284.4,3299.1,1960.6962238,0.0034949304478504068
2026-01-15 22:00:00,3299.1,3319.27,3296.2,3309.67,1962.7206922,0.0031987825307492313
2026-01-15 23:00:00,3308.74,3323.03,3301.83,3318.62,2315.3558956,0.0027005473325183134
2026-01-16 00:00:00,3318.62,3326.68,3315.96,3316.95,1620.4660508,-0.0005033478767488115
2026-01-16 01:00:00,3317.23,3321.61,3301.49,3314.0,1848.549698,-0.0008897669850088783
2026-01-16 02:00:00,3314.01,3314.01,3291.74,3303.03,2229.78335475,-0.003315689984831159
2026-01-16 03:00:00,3303.67,3307.99,3295.57,3295.58,1115.3465146,-0.002258052276314276
2026-01-16 04:00:00,3295.58,3304.58,3276.62,3288.18,2385.4260286,-0.0022479565221717093
2026-01-16 05:00:00,3288.17,3316.02,3284.43,3309.22,2404.7431996,0.006378291851372531
2026-01-16 06:00:00,3309.22,3316.9,3302.62,3314.02,1602.4834855,0.0014494419167515476
2026-01-16 07:00:00,3314.03,3315.83,3301.85,3309.38,1399.4954781,-0.0014010933233839261
2026-01-16 08:00:00,3309.48,3319.81,3308.6,3313.23,1628.23189757,0.001162683725513892
2026-01-16 09:00:00,3313.3,3316.73,3307.09,3307.38,889.9963953,-0.0017672092216505788
2026-01-16 10:00:00,3307.38,3308.69,3294.53,3297.53,1473.2222474,-0.002982631800344961
2026-01-16 11:00:00,3297.78,3306.49,3293.61,3301.81,1488.6209923,0.0012970995887708274
2026-01-16 12:00:00,3301.92,3314.2,3300.52,3308.78,1567.7918145,0.002108738428139341
2026-01-16 13:00:00,3308.79,3310.32,3295.74,3307.84,1719.2745476,-0.00028413298823995106
2026-01-16 14:00:00,3307.84,3318.27,3290.51,3294.08,4450.8409092,-0.004168490355785046
2026-01-16 15:00:00,3294.04,3311.36,3253.0,3264.4,9538.7948658,-0.009050939429247215
2026-01-16 16:00:00,3264.15,3288.03,3259.89,3278.96,5726.7352355,0.00445032033404386
2026-01-16 17:00:00,3279.09,3286.58,3266.5,3284.21,3135.9232582,0.0015998370055238195
2026-01-16 18:00:00,3284.24,3288.41,3277.95,3279.04,2066.2295048,-0.0015754393233024533
2026-01-16 19:00:00,3279.04,3279.36,3269.01,3276.66,1850.3760103,-0.0007260857283162343
2026-01-16 20:00:00,3276.78,3294.05,3264.32,3292.73,2472.3032159,0.004892397027327206
2026-01-16 21:00:00,3292.88,3299.03,3288.69,3294.05,1564.2817244,0.00040080282555986175
2026-01-16 22:00:00,3294.06,3295.13,3282.94,3293.95,1386.2976708,-3.0358227082003103e-05
2026-01-16 23:00:00,3293.95,3300.01,3292.49,3296.3,1272.550678,0.0007131747959802573
2026-01-17 00:00:00,3296.29,3297.53,3290.0,3292.67,1073.1033307,-0.0011018415221959366
2026-01-17 01:00:00,3292.68,3295.73,3287.93,3290.66,714.1660597,-0.000610633239547944
2026-01-17 02:00:00,3290.66,3292.6,3283.99,3292.3,899.3057862,0.0004982561139454007
2026-01-17 03:00:00,3292.24,3292.27,3287.89,3289.38,477.0247485,-0.0008873115045342574
2026-01-17 04:00:00,3289.3,3292.51,3286.3,3292.21,421.3412497,0.0008599746184165088
2026-01-17 05:00:00,3292.11,3294.14,3289.72,3291.52,441.0529995,-0.0002096076244093308
2026-01-17 06:00:00,3291.53,3293.39,3287.2,3291.57,439.6665017,1.519043488731577e-05
2026-01-17 07:00:00,3291.37,3292.45,3287.35,3291.18,384.5824918,-0.00011849151204481054
2026-01-17 08:00:00,3291.18,3296.43,3289.08,3296.11,704.637241,0.0014968221895385917
2026-01-17 09:00:00,3296.12,3303.78,3293.64,3298.66,922.6930864,0.0007733401247007482
2026-01-17 10:00:00,3298.66,3300.74,3295.2,3296.35,386.0498713,-0.0007005296715145473
2026-01-17 11:00:00,3296.36,3305.03,3292.43,3302.72,560.7341593,0.0019305756655046127
2026-01-17 12:00:00,3302.72,3306.44,3300.48,3302.74,650.41099847,6.0555964309151124e-06
2026-01-17 13:00:00,3302.75,3304.51,3299.73,3303.81,448.9957167,0.00032392096006409246
2026-01-17 14:00:00,3303.82,3311.91,3301.56,3310.56,975.259092,0.002041011417027448
2026-01-17 15:00:00,3310.56,3329.74,3308.39,3329.74,2450.6028773,0.005776863497068748
2026-01-17 16:00:00,3329.74,3329.94,3312.51,3319.43,2297.8382163,-0.0031011414244699813
2026-01-17 17:00:00,3319.43,3327.97,3317.35,3319.35,613.3569209,-2.4100813704888286e-05
2026-01-17 18:00:00,3319.35,3320.79,3314.87,3318.0,819.905555,-0.00040678885959495093
2026-01-17 19:00:00,3318.01,3321.13,3314.55,3316.34,526.6472361,-0.0005004265788735774
2026-01-17 20:00:00,3316.35,3320.22,3314.89,3317.46,510.591948,0.0003376646901147412
2026-01-17 21:00:00,3317.45,3317.48,3307.34,3312.61,747.868041,-0.001463031571341791
2026-01-17 22:00:00,3312.62,3312.62,3297.06,3301.93,1457.19764802,-0.0032292523080914245
2026-01-17 23:00:00,3301.93,3310.58,3301.27,3310.47,687.129012,0.0025830272664268935
2026-01-18 00:00:00,3310.47,3314.38,3303.28,3304.74,701.2396613,-0.0017323717411936426
2026-01-18 01:00:00,3304.74,3306.84,3296.45,3301.06,1235.7710295,-0.0011141725092160746
2026-01-18 02:00:00,3301.07,3305.88,3296.72,3303.33,1005.3263587,0.0006874215754643472
2026-01-18 03:00:00,3303.33,3319.38,3303.33,3316.1,977.7393064,0.003858343042238935
2026-01-18 04:00:00,3316.11,3318.08,3309.51,3312.06,684.6732749,-0.0012190413328306458
2026-01-18 05:00:00,3312.06,3318.13,3311.13,3316.23,604.2319945,0.0012582432422701911
2026-01-18 06:00:00,3316.23,3318.0,3312.21,3315.84,377.0216556,-0.00011761033898903928
2026-01-18 07:00:00,3315.84,3315.84,3306.34,3307.19,543.8875006,-0.00261209896929029
2026-01-18 08:00:00,3307.19,3316.72,3303.45,3315.43,468.0316227,0.0024884424146565825
2026-01-18 09:00:00,3315.43,3325.13,3314.42,3323.17,774.3455944,0.0023318180059370077
2026-01-18 10:00:00,3323.18,3325.9,3318.45,3325.77,571.2378719,0.0007820795893853301
2026-01-18 11:00:00,3325.77,3325.77,3318.02,3322.03,511.47971875,-0.0011251843901989658
2026-01-18 12:00:00,3322.04,3327.15,3318.71,3322.5,378.63794574,0.00014146975054187767
2026-01-18 13:00:00,3322.5,3330.28,3314.61,3326.09,1197.9281111,0.001079928330338237
2026-01-18 14:00:00,3326.1,3347.59,3322.71,3325.02,2572.7806711,-0.0003217508082804536
2026-01-18 15:00:00,3324.9,3335.35,3319.2,3333.9,1066.9792991,0.0026671007502522587
2026-01-18 16:00:00,3333.91,3337.99,3329.5,3333.67,1136.3709166,-6.899065179404208e-05
2026-01-18 17:00:00,3333.67,3346.07,3332.51,3345.16,880.1958542,0.0034407257964198844
2026-01-18 18:00:00,3345.17,3368.85,3337.15,3361.67,3058.9128517,0.0049233492870155715
2026-01-18 19:00:00,3361.67,3365.63,3344.2,3346.43,1294.5971834,-0.004543768345789755
2026-01-18 20:00:00,3346.59,3352.38,3337.86,3341.14,1045.7894241,-0.001582039845067687
2026-01-18 21:00:00,3341.14,3346.26,3337.12,3341.76,589.9350218,0.0001855481906893358
2026-01-18 22:00:00,3341.76,3356.25,3340.14,3350.59,1032.8410757,0.002638835423711955
2026-01-18 23:00:00,3350.59,3350.59,3278.91,3283.98,9608.0673769,-0.020080348295104914
2026-01-19 00:00:00,3283.98,3284.56,3178.31,3212.71,26604.38183014,-0.02194128370301276
2026-01-19 01:00:00,3212.49,3221.4,3194.93,3206.31,5427.2126991,-0.0019940745225005734
2026-01-19 02:00:00,3206.9,3216.24,3194.02,3204.58,2820.00322337,-0.00053970666849482
2026-01-19 03:00:00,3204.58,3213.0,3195.48,3212.0,1954.921443,0.0023127595408693954
2026-01-19 04:00:00,3212.0,3217.51,3205.55,3212.87,2174.208116,0.00027082260195687024
2026-01-19 05:00:00,3212.88,3215.53,3196.23,3202.95,2826.5858844,-0.0030923585465766627
2026-01-19 06:00:00,3202.96,3204.61,3187.96,3195.63,2160.5282487,-0.0022880086498377004
2026-01-19 07:00:00,3195.65,3209.28,3195.65,3207.14,1138.6470871,0.0035953227738984373
2026-01-19 08:00:00,3207.14,3221.94,3197.47,3214.31,2944.3021982,0.0022331414181173443
2026-01-19 09:00:00,3214.32,3214.9,3205.52,3209.31,1832.0760295,-0.0015567549169427227
2026-01-19 10:00:00,3209.49,3216.57,3205.87,3215.45,1379.8388944,0.001911356025520687
2026-01-19 11:00:00,3215.55,3231.44,3213.34,3224.16,1949.85911342,0.002705134413875399
2026-01-19 12:00:00,3224.16,3235.96,3219.83,3225.03,1997.4304472,0.00026980132552396994
2026-01-19 13:00:00,3225.03,3225.68,3213.21,3218.1,1371.1440529,-0.0021511292406947466
2026-01-19 14:00:00,3218.3,3219.58,3202.92,3212.82,2573.9258929,-0.0016420671339120389
2026-01-19 15:00:00,3212.99,3220.7,3210.11,3216.25,1757.6109796,0.0010670284583727087
2026-01-19 16:00:00,3216.25,3227.1,3212.74,3223.16,1989.8820988,0.0021461601768763636
2026-01-19 17:00:00,3223.17,3226.0,3217.08,3220.03,1264.8785409,-0.0009715685075908756
2026-01-19 18:00:00,3220.03,3220.84,3208.5,3214.85,1233.5331399,-0.0016099759805590916
2026-01-19 19:00:00,3214.86,3224.47,3214.85,3219.6,914.9259641,0.0014764279348981866
2026-01-19 20:00:00,3219.61,3225.4,3212.12,3214.02,1288.48626434,-0.0017346381661244306
2026-01-19 21:00:00,3214.02,3221.46,3210.3,3212.74,1150.0167748,-0.0003983344692893129
2026-01-19 22:00:00,3212.75,3214.52,3186.12,3188.94,2556.2936383,-0.0074355824265523755
2026-01-19 23:00:00,3188.95,3197.89,3165.89,3189.51,4278.6732812,0.0001787268071450408
2026-01-20 00:00:00,3189.51,3200.3,3176.86,3184.16,3001.8637427,-0.0016787820067548037
2026-01-20 01:00:00,3184.05,3199.21,3175.71,3193.04,3044.83930783,0.0027849230820073574
2026-01-20 02:00:00,3193.31,3200.84,3179.27,3192.75,3593.4192794,-9.082666363891059e-05
2026-01-20 03:00:00,3192.94,3194.95,3184.25,3188.12,1895.1741049,-0.0014512130203475106
2026-01-20 04:00:00,3188.7,3189.26,3168.6,3172.79,2410.3081866,-0.0048200743856760845
2026-01-20 05:00:00,3172.79,3175.3,3152.47,3171.61,6006.9503006,-0.00037198159435287433
2026-01-20 06:00:00,3171.61,3172.33,3109.74,3116.99,8513.12525944,-0.01737155282682953
2026-01-20 07:00:00,3116.98,3131.39,3112.02,3123.21,3983.4911432,0.0019935265087444804
2026-01-20 08:00:00,3123.21,3123.59,3085.65,3107.11,7913.6645951,-0.00516828536494919
2026-01-20 09:00:00,3106.8,3108.69,3088.28,3094.07,3360.2850597,-0.004205657381488609
2026-01-20 10:00:00,3094.08,3108.55,3091.12,3102.97,2873.4496401,0.0028723410270074163
2026-01-20 11:00:00,3102.98,3113.04,3102.97,3109.54,1969.240639,0.0021150879271966514
2026-01-20 12:00:00,3109.66,3114.85,3102.55,3111.26,2509.5433326,0.0005529835531860794
2026-01-20 13:00:00,3111.27,3113.14,3074.36,3078.46,5484.0548261,-0.010598316892924427
2026-01-20 14:00:00,3078.95,3088.99,3034.16,3047.26,12327.788178,-0.010186645747989631
2026-01-20 15:00:00,3047.55,3049.89,2995.32,3033.04,13865.51307,-0.004677409313885144
2026-01-20 16:00:00,3032.94,3042.71,2997.82,3010.0,9369.8372499,-0.007625338121141731
2026-01-20 17:00:00,3008.98,3023.55,2984.4,3000.5,8087.8330216,-0.003161137313353845
2026-01-20 18:00:00,2999.48,3009.03,2988.01,2992.35,6008.7491863,-0.0027199095670380528
2026-01-20 19:00:00,2991.78,3003.19,2980.23,2996.78,5536.8406954,0.001479347019653739
2026-01-20 20:00:00,2996.28,3007.24,2986.25,3006.33,5744.926651,0.0031816868444269077
2026-01-20 21:00:00,3007.2,3007.2,2990.01,2993.77,2692.41625429,-0.004186603005148608
2026-01-20 22:00:00,2993.46,2999.09,2921.19,2951.16,7593.1911692,-0.014335149339469538
2026-01-20 23:00:00,2951.56,2952.43,2930.56,2939.92,6060.36659669,-0.0038159433038411766
2026-01-21 00:00:00,2939.92,2969.77,2922.0,2960.22,6198.5444089,0.006881219802363823
2026-01-21 01:00:00,2960.22,2974.18,2955.34,2965.18,5110.0937375,0.00167414897170831
2026-01-21 02:00:00,2965.18,2975.31,2958.09,2961.55,3830.4122192,-0.0012249589415776322
2026-01-21 03:00:00,2961.55,2984.11,2961.27,2981.62,3420.878686,0.00675399703979447
2026-01-21 04:00:00,2981.62,2985.47,2974.93,2979.47,2530.8745098,-0.0007213446175875173
2026-01-21 05:00:00,2979.47,3002.24,2977.88,2993.1,3340.4845404,0.0045642072547188006
2026-01-21 06:00:00,2993.26,2993.68,2975.34,2980.37,2320.0182276,-0.004262185721643689
2026-01-21 07:00:00,2980.37,2985.72,2966.29,2971.24,3077.3032515,-0.003068079784061684
2026-01-21 08:00:00,2970.9,2974.44,2956.21,2965.5,3744.851674,-0.0019337218030844902
2026-01-21 09:00:00,2965.51,2974.93,2949.6,2954.06,2765.60015429,-0.003865156951618357
2026-01-21 10:00:00,2954.06,2970.05,2952.23,2964.06,1697.5475445,0.00337945479890919
2026-01-21 11:00:00,2963.9,2971.69,2938.73,2943.69,3317.718957,-0.006896053734668595
2026-01-21 12:00:00,2943.32,2946.22,2902.71,2931.1,9050.9527583,-0.0042861172140710325
2026-01-21 13:00:00,2931.5,2945.68,2920.51,2928.19,5665.8175749,-0.0009932944910589691
2026-01-21 14:00:00,2928.1,2995.81,2924.64,2981.0,14979.49313792,0.017874329991797885
2026-01-21 15:00:00,2981.06,3026.31,2975.03,3002.74,13294.7922432,0.007266390470406662
2026-01-21 16:00:00,3002.74,3005.26,2886.3,2891.34,14530.3110372,-0.03780514268263854
2026-01-21 17:00:00,2891.62,2914.36,2866.61,2903.88,15972.2158066,0.004327711311007412
2026-01-21 18:00:00,2903.89,2934.22,2888.11,2927.58,10046.1704703,0.008128369392527444
2026-01-21 19:00:00,2927.42,3069.02,2916.62,3055.16,16401.9417884,0.04265582122365146
2026-01-21 20:00:00,3055.25,3057.75,3003.68,3031.78,11442.77429799,-0.0076820586300763065
2026-01-21 21:00:00,3031.85,3044.11,3021.2,3031.43,4412.6926832,-0.0001154503968653691
2026-01-21 22:00:00,3031.43,3044.88,3009.07,3010.84,3639.5307562,-0.006815345788445208
2026-01-21 23:00:00,3010.41,3025.2,2972.4,2982.55,5504.4386124,-0.009440470286743436
2026-01-22 00:00:00,2982.55,3011.34,2980.84,3005.57,5453.3927841,0.007688594550936658
2026-01-22 01:00:00,3005.46,3034.42,3002.81,3028.71,4944.3824433,0.007669552433224425
2026-01-22 02:00:00,3028.72,3038.21,3015.27,3017.51,4788.6598559,-0.003704798307204184
2026-01-22 03:00:00,3017.51,3030.76,2998.86,3013.72,3205.6953382,-0.0012567918977944182
2026-01-22 04:00:00,3013.72,3025.54,3011.45,3022.84,2373.8037006,0.003021590753279184
2026-01-22 05:00:00,3022.84,3027.57,3014.77,3020.41,2660.4889764,-0.0008042030797884105
2026-01-22 06:00:00,3019.92,3027.58,3009.05,3019.17,3432.6266774,-0.00041062458562454094
2026-01-22 07:00:00,3019.17,3022.21,3000.69,3001.2,3640.7425748,-0.005969750486350567
2026-01-22 08:00:00,3000.91,3008.04,2992.47,3005.7,3879.4791045,0.001498277261753304
2026-01-22 09:00:00,3005.7,3016.22,3003.29,3013.64,2250.2506412,0.0026381645180837358
2026-01-22 10:00:00,3013.63,3014.67,2999.97,3002.79,2299.0086092,-0.003606793983231876
2026-01-22 11:00:00,3002.72,3006.8,2978.04,2986.49,4084.6920541,-0.0054430717025626026
2026-01-22 12:00:00,2986.5,2998.36,2978.47,2990.61,2688.5386437,0.0013785951891432291
2026-01-22 13:00:00,2990.74,3010.22,2962.41,2972.96,6692.9170082,-0.005919290470314823
2026-01-22 14:00:00,2972.7,2982.16,2935.53,2941.46,12647.7387569,-0.01065203277655893
2026-01-22 15:00:00,2941.26,2968.22,2905.96,2941.95,14981.8394748,0.0001665700677440547
2026-01-22 16:00:00,2942.05,2958.68,2924.1,2946.45,10555.4139726,0.0015284290727653543
2026-01-22 17:00:00,2946.44,2963.74,2935.01,2961.81,8449.5116666,0.005199512074515803
2026-01-22 18:00:00,2961.81,2972.6,2938.6,2939.47,6489.5451711,-0.007571274949996888
2026-01-22 19:00:00,2939.48,2963.49,2928.31,2953.91,6624.7011987,0.004900423491109096
2026-01-22 20:00:00,2953.77,2957.7,2930.75,2938.92,5700.8785586,-0.005087549558486196
2026-01-22 21:00:00,2939.01,2951.45,2933.88,2946.52,3621.3488728,0.002582646063631995
2026-01-22 22:00:00,2946.28,2959.36,2943.02,2952.17,2667.4501538,0.0019156801689455
2026-01-22 23:00:00,2951.87,2955.89,2940.76,2952.15,2733.4955823,-6.774700558242831e-06
2026-01-23 00:00:00,2952.64,2957.08,2946.17,2953.33,2747.3546421,0.0003996288246524013
2026-01-23 01:00:00,2953.42,2969.87,2953.42,2969.25,3208.2071345,0.005376048392141248
2026-01-23 02:00:00,2969.06,2972.11,2952.91,2952.91,2271.0607174,-0.005518270855403148
2026-01-23 03:00:00,2952.92,2965.3,2952.0,2964.03,2022.9389953,0.003758704023299372
2026-01-23 04:00:00,2964.29,2984.55,2963.0,2978.07,3236.8637115,0.004725610853982938
2026-01-23 05:00:00,2977.94,2978.16,2964.2,2968.6,3055.5519582,-0.003184978485564193
2026-01-23 06:00:00,2968.6,2975.28,2937.75,2939.36,4800.2367594,-0.009898590630037481
2026-01-23 07:00:00,2940.01,2951.23,2934.77,2948.55,3007.4478039,0.0031216535112903302
2026-01-23 08:00:00,2948.56,2951.25,2922.57,2927.99,4541.857997,-0.006997343297093883
2026-01-23 09:00:00,2927.75,2935.31,2915.6,2921.14,3941.9148678,-0.002342229744120666
2026-01-23 10:00:00,2921.15,2934.55,2915.06,2930.93,3180.8359112,0.0033458277610816157
2026-01-23 11:00:00,2931.17,2946.74,2928.46,2940.81,2979.0542679,0.0033652747990578
2026-01-23 12:00:00,2940.81,2940.81,2929.14,2934.89,2649.6277742,-0.002015079736270725
2026-01-23 13:00:00,2934.9,2943.95,2927.2,2930.84,3417.4575528,-0.0013809025112222284
2026-01-23 14:00:00,2930.84,2942.18,2892.28,2916.05,10473.3945378,-0.005059110585398701
2026-01-23 15:00:00,2916.13,2965.0,2899.74,2952.15,13393.5480617,0.01230375767960548
2026-01-23 16:00:00,2952.66,2980.09,2938.41,2967.99,10789.5954672,0.005351237571801716
2026-01-23 17:00:00,2967.99,3018.86,2960.07,2987.33,11166.43333694,0.006495055845637238
2026-01-23 18:00:00,2987.34,3007.41,2978.6,2988.63,7986.5404546,0.0004350765468666583
2026-01-23 19:00:00,2988.63,2988.63,2946.72,2959.79,8404.44344,-0.009696768546484323
2026-01-23 20:00:00,2959.8,2963.95,2930.35,2940.39,7776.8832366,-0.006576094259065015
2026-01-23 21:00:00,2940.39,2953.12,2938.45,2944.09,3568.5367079,0.0012575454373556282
2026-01-23 22:00:00,2943.83,2961.89,2943.5,2959.87,2675.8440928,0.005345577401055215
2026-01-23 23:00:00,2959.86,2959.86,2951.19,2956.59,2032.3711802,-0.0011087712368641498
2026-01-24 00:00:00,2956.59,2959.04,2949.15,2951.01,2035.731868,-0.001889092578858308
2026-01-24 01:00:00,2951.01,2959.33,2950.03,2956.4,1700.6379426,0.0018248272917310735
2026-01-24 02:00:00,2956.4,2962.2,2954.79,2959.23,1559.0495012,0.000956787431225943
2026-01-24 03:00:00,2959.46,2970.16,2957.22,2962.71,2052.8611237,0.0011752906650790386
2026-01-24 04:00:00,2962.71,2966.83,2959.29,2962.3,1007.9991173,-0.0001383963911130485
2026-01-24 05:00:00,2963.28,2965.66,2957.25,2961.18,1037.6199131,-0.00037815608843013094
2026-01-24 06:00:00,2961.26,2964.2,2959.08,2961.75,1060.4143467,0.00019247230737476476
2026-01-24 07:00:00,2961.75,2962.17,2954.28,2957.32,1094.236769,-0.0014968570492147502
2026-01-24 08:00:00,2957.31,2963.32,2955.25,2963.14,614.9399751,0.001966064081075542
2026-01-24 09:00:00,2963.14,2964.71,2960.22,2960.63,582.5614195,-0.0008474333575447075
2026-01-24 10:00:00,2960.63,2962.23,2958.72,2961.69,397.0813545,0.0003579678272431244
2026-01-24 11:00:00,2961.69,2964.36,2960.49,2961.15,453.2043909,-0.0001823449566411226
2026-01-24 12:00:00,2961.15,2964.65,2959.34,2962.43,545.3843209,0.00043217109245482463
2026-01-24 13:00:00,2962.43,2963.51,2947.74,2948.33,600.7053582,-0.004770969129354573
2026-01-24 14:00:00,2948.86,2959.52,2943.77,2959.46,2238.208466,0.003767910899966319
2026-01-24 15:00:00,2959.46,2968.07,2955.77,2957.2,1898.2932671,-0.0007639445599083337
2026-01-24 16:00:00,2957.2,2961.58,2952.2,2958.95,1776.96054509,0.0005916009739578213
2026-01-24 17:00:00,2958.95,2966.0,2957.84,2964.25,1294.6056203,0.0017895736812771183
2026-01-24 18:00:00,2964.37,2968.48,2962.12,2963.78,841.2990617,-0.00015856869853377988
2026-01-24 19:00:00,2963.77,2964.15,2952.47,2954.32,974.93793,-0.003196974724075542
2026-01-24 20:00:00,2954.32,2958.78,2954.03,2956.37,513.9999636,0.0006936584670142339
2026-01-24 21:00:00,2956.38,2957.72,2949.44,2957.72,829.5893187,0.0004565368546803034
2026-01-24 22:00:00,2957.98,2964.55,2957.97,2963.06,757.815463,0.0018038168781550586
2026-01-24 23:00:00,2963.07,2964.45,2952.49,2953.36,1071.1474437,-0.0032790128797948936
2026-01-25 00:00:00,2953.36,2958.86,2952.53,2958.86,776.2484257,0.0018605537637618147
2026-01-25 01:00:00,2958.86,2960.34,2950.26,2955.29,1051.731399,-0.0012072742265953954
2026-01-25 02:00:00,2955.29,2957.82,2953.34,2953.64,603.8286579,-0.000558476760728501
2026-01-25 03:00:00,2953.64,2954.16,2937.62,2942.62,2152.6445914,-0.003737967060921854
2026-01-25 04:00:00,2942.63,2949.35,2940.69,2945.29,1105.4473918,0.0009069432729156497
2026-01-25 05:00:00,2945.29,2948.56,2942.19,2947.56,716.8260587,0.0007704252143803432
2026-01-25 06:00:00,2947.43,2947.66,2935.1,2944.26,1522.00973,-0.0011201972718383236
2026-01-25 07:00:00,2944.27,2944.27,2938.52,2939.63,747.4806661,-0.0015737890938262882
2026-01-25 08:00:00,2939.63,2944.99,2921.1,2929.53,2415.9561156,-0.0034417224849625596
2026-01-25 09:00:00,2929.23,2939.32,2926.68,2935.88,1745.26668,0.0021652373767109766
2026-01-25 10:00:00,2935.88,2947.8,2935.88,2945.21,1429.7355321,0.003172883879430726
2026-01-25 11:00:00,2945.21,2946.29,2932.55,2937.5,1667.49483888,-0.0026212423915373735
2026-01-25 12:00:00,2937.5,2945.01,2932.68,2942.54,1950.9830322,0.0017142744723742085
2026-01-25 13:00:00,2942.55,2945.73,2935.1,2941.85,1626.38214958,-0.00023451878721928788
2026-01-25 14:00:00,2941.74,2942.63,2924.85,2932.86,3253.6321755,-0.0030605789962570226
2026-01-25 15:00:00,2932.55,2936.14,2922.14,2926.81,2183.0129421,-0.002064963436440615
2026-01-25 16:00:00,2926.88,2927.82,2876.33,2896.97,13048.9294651,-0.01024772952935429
2026-01-25 17:00:00,2896.96,2898.6,2879.28,2884.45,4917.6287104,-0.00433112265550372
2026-01-25 18:00:00,2884.45,2888.86,2828.57,2848.31,14302.4300114,-0.012608404597088473
2026-01-25 19:00:00,2848.3,2853.67,2797.41,2813.27,11778.13173805,-0.012378328102768748
2026-01-25 20:00:00,2813.27,2824.08,2787.46,2809.83,7263.8271978,-0.0012235245430966741
2026-01-25 21:00:00,2809.83,2825.81,2802.79,2818.59,6470.612677,0.0031127766134172756
2026-01-25 22:00:00,2819.05,2819.16,2790.17,2807.16,5069.3168823,-0.004063463796800943
2026-01-25 23:00:00,2807.16,2821.19,2787.42,2817.29,9120.6873894,0.0036021338809558803
2026-01-26 00:00:00,2817.21,2847.17,2812.41,2841.76,10085.1606349,0.008648148544384757
2026-01-26 01:00:00,2841.77,2898.38,2838.75,2882.44,10258.6123152,0.014213579143029386
2026-01-26 02:00:00,2882.89,2885.33,2863.31,2865.89,6382.2440271,-0.0057582100293407665
2026-01-26 03:00:00,2865.91,2872.51,2841.23,2850.69,3962.24039595,-0.0053178774096010375
2026-01-26 04:00:00,2850.7,2875.6,2850.09,2866.01,4271.9242374,0.0053597483424567965
2026-01-26 05:00:00,2866.26,2873.18,2860.24,2869.75,3329.14086027,0.0013040993800449731
2026-01-26 06:00:00,2869.75,2891.76,2866.16,2891.66,4549.7620439,0.0076058137231820545
2026-01-26 07:00:00,2891.67,2911.09,2886.16,2904.03,5169.3284971,0.004268695801050814
2026-01-26 08:00:00,2904.04,2934.03,2897.49,2912.33,5978.8862337,0.0028540206018623
2026-01-26 09:00:00,2912.33,2913.41,2881.42,2885.88,4073.83255079,-0.009123568643939149
2026-01-26 10:00:00,2885.88,2901.55,2884.79,2896.29,2351.562415,0.0036007281859046286
2026-01-26 11:00:00,2896.29,2901.37,2888.17,2892.1,2121.4855105,-0.0014477257862106786
2026-01-26 12:00:00,2892.09,2914.98,2892.09,2902.68,2714.3104014,0.003651566325584242
2026-01-26 13:00:00,2902.69,2911.25,2897.16,2909.72,3801.5232721,0.0024224084517915877
2026-01-26 14:00:00,2909.72,2934.6,2875.09,2922.72,14871.6295299,0.004457832923541426
2026-01-26 15:00:00,2922.5,2951.2,2887.65,2899.06,15180.8929602,-0.00812814302889648
2026-01-26 16:00:00,2899.35,2917.56,2891.79,2901.2,10900.4783068,0.0007378979897802179
2026-01-26 17:00:00,2901.21,2915.9,2885.5,2909.45,6866.001331,0.0028396153764542976
2026-01-26 18:00:00,2909.33,2932.76,2908.1,2931.77,6665.2933977,0.007642276316267829
2026-01-26 19:00:00,2932.04,2936.12,2918.33,2922.84,4910.01733573,-0.0030505898515143263
2026-01-26 20:00:00,2923.2,2929.49,2898.51,2901.73,3374.2487695,-0.007248635498007497
2026-01-26 21:00:00,2902.15,2946.15,2895.75,2928.93,5819.8665762,0.009330057768073302
2026-01-26 22:00:00,2928.95,2937.03,2919.85,2927.26,3016.6359138,-0.0005703367019404183
2026-01-26 23:00:00,2927.18,2945.02,2918.31,2929.92,4229.0261727,0.0009082869855020224
2026-01-27 00:00:00,2930.37,2931.06,2917.95,2920.95,3051.211277,-0.0030662130683956103
2026-01-27 01:00:00,2920.94,2940.35,2912.3,2932.35,4074.5129602,0.0038952435085412907
2026-01-27 02:00:00,2932.47,2947.3,2932.47,2945.52,3644.5287129,0.004481222633124372
2026-01-27 03:00:00,2945.32,2948.79,2936.43,2941.4,2577.47266853,-0.0013997134911491267
2026-01-27 04:00:00,2941.23,2957.41,2936.81,2940.67,4132.2923962,-0.0002482119402686653
2026-01-27 05:00:00,2940.67,2942.11,2933.9,2939.31,2691.5303038,-0.0004625866156864705
2026-01-27 06:00:00,2939.32,2942.56,2924.69,2928.95,2293.0611143,-0.0035308629008150637
2026-01-27 07:00:00,2928.95,2937.28,2927.51,2929.0,1427.6810023,1.7070818290253192e-05
2026-01-27 08:00:00,2928.98,2932.6,2919.98,2923.45,2183.5178949,-0.001896642146017052
2026-01-27 09:00:00,2923.44,2923.45,2907.2,2907.9,3508.0171705,-0.005333254515044366
2026-01-27 10:00:00,2907.9,2915.27,2901.83,2903.57,2512.5084667,-0.0014901568110150128
2026-01-27 11:00:00,2903.58,2921.99,2899.5,2916.96,2430.2599081,0.004600963699497781
2026-01-27 12:00:00,2916.96,2928.22,2915.73,2918.24,3247.4775712,0.00043871676053272
2026-01-27 13:00:00,2918.24,2919.3,2905.89,2912.54,3204.7922364,-0.001955142130461323
2026-01-27 14:00:00,2912.54,2943.49,2907.04,2918.49,10586.68236059,0.002040806535069067
2026-01-27 15:00:00,2918.63,2941.61,2912.86,2937.47,10316.3218409,0.006482307414011167
2026-01-27 16:00:00,2937.48,2998.25,2934.81,2990.73,15865.8221488,0.01796883810854947
2026-01-27 17:00:00,2990.72,2994.3,2918.11,2930.09,14791.6859493,-0.020484365479942042
2026-01-27 18:00:00,2929.91,2989.28,2925.96,2978.08,11192.5299304,0.016245658287109263
2026-01-27 19:00:00,2978.34,2992.04,2965.77,2980.22,7163.6000569,0.0007183257278143867
2026-01-27 20:00:00,2980.42,3027.98,2978.87,3021.07,12027.2612785,0.013613949975773714
2026-01-27 21:00:00,3021.01,3030.31,3005.45,3015.54,8259.93222594,-0.00183215465200536
2026-01-27 22:00:00,3015.65,3023.12,3004.51,3019.63,3759.12167954,0.0013553887052519266
2026-01-27 23:00:00,3019.63,3035.1,3010.9,3026.23,4186.92662622,0.002183313084249589
2026-01-28 00:00:00,3026.23,3029.61,3015.42,3024.23,3267.0850125,-0.0006611067829037213
2026-01-28 01:00:00,3024.23,3026.74,3007.4,3018.21,3255.6450564,-0.0019925731961892667
2026-01-28 02:00:00,3018.15,3018.2,3005.22,3011.06,3809.76072982,-0.002371764194245829
2026-01-28 03:00:00,3010.91,3012.46,2997.12,3004.74,4387.5633214,-0.0021011344543069807
2026-01-28 04:00:00,3004.74,3006.93,2992.99,2999.16,2240.7949731,-0.0018587923205334578
2026-01-28 05:00:00,2999.71,3008.56,2996.61,3004.48,2878.3172616,0.0017722586272548742
2026-01-28 06:00:00,3004.48,3018.08,3003.15,3014.59,3450.9361586,0.003359326111067552
2026-01-28 07:00:00,3014.6,3015.26,3002.29,3004.81,2514.4250168,-0.003249496164324508
2026-01-28 08:00:00,3004.81,3006.57,2988.53,2990.61,2312.3201735,-0.004736958062166205
2026-01-28 09:00:00,2990.61,3017.4,2986.69,3017.4,2812.0644687,0.008918153451214623
2026-01-28 10:00:00,3017.47,3039.42,3012.75,3025.97,4613.43757,0.0028361678151914765
2026-01-28 11:00:00,3025.61,3045.37,3014.99,3039.9,5648.6818501,0.0045929189012160485
2026-01-28 12:00:00,3039.65,3040.34,3023.59,3031.12,4401.276338,-0.0028924319541828412
2026-01-28 13:00:00,3031.13,3045.66,3029.57,3034.65,5212.1686607,0.0011639084233338235
2026-01-28 14:00:00,3034.66,3034.66,3007.32,3012.55,8617.6598337,-0.007309200419985669
2026-01-28 15:00:00,3012.8,3021.09,2983.41,3007.15,8717.6977382,-0.0017941098222414697
2026-01-28 16:00:00,3007.55,3017.78,2995.84,3000.13,7474.921927005973,-0.0023371653045869793
2026-01-28 17:00:00,2999.66,3031.72,2989.31,3014.9,7788.8600027,0.004911041070659917
2026-01-28 18:00:00,3014.9,3024.36,3000.23,3015.48,6014.5157979,0.00019235935439832272
2026-01-28 19:00:00,3014.95,3024.22,2996.84,3016.66,12860.8558001,0.00039123760889210813
2026-01-28 20:00:00,3016.65,3038.22,3008.47,3011.93,7808.10579,-0.001569189800792198
2026-01-28 21:00:00,3011.94,3023.84,2996.6,3021.46,4519.6071196,0.0031590889783878035
2026-01-28 22:00:00,3021.55,3027.42,3008.78,3018.85,2043.491053,-0.0008641941100493567
2026-01-28 23:00:00,3018.86,3023.0,3008.31,3010.81,2582.4727666,-0.002666818614975627
2026-01-29 00:00:00,3010.81,3013.53,2996.34,3009.06,3754.8895827,-0.0005814079205354593
2026-01-29 01:00:00,3009.48,3011.56,2987.18,2992.94,5445.1803699,-0.005371555734754633
2026-01-29 02:00:00,2992.93,2999.26,2944.48,2959.46,9465.0212206,-0.011249362633096133
2026-01-29 03:00:00,2959.45,2972.71,2947.91,2952.86,5692.4222169,-0.002232627036947422
2026-01-29 04:00:00,2952.85,2960.59,2937.52,2959.55,4090.2763882,0.0022630375278934033
2026-01-29 05:00:00,2959.56,2965.71,2948.26,2951.34,2986.0609076,-0.002777925246324598
2026-01-29 06:00:00,2951.46,2959.48,2950.37,2955.89,2189.4498329,0.0015404854389615172
2026-01-29 07:00:00,2955.88,2964.95,2955.42,2961.74,2007.6935896,0.001977143520525772
2026-01-29 08:00:00,2961.74,2970.31,2943.52,2952.61,3767.6084355,-0.003087408507217601
2026-01-29 09:00:00,2952.6,2955.88,2942.61,2942.61,999.2144134,-0.0033925823264760123
2026-01-29 10:00:00,2942.62,2949.09,2941.53,2944.55,959.6990748,0.0006590614388675878
2026-01-29 11:00:00,2944.55,2945.46,2923.76,2929.35,3719.84141602,-0.005175448655234901
2026-01-29 12:00:00,2929.36,2938.59,2925.93,2936.71,1695.1315891,0.0025093517154838457
2026-01-29 13:00:00,2936.71,2939.44,2931.84,2936.07,1054.3893151,-0.0002179547003406576
2026-01-29 14:00:00,2936.07,2937.15,2875.84,2876.11,7445.3451177,-0.020633265736462236
2026-01-29 15:00:00,2876.56,2877.43,2796.89,2824.39,26107.6468076,-0.018146274614647278
2026-01-29 16:00:00,2824.25,2836.68,2801.91,2835.3,12284.53210171,0.0038553396081855663
2026-01-29 17:00:00,2835.31,2860.02,2818.9,2824.23,10112.7591788,-0.00391199061322504
2026-01-29 18:00:00,2824.59,2834.55,2754.82,2764.0,18576.6128398,-0.021556855168334697
2026-01-29 19:00:00,2764.01,2811.45,2758.31,2797.59,9649.8878706,0.012079426362795093
2026-01-29 20:00:00,2797.72,2812.58,2788.96,2805.81,7128.7632409,0.0029339350738701907
2026-01-29 21:00:00,2806.03,2825.36,2805.43,2819.59,5153.3381741,0.004899216966850691
2026-01-29 22:00:00,2819.94,2825.33,2810.62,2820.03,1613.2286524,0.00015603888236897858
2026-01-29 23:00:00,2820.03,2827.76,2812.87,2822.57,1919.0820151,0.0009002942514308646
2026-01-30 00:00:00,2822.57,2828.84,2802.5,2804.84,3127.3960518,-0.0063013210931966435
2026-01-30 01:00:00,2804.84,2813.3,2684.38,2746.89,23364.9824901,-0.020877133722194505
2026-01-30 02:00:00,2747.33,2751.31,2699.08,2736.61,15564.35901846,-0.003749434501044553
2026-01-30 03:00:00,2736.61,2747.84,2734.27,2741.22,8240.5409953,0.0016831486513234552
2026-01-30 04:00:00,2741.13,2775.24,2738.19,2753.01,9330.1804368,0.004291781777263185
2026-01-30 05:00:00,2753.01,2760.63,2747.05,2747.19,5092.94668422,-0.0021162874703305966
2026-01-30 06:00:00,2747.19,2748.38,2696.8,2718.54,9204.9387429,-0.010483599592281836
2026-01-30 07:00:00,2718.24,2750.75,2718.11,2740.62,8710.8850121,0.008089200683100456
2026-01-30 08:00:00,2740.3,2748.45,2723.1,2737.47,5802.4656845,-0.0011500359969179557
2026-01-30 09:00:00,2737.49,2744.0,2710.39,2722.22,7389.2226832,-0.005586412290862297
2026-01-30 10:00:00,2722.03,2737.0,2711.6,2736.2,6645.5895684,0.00512237261627856
2026-01-30 11:00:00,2736.2,2769.44,2734.34,2759.85,5252.123884,0.00860623392219844
2026-01-30 12:00:00,2759.85,2766.55,2738.15,2740.8,5997.547454,-0.006926481838356598
2026-01-30 13:00:00,2740.81,2751.27,2719.66,2729.89,10213.6167772,-0.003988533242929605
2026-01-30 14:00:00,2729.89,2765.09,2724.56,2737.38,14795.5099281,0.002739943220583187
2026-01-30 15:00:00,2737.55,2753.1,2693.75,2729.24,18172.4187848,-0.002978076404102171
2026-01-30 16:00:00,2729.23,2744.32,2705.97,2726.8,14208.3669126,-0.0008944216547767723
2026-01-30 17:00:00,2726.8,2740.99,2706.62,2712.7,12483.4758148,-0.005184311639144634
2026-01-30 18:00:00,2712.5,2750.19,2636.4,2740.26,24421.8607038,0.010108357541759412
2026-01-30 19:00:00,2740.27,2761.23,2734.74,2742.3,15663.2625808,0.0007441779366377407
2026-01-30 20:00:00,2742.42,2742.85,2665.3,2680.33,20305.59763972,-0.0228570630750314
2026-01-30 21:00:00,2680.68,2717.74,2677.57,2704.98,11867.5689422,0.009154597285054897
2026-01-30 22:00:00,2705.1,2709.96,2693.45,2709.96,5254.891283,0.0018393560793067833
2026-01-30 23:00:00,2709.97,2711.88,2694.53,2707.26,2864.3457887,-0.0009968213303397455
2026-01-31 00:00:00,2707.26,2714.57,2703.23,2706.44,4049.1284564,-0.00030293514833518994
2026-01-31 01:00:00,2706.44,2714.57,2699.11,2700.0,3452.9599232,-0.0023823451461176108
2026-01-31 02:00:00,2700.01,2709.29,2685.06,2702.09,4513.967905,0.0007737746332542478
2026-01-31 03:00:00,2702.09,2706.74,2694.51,2695.84,3296.47528,-0.0023157035355996333
2026-01-31 04:00:00,2695.84,2704.99,2693.47,2695.71,2663.1941685,-4.8223609175536324e-05
2026-01-31 05:00:00,2695.71,2703.3,2690.96,2697.73,2629.9652228,0.0007490581500674448
2026-01-31 06:00:00,2698.01,2701.01,2684.32,2692.56,3472.1396454,-0.0019182647261480532
2026-01-31 07:00:00,2692.57,2693.76,2668.51,2680.11,4853.8083607,-0.004634575466110863
2026-01-31 08:00:00,2680.12,2683.45,2609.65,2644.01,19124.8937901,-0.013561134326023095
2026-01-31 09:00:00,2644.01,2659.83,2633.8,2648.34,6904.6492676,0.001636324493335389
2026-01-31 10:00:00,2648.34,2655.6,2636.24,2651.69,4936.0118849,0.0012641439562134575
2026-01-31 11:00:00,2651.69,2651.69,2634.56,2640.71,3708.5886304,-0.004149352185648648
2026-01-31 12:00:00,2640.72,2644.41,2628.7,2633.43,6826.8680343,-0.00276064140257621
2026-01-31 13:00:00,2633.42,2636.97,2618.03,2629.27,8083.56709192,-0.0015809378708443599
2026-01-31 14:00:00,2629.18,2635.97,2509.27,2538.72,32762.636544,-0.03504622411738518
2026-01-31 15:00:00,2538.59,2555.09,2526.46,2534.41,15986.4426008,-0.0016991486663862914
2026-01-31 16:00:00,2534.36,2551.24,2467.9,2482.88,26920.299517,-0.020541691613808623
2026-01-31 17:00:00,2482.68,2495.31,2360.19,2403.54,43041.09748889,-0.032476526113547184
2026-01-31 18:00:00,2403.24,2417.27,2241.38,2381.11,36102.42965039,-0.009375885096300472
2026-01-31 19:00:00,2381.12,2450.01,2372.79,2382.78,27018.0581308,0.0007011077369157499
2026-01-31 20:00:00,2382.93,2407.27,2355.02,2382.71,19166.6963918,-2.937788139525947e-05
2026-01-31 21:00:00,2382.32,2423.94,2373.15,2419.31,18761.4780258,0.015243880176966264
2026-01-31 22:00:00,2419.55,2424.92,2406.53,2419.52,10864.42831756,8.679784168155833e-05
2026-01-31 23:00:00,2419.55,2474.06,2416.89,2451.93,19116.8785313,0.013306296154711005
2026-02-01 00:00:00,2451.81,2476.2,2446.11,2452.12,13082.1011489,7.748697509009856e-05
2026-02-01 01:00:00,2452.12,2455.66,2429.65,2444.67,11258.2527615,-0.003042812025066071
2026-02-01 02:00:00,2444.85,2461.57,2440.32,2452.68,8314.0644763,0.00327115976704679
2026-02-01 03:00:00,2452.61,2456.66,2438.32,2445.65,7681.1803929,-0.002870367993453745
2026-02-01 04:00:00,2445.54,2454.68,2441.48,2448.18,6043.497444,0.0010339550925937534
2026-02-01 05:00:00,2448.2,2449.47,2424.7,2430.48,7027.7444941,-0.007256122648687342
2026-02-01 06:00:00,2430.48,2440.0,2408.31,2418.83,9092.9022927,-0.004804816525610487
2026-02-01 07:00:00,2418.79,2440.94,2393.64,2411.24,12865.9412594,-0.003142814181732046
2026-02-01 08:00:00,2411.24,2428.25,2396.61,2413.06,10078.2428432,0.0007545136439868409
2026-02-01 09:00:00,2413.06,2437.69,2406.6,2432.2,9218.0320862,0.0079005459181156
2026-02-01 10:00:00,2432.26,2438.95,2376.38,2381.32,13646.1218524,-0.021141241778492068
2026-02-01 11:00:00,2380.99,2423.61,2380.99,2411.94,10034.56215267,0.012776447147375239
2026-02-01 12:00:00,2411.95,2412.48,2382.05,2395.82,9189.20086,-0.006705850711163026
2026-02-01 13:00:00,2395.83,2410.56,2370.01,2381.18,9659.089837,-0.006129389087147792
2026-02-01 14:00:00,2380.99,2389.47,2327.43,2373.03,24489.0700845,-0.0034285435365882517
2026-02-01 15:00:00,2373.07,2373.12,2286.73,2315.68,27681.2626747,-0.024464238691588654
2026-02-01 16:00:00,2315.92,2333.39,2284.76,2304.16,21854.3821743,-0.004987196040221928
2026-02-01 17:00:00,2304.37,2321.89,2297.2,2314.59,15952.180914,0.004516381154638855
2026-02-01 18:00:00,2314.59,2378.14,2313.69,2351.12,20846.3999572,0.015659244343494565
2026-02-01 19:00:00,2350.78,2357.32,2306.87,2320.6,14989.8854371,-0.0130660374337608
2026-02-01 20:00:00,2320.6,2349.9,2298.96,2316.38,19890.20617153,-0.0018201506864611997
2026-02-01 21:00:00,2316.18,2319.37,2279.37,2290.5,19111.9067098,-0.011235487900187033
2026-02-01 22:00:00,2290.66,2334.74,2287.38,2319.18,18044.9332816,0.0124435405801326
2026-02-01 23:00:00,2319.18,2321.49,2220.81,2270.36,34270.8162341,-0.021275265697224623
2026-02-02 00:00:00,2270.36,2324.11,2242.63,2293.18,28124.0444903,0.01000109134919789
2026-02-02 01:00:00,2293.18,2319.07,2250.28,2291.42,24754.8110254,-0.0007677878490858457
2026-02-02 02:00:00,2291.28,2300.49,2259.57,2262.32,16698.3905494,-0.012780877311691807
2026-02-02 03:00:00,2262.35,2267.57,2166.14,2239.17,36802.2090192,-0.010285573928645566
2026-02-02 04:00:00,2239.27,2268.21,2207.8,2240.65,22317.5916146,0.0006607408573757636
2026-02-02 05:00:00,2240.63,2242.98,2185.1,2198.33,25737.4026796,-0.019068021144927144
2026-02-02 06:00:00,2197.7,2254.8,2157.86,2227.48,37771.0097058,0.013172920447082213
2026-02-02 07:00:00,2227.47,2253.0,2217.74,2228.97,25968.9261546,0.0006686937160838684
2026-02-02 08:00:00,2228.95,2258.94,2228.95,2249.35,18414.1676803,0.00910169022804919
2026-02-02 09:00:00,2249.35,2318.37,2238.25,2291.53,22440.120353,0.01857843115156391
2026-02-02 10:00:00,2291.63,2299.72,2273.84,2278.13,11665.2871754,-0.005864785742712968
2026-02-02 11:00:00,2278.13,2298.53,2274.08,2282.56,11966.0004807,0.0019426891076788774
2026-02-02 12:00:00,2282.56,2318.16,2282.22,2311.7,15414.8470449,0.012685564497857921
2026-02-02 13:00:00,2311.68,2336.22,2302.45,2327.99,14659.8940949,0.007022049721925457
2026-02-02 14:00:00,2327.9,2368.22,2298.87,2328.84,33687.4551283,0.00036505520254755596
2026-02-02 15:00:00,2328.91,2396.33,2320.13,2372.68,30049.2262257,0.01864982843028957
2026-02-02 16:00:00,2372.67,2387.19,2350.71,2358.81,16601.514501,-0.0058628633811460724
2026-02-02 17:00:00,2358.81,2381.62,2346.05,2356.7,12696.0627904,-0.0008949191670981698
2026-02-02 18:00:00,2356.36,2359.66,2333.5,2345.09,9953.6769321,-0.0049385547192281245
2026-02-02 19:00:00,2345.08,2350.69,2327.81,2331.84,9005.2016417,-0.005666125192903832
2026-02-02 20:00:00,2331.46,2340.71,2313.25,2321.93,13606.0885227,-0.004258919103988605
2026-02-02 21:00:00,2321.93,2345.14,2319.32,2342.0,8433.2583747,0.0086065287797339
2026-02-02 22:00:00,2342.0,2355.02,2336.01,2351.28,5189.49232,0.0039545955468340685
2026-02-02 23:00:00,2351.3,2355.3,2340.0,2346.75,6673.1258204,-0.0019284684873954057
2026-02-03 00:00:00,2346.81,2355.7,2325.44,2354.02,9414.3882405,0.00309311274374894
2026-02-03 01:00:00,2354.02,2359.71,2337.94,2354.64,10636.0452757,0.00026334456239483274
2026-02-03 02:00:00,2354.65,2354.92,2297.21,2298.68,12640.0872729,-0.024052804400611243
2026-02-03 03:00:00,2298.67,2345.18,2284.1,2344.13,13916.3731768,0.0195792857872322
2026-02-03 04:00:00,2343.89,2354.99,2333.41,2345.74,9335.6568482,0.0006865862223242847
2026-02-03 05:00:00,2345.74,2345.84,2315.19,2316.41,9286.7899452,-0.012582343746185477
2026-02-03 06:00:00,2316.41,2328.46,2298.66,2320.55,8561.1451593,0.0017856531434615405
2026-02-03 07:00:00,2320.42,2333.48,2312.93,2323.06,10263.8770456,0.0010810555772120692
2026-02-03 08:00:00,2323.15,2332.58,2309.41,2316.02,9518.8016008,-0.003035086872495065
2026-02-03 09:00:00,2316.02,2318.94,2262.7,2292.06,15492.8026719,-0.010399218731720016
2026-02-03 10:00:00,2292.12,2299.7,2276.72,2281.84,12389.0572375,-0.0044688414736836395
2026-02-03 11:00:00,2281.86,2289.98,2270.58,2276.67,10570.72552288,-0.002268286004282003
2026-02-03 12:00:00,2276.7,2305.76,2272.36,2301.39,10847.8501506,0.010799439174226105
2026-02-03 13:00:00,2301.38,2317.33,2296.4,2312.33,10336.9269532,0.004742385972092166
2026-02-03 14:00:00,2312.34,2317.0,2255.09,2257.22,19251.4626709,-0.024121706579909037
2026-02-03 15:00:00,2257.01,2313.45,2251.79,2303.15,26182.5074699,0.020143783544706396
2026-02-03 16:00:00,2303.16,2303.62,2235.64,2240.94,27771.6860569,-0.027382330454823335
2026-02-03 17:00:00,2241.01,2244.69,2194.27,2195.15,30498.88714317,-0.02064503937655289
2026-02-03 18:00:00,2195.32,2207.19,2108.47,2120.6,34721.75396977,-0.03455131381253921
2026-02-03 19:00:00,2120.66,2218.64,2112.15,2205.6,33219.6319639,0.03930051321788907
2026-02-03 20:00:00,2205.39,2344.51,2188.2,2299.99,30507.2916761,0.041905194372115276
2026-02-03 21:00:00,2299.63,2338.64,2279.55,2283.65,14406.7666932,-0.007129734978186467
2026-02-03 22:00:00,2283.9,2286.22,2228.21,2236.67,15209.22606806,-0.02078688749404266
2026-02-03 23:00:00,2236.07,2248.78,2212.59,2233.99,15948.0473793,-0.0011989282660842821
2026-02-04 00:00:00,2233.86,2256.71,2223.97,2241.17,11570.79220949,0.003208826571912089
2026-02-04 01:00:00,2241.17,2281.83,2241.17,2268.74,13853.5469949,0.012226560374647234
2026-02-04 02:00:00,2268.67,2276.54,2242.6,2252.0,11272.4527142,-0.007405901030367231
2026-02-04 03:00:00,2252.07,2296.14,2249.17,2283.37,13278.1917146,0.013833711593806291
2026-02-04 04:00:00,2283.37,2290.24,2270.38,2273.83,6625.5459201,-0.004186787472878677
2026-02-04 05:00:00,2273.83,2280.37,2256.11,2264.72,9559.4108501,-0.004014503414045185
2026-02-04 06:00:00,2265.29,2284.39,2258.32,2277.7,9725.2324122,0.005715030899353733
2026-02-04 07:00:00,2277.69,2293.65,2263.66,2283.86,8596.6031408,0.002700832059429873
2026-02-04 08:00:00,2283.87,2286.35,2266.67,2279.95,8992.9141277,-0.001713481041784197
2026-02-04 09:00:00,2279.58,2279.68,2251.57,2260.64,9178.02529216,-0.008505553865965168
2026-02-04 10:00:00,2260.64,2264.2,2250.57,2260.81,8533.4221409,7.519711600479237e-05
2026-02-04 11:00:00,2260.81,2268.61,2226.35,2254.72,14653.9496958,-0.0026973594206844555
2026-02-04 12:00:00,2255.03,2263.03,2231.77,2244.13,13525.7405722,-0.004707878484425262
2026-02-04 13:00:00,2244.07,2245.92,2197.29,2198.59,19301.9402776,-0.020501672442922485
2026-02-04 14:00:00,2198.59,2226.5,2169.18,2171.83,28927.5345994,-0.012246115671424068
2026-02-04 15:00:00,2171.89,2197.4,2136.71,2151.5,30980.9091263,-0.00940485683539191
2026-02-04 16:00:00,2152.02,2161.26,2105.75,2135.24,27295.4728681,-0.007586220755718923
2026-02-04 17:00:00,2135.16,2155.0,2093.28,2126.15,30888.2661693,-0.004266220077005658
2026-02-04 18:00:00,2126.23,2186.56,2076.74,2148.15,32786.0703876,0.010294174146891518
2026-02-04 19:00:00,2148.15,2210.93,2132.86,2188.16,21979.5288925,0.01845400141806033
2026-02-04 20:00:00,2188.26,2192.73,2161.91,2171.98,18154.8103073,-0.007421814102581189
2026-02-04 21:00:00,2171.98,2180.6,2108.36,2129.56,19737.3504825,-0.019723808313876153
2026-02-04 22:00:00,2129.57,2174.4,2088.04,2120.11,6125.8059449,-0.004447411481986309
2026-02-04 23:00:00,2120.13,2165.62,2115.47,2148.16,3288.5837887,0.013143687637948612
2026-02-05 00:00:00,2147.87,2164.19,2136.79,2149.77,1703.2037475,0.000749197904715728
2026-02-05 01:00:00,2150.02,2173.77,2123.21,2148.22,3150.18757359,-0.0007212674143942122
2026-02-05 02:00:00,2148.24,2163.68,2113.2,2124.33,5093.224289,-0.011183133715478714
2026-02-05 03:00:00,2124.34,2136.5,2098.88,2109.97,3999.4278375,-0.006782729165672979
2026-02-05 04:00:00,2109.96,2125.38,2077.4,2104.15,7101.9552043,-0.00276214426749983
2026-02-05 05:00:00,2103.99,2124.34,2077.75,2101.44,7097.6480373,-0.0012887610894489728
2026-02-05 06:00:00,2101.91,2107.58,2068.1,2087.85,5809.1460102,-0.00648799566108861
2026-02-05 07:00:00,2087.66,2124.14,2085.73,2091.66,3854.1693611,0.0018231807342802876
2026-02-05 08:00:00,2091.7,2121.3,2091.7,2111.74,3252.1365012,0.00955424311157337
2026-02-05 09:00:00,2111.84,2149.75,2111.22,2134.11,3111.47416346,0.010537445737608895
2026-02-05 10:00:00,2133.62,2140.4,2086.71,2097.75,4147.0845471,-0.01718435617480291
2026-02-05 11:00:00,2097.79,2105.3,2062.32,2079.85,5550.3425524,-0.008569566039869945
2026-02-05 12:00:00,2079.72,2092.77,2043.0,2063.78,6987.1267605,-0.007756522937169117
2026-02-05 13:00:00,2063.92,2082.3,2048.71,2058.55,4442.6185773,-0.002537401326954135
2026-02-05 14:00:00,2058.87,2106.34,2042.32,2046.55,5648.7057135,-0.005846402855183563
2026-02-05 15:00:00,2046.51,2053.99,1927.41,1961.14,15819.529416,-0.04262951179608983
2026-02-05 16:00:00,1961.15,2018.23,1944.65,1998.72,7828.29341536,0.01898103885974704
2026-02-05 17:00:00,1998.81,2001.9,1943.0,1954.97,6535.72541214,-0.02213212762147497
2026-02-05 18:00:00,1955.03,1969.35,1913.8,1950.2,11623.7440063,-0.002442916632165484
2026-02-05 19:00:00,1950.24,1953.11,1917.85,1928.69,8022.8238404,-0.011090915438238404
2026-02-05 20:00:00,1928.93,1942.94,1825.13,1870.45,21615.19232184,-0.030661972352490248
2026-02-05 21:00:00,1870.08,1912.41,1840.14,1850.48,14838.4363792,-0.0107339787322444
2026-02-05 22:00:00,1850.71,1890.27,1817.15,1870.69,30923.1586261,0.010862281869966786
2026-02-05 23:00:00,1870.7,1907.66,1820.4,1826.59,34132.0836035,-0.02385650615777929
2026-02-06 00:00:00,1826.77,1893.77,1746.08,1871.01,54906.4931937,0.02402755140500927
2026-02-06 01:00:00,1871.17,1940.5,1870.72,1932.66,36951.5858402,0.03241890034696668
2026-02-06 02:00:00,1932.47,1948.68,1891.65,1907.72,28439.305093,-0.012988480626997818
2026-02-06 03:00:00,1907.72,1918.65,1879.7,1891.64,24378.3286427,-0.008464634049379381
2026-02-06 04:00:00,1892.03,1917.99,1886.17,1909.25,17228.5810981,0.00926631710266171
2026-02-06 05:00:00,1908.92,1975.47,1906.82,1958.6,19190.8034727,0.025519437518200527
2026-02-06 06:00:00,1958.72,1967.26,1907.14,1908.38,21626.3693699,-0.025975217682889472
2026-02-06 07:00:00,1908.57,1915.36,1887.52,1899.72,18615.9995487,-0.00454820773011801
2026-02-06 08:00:00,1899.73,1907.55,1866.56,1874.62,26424.1460428,-0.013300534675506162
2026-02-06 09:00:00,1874.61,1929.3,1871.47,1919.08,21393.7402429,0.02343993231994737
2026-02-06 10:00:00,1919.08,1936.09,1910.1,1927.1,14716.6100582,0.004170377685747027
2026-02-06 11:00:00,1926.67,1950.0,1920.06,1933.18,12703.0515133,0.0031500331724669045
2026-02-06 12:00:00,1932.52,1932.52,1915.18,1921.07,11346.53812688,-0.0062839929171793815
2026-02-06 13:00:00,1921.08,1962.74,1919.37,1950.13,16113.5203743,0.015013714543173384
2026-02-06 14:00:00,1950.29,2002.89,1933.6,1978.62,29902.1130681,0.014503594992982165
2026-02-06 15:00:00,1978.94,1997.6,1961.22,1980.85,25124.9747996,0.0011264135027096453
2026-02-06 16:00:00,1980.64,2047.45,1971.2,2036.15,29633.60100358,0.027534724328933648
2026-02-06 17:00:00,2036.63,2090.45,2028.01,2067.25,30409.04539152,0.015158451775314994
2026-02-06 18:00:00,2067.44,2070.48,2030.4,2044.98,29098.2057915,-0.01083121212429822
2026-02-06 19:00:00,2044.98,2072.32,2033.43,2066.33,23676.9726737,0.010386077391117176
2026-02-06 20:00:00,2065.7,2067.5,2062.57,2066.92,1404.6237653,0.00028548962874617935
