timestamp,open,high,low,close,volume,returns
2025-12-06 14:00:00,132.95,133.99,132.84,133.72,12640.682,0.005774943862869155
2025-12-06 15:00:00,133.73,133.79,132.23,132.87,13991.908,-0.006376854948681326
2025-12-06 16:00:00,132.88,133.53,132.8,133.09,9939.252,0.0016543844952481312
2025-12-06 17:00:00,133.09,133.38,132.69,132.96,7306.335,-0.0009772599913266547
2025-12-06 18:00:00,132.97,133.18,132.62,132.81,5787.334,-0.0011287956949787284
2025-12-06 19:00:00,132.81,132.97,131.79,132.07,12017.449,-0.005587450356446435
2025-12-06 20:00:00,132.08,132.61,132.06,132.5,6938.407,0.0032505603705639684
2025-12-06 21:00:00,132.49,132.92,132.24,132.42,6771.537,-0.0006039559295769153
2025-12-06 22:00:00,132.41,132.62,131.8,132.14,6491.34,-0.002116722894960377
2025-12-06 23:00:00,132.16,132.34,131.32,132.2,10274.74737614,0.00045396081584625134
2025-12-07 00:00:00,132.2,132.7,131.94,132.38,6662.148,0.0013606472731908378
2025-12-07 01:00:00,132.38,132.78,132.28,132.3,5683.763,-0.0006045035698665836
2025-12-07 02:00:00,132.31,133.44,132.29,133.26,6279.443,0.007230036013480892
2025-12-07 03:00:00,133.27,133.57,133.01,133.5,3506.005,0.001799370705913268
2025-12-07 04:00:00,133.5,133.53,132.86,133.01,4658.313,-0.0036771644750994794
2025-12-07 05:00:00,133.02,133.23,132.68,132.82,4837.583,-0.001429485252637168
2025-12-07 06:00:00,132.83,133.21,132.75,133.07,3874.136,0.0018804774430834228
2025-12-07 07:00:00,133.07,133.12,131.92,132.11,6036.146,-0.007240396665388269
2025-12-07 08:00:00,132.1,132.57,131.69,131.92,6392.239,-0.0014392306389194337
2025-12-07 09:00:00,131.91,132.09,131.54,131.87,7597.513,-0.00037908943173563687
2025-12-07 10:00:00,131.88,132.53,131.71,132.27,7502.504,0.0030286992183482047
2025-12-07 11:00:00,132.27,132.5,132.15,132.43,5689.801,0.0012089159009170084
2025-12-07 12:00:00,132.43,133.07,132.37,132.9,5248.285,0.003542761780326667
2025-12-07 13:00:00,132.92,133.0,131.53,131.73,9278.378,-0.008842592477464035
2025-12-07 14:00:00,131.73,131.83,127.74,128.17,42136.00594551,-0.02739686550000319
2025-12-07 15:00:00,128.16,132.23,128.06,132.04,30728.984,0.029747399243259677
2025-12-07 16:00:00,132.03,132.03,130.5,131.97,22895.965,-0.0005302829562541554
2025-12-07 17:00:00,131.97,135.55,131.31,134.83,26966.13,0.021440101617245143
2025-12-07 18:00:00,134.83,136.27,134.83,136.06,17320.466,0.009081239270931341
2025-12-07 19:00:00,136.06,136.17,135.22,135.72,12731.47357851,-0.0025020250008853913
2025-12-07 20:00:00,135.73,136.36,135.65,136.21,6933.2049905,0.0036038725432209237
2025-12-07 21:00:00,136.19,136.19,132.49,133.1,19167.743,-0.023097087058184376
2025-12-07 22:00:00,133.1,133.1,129.81,131.3,25799.21299522,-0.013615944092315308
2025-12-07 23:00:00,131.25,132.39,130.59,132.26,10608.659,0.007284900937765581
2025-12-08 00:00:00,132.26,132.74,131.56,131.61,10303.483,-0.00492667840028383
2025-12-08 01:00:00,131.62,134.46,131.54,133.36,11956.01496613,0.013209234596306234
2025-12-08 02:00:00,133.37,134.19,133.14,134.04,8794.163,0.0050860244265708175
2025-12-08 03:00:00,134.04,134.7,133.78,134.29,7257.558,0.0018633777239742974
2025-12-08 04:00:00,134.32,135.2,134.08,135.05,7320.755,0.005643439645540911
2025-12-08 05:00:00,135.05,135.43,134.6,135.19,7366.71,0.001036116137689209
2025-12-08 06:00:00,135.2,136.0,134.71,135.73,9029.224,0.0039864219335596284
2025-12-08 07:00:00,135.73,135.98,134.92,135.85,12782.915,0.0008837175624829448
2025-12-08 08:00:00,135.85,136.96,135.66,136.73,11389.922,0.006456842448633426
2025-12-08 09:00:00,136.71,138.88,136.68,138.14,19180.441,0.010259485339836456
2025-12-08 10:00:00,138.14,139.34,138.05,138.76,13060.301,0.0044781584407221214
2025-12-08 11:00:00,138.76,139.13,138.15,138.36,13921.058,-0.0028868380325807997
2025-12-08 12:00:00,138.39,138.57,137.26,137.83,19322.351,-0.003837942362620476
2025-12-08 13:00:00,137.87,139.3,137.56,138.11,22248.958,0.002029427383489824
2025-12-08 14:00:00,138.14,138.97,136.92,137.19,30942.943,-0.006683642751763849
2025-12-08 15:00:00,137.2,137.57,135.25,135.55,29499.704,-0.012026250393398823
2025-12-08 16:00:00,135.55,136.52,134.89,135.58,17439.42327943,0.00022129605814506141
2025-12-08 17:00:00,135.6,136.28,134.78,135.82,15453.444,0.001768607682825631
2025-12-08 18:00:00,135.83,136.24,133.02,133.63,17763.691,-0.016255692892675807
2025-12-08 19:00:00,133.6,134.67,133.49,133.67,15092.974,0.0002992891904120206
2025-12-08 20:00:00,133.66,135.09,133.45,134.08,17261.96866605,0.003062560750391396
2025-12-08 21:00:00,134.09,134.58,133.25,134.48,15810.654,0.0029788523665871813
2025-12-08 22:00:00,134.48,134.55,133.39,133.59,7928.642,-0.006640081098639322
2025-12-08 23:00:00,133.58,133.79,132.45,133.25,10021.78,-0.0025483449557668074
2025-12-09 00:00:00,133.25,133.59,132.59,133.03,11177.064,-0.0016523963501395532
2025-12-09 01:00:00,133.04,133.32,132.64,133.13,13671.598,0.0007514277480115039
2025-12-09 02:00:00,133.12,133.63,132.76,132.77,10819.72901486,-0.002707786536015062
2025-12-09 03:00:00,132.79,134.4,132.5,134.14,16187.096,0.010265722763780247
2025-12-09 04:00:00,134.17,134.26,132.35,132.66,12688.289,-0.01109456657418116
2025-12-09 05:00:00,132.65,133.0,131.8,132.1,14907.28,-0.004230252569130274
2025-12-09 06:00:00,132.11,132.78,131.99,132.62,10116.7467938,0.003928684412442042
2025-12-09 07:00:00,132.62,133.28,132.38,133.18,8582.581,0.0042137007417547
2025-12-09 08:00:00,133.2,133.42,132.67,133.13,9029.752,-0.0003755022386505795
2025-12-09 09:00:00,133.14,133.14,132.33,132.35,8528.929,-0.005876165770715558
2025-12-09 10:00:00,132.36,132.89,132.02,132.74,9452.333,0.0029423990446688112
2025-12-09 11:00:00,132.75,133.02,132.48,132.95,7684.243,0.0015807899712496506
2025-12-09 12:00:00,132.95,133.57,132.74,133.11,9139.555,0.0012027363698990843
2025-12-09 13:00:00,133.12,133.29,132.01,132.4,11120.72362425,-0.005348210556020054
2025-12-09 14:00:00,132.43,132.83,131.63,132.53,15949.975,0.0009813913896795949
2025-12-09 15:00:00,132.52,138.49,132.4,138.46,42684.14029298,0.04377244035729201
2025-12-09 16:00:00,138.48,144.61,138.48,143.68,39061.95935755,0.0370071293040101
2025-12-09 17:00:00,143.67,144.9,142.49,143.09,33699.85093145,-0.004114801635245912
2025-12-09 18:00:00,143.16,143.26,141.65,142.44,16596.74297093,-0.004552944509066659
2025-12-09 19:00:00,142.47,142.83,141.7,142.09,9550.207,-0.0024601987595930606
2025-12-09 20:00:00,142.09,142.31,139.67,140.14,16519.88699342,-0.013818736707596238
2025-12-09 21:00:00,140.16,140.48,136.73,137.78,15548.47315725,-0.0169837127773379
2025-12-09 22:00:00,137.75,139.44,137.46,138.78,17141.084,0.007231735306352916
2025-12-09 23:00:00,138.77,138.79,137.69,137.87,14030.733,-0.0065787332878651196
2025-12-10 00:00:00,137.86,138.3,137.2,137.27,15057.53379767,-0.004361422919969326
2025-12-10 01:00:00,137.28,138.45,137.21,137.88,14135.499,0.004433952385096207
2025-12-10 02:00:00,137.86,138.12,137.22,137.75,10753.58999518,-0.0009432936156407753
2025-12-10 03:00:00,137.74,138.6,137.56,138.18,8293.717,0.0031167350276250796
2025-12-10 04:00:00,138.16,140.23,138.06,139.04,14379.625,0.00620447845643308
2025-12-10 05:00:00,139.04,139.59,138.66,139.15,10864.98891217,0.0007908264548179927
2025-12-10 06:00:00,139.17,139.43,138.73,139.23,7165.98597175,0.0005747539492942465
2025-12-10 07:00:00,139.23,139.23,138.38,139.17,12755.87399603,-0.00043103448943213675
2025-12-10 08:00:00,139.18,139.43,138.44,138.51,10225.748,-0.004753682244754769
2025-12-10 09:00:00,138.52,139.1,138.16,139.0,12299.601,0.0035314079436845106
2025-12-10 10:00:00,138.94,139.84,136.83,136.97,24606.92306164,-0.014712009383961971
2025-12-10 11:00:00,136.96,137.51,136.33,137.21,15616.445,0.0017506751863539608
2025-12-10 12:00:00,137.21,138.15,136.82,137.9,12322.836,0.005016185866172372
2025-12-10 13:00:00,137.87,138.16,137.48,137.7,10815.506,-0.0014513790646470974
2025-12-10 14:00:00,137.69,137.73,136.52,137.23,20175.031,-0.0034190554530673504
2025-12-10 15:00:00,137.13,137.65,135.71,136.16,22494.09,-0.007827685456477714
2025-12-10 16:00:00,136.18,137.44,135.75,136.11,23196.005,-0.0003672824810816082
2025-12-10 17:00:00,136.14,137.18,135.92,136.83,18021.366,0.005275897047736624
2025-12-10 18:00:00,136.83,139.5,136.44,137.76,28059.007,0.006773761287701647
2025-12-10 19:00:00,137.74,139.66,136.19,138.68,53337.82369914,0.006656080137402124
2025-12-10 20:00:00,138.68,142.58,137.45,138.33,49605.0702094,-0.0025269859300987643
2025-12-10 21:00:00,138.33,138.87,136.81,137.14,21153.351,-0.008639833030505712
2025-12-10 22:00:00,137.16,137.82,135.41,137.61,15350.828,0.0034212954209722007
2025-12-10 23:00:00,137.6,137.81,136.14,136.27,10036.68,-0.009785385515460938
2025-12-11 00:00:00,136.27,136.42,133.44,133.88,19204.18093271,-0.017694335418603692
2025-12-11 01:00:00,133.86,134.18,132.67,132.89,20275.265,-0.00742215799970959
2025-12-11 02:00:00,132.88,132.92,130.54,130.79,26137.99999957,-0.015928734842355356
2025-12-11 03:00:00,130.8,130.8,129.01,129.39,21126.705,-0.010761884173199544
2025-12-11 04:00:00,129.39,131.51,129.06,131.06,12035.876,0.012824134283489566
2025-12-11 05:00:00,131.05,131.27,130.49,131.19,8530.728,0.0009914204815880158
2025-12-11 06:00:00,131.19,131.43,130.39,131.05,5968.764,-0.001067724323523514
2025-12-11 07:00:00,131.06,131.36,130.68,131.04,6077.82681197,-7.630966465624861e-05
2025-12-11 08:00:00,131.05,131.13,130.18,131.11,10701.65826325,0.0005340454065513769
2025-12-11 09:00:00,131.11,131.43,130.85,130.94,9856.679,-0.0012974624983652066
2025-12-11 10:00:00,130.95,131.09,130.52,130.84,5908.307,-0.0007640003427621464
2025-12-11 11:00:00,130.83,131.23,130.78,130.92,5249.442,0.0006112469627965657
2025-12-11 12:00:00,130.93,131.86,130.73,131.24,9766.2451828,0.0024412584599212534
2025-12-11 13:00:00,131.25,131.5,130.9,131.3,10430.72699587,0.00045707321584973913
2025-12-11 14:00:00,131.31,131.5,129.87,130.66,19710.04,-0.004886251896146359
2025-12-11 15:00:00,130.64,132.79,130.33,131.21,21158.738,0.004200563705020164
2025-12-11 16:00:00,131.17,132.0,130.14,131.33,17000.561,0.0009141464794442001
2025-12-11 17:00:00,131.32,132.56,130.82,132.35,16904.698,0.007736689076041701
2025-12-11 18:00:00,132.35,135.57,132.01,134.47,28892.329,0.015891197162668288
2025-12-11 19:00:00,134.47,135.48,133.62,133.93,18896.065,-0.004023850436747777
2025-12-11 20:00:00,133.91,136.96,133.83,136.05,15055.548,0.015705189830224564
2025-12-11 21:00:00,136.13,137.78,136.1,137.01,24342.55699421,0.007031450635761825
2025-12-11 22:00:00,137.03,137.48,135.85,136.18,14687.07570249,-0.006076375810196618
2025-12-11 23:00:00,136.18,136.75,135.66,136.41,9417.53399628,0.0016875164502081206
2025-12-12 00:00:00,136.41,137.47,135.33,135.5,12777.731,-0.006693416185273264
2025-12-12 01:00:00,135.52,137.24,135.52,136.74,11836.484,0.009109672165892441
2025-12-12 02:00:00,136.74,137.94,136.53,137.2,10215.767,0.0033584028061367068
2025-12-12 03:00:00,137.22,137.45,136.58,137.08,7513.65599137,-0.0008750182853766193
2025-12-12 04:00:00,137.08,137.19,136.78,137.04,6755.005,-0.0002918429905437683
2025-12-12 05:00:00,137.05,138.93,136.57,138.9,11254.781,0.013481395744433645
2025-12-12 06:00:00,138.9,140.11,138.71,139.11,15700.997,0.0015107373111810252
2025-12-12 07:00:00,139.12,139.41,138.8,139.1,7681.982,-7.188814208205539e-05
2025-12-12 08:00:00,139.09,139.14,137.57,137.93,11932.505,-0.0084467888419686
2025-12-12 09:00:00,137.92,138.47,137.22,138.25,8527.053,0.002317330315015724
2025-12-12 10:00:00,138.24,138.56,137.94,138.35,7422.192,0.0007230658304907043
2025-12-12 11:00:00,138.36,138.76,137.86,138.71,8420.604,0.0025987165422640198
2025-12-12 12:00:00,138.71,139.84,138.35,139.64,12975.77299912,0.006682259461636446
2025-12-12 13:00:00,139.63,139.64,138.73,138.96,9114.432,-0.004881560303985628
2025-12-12 14:00:00,138.99,139.59,138.1,138.5,17514.992,-0.003315796305456403
2025-12-12 15:00:00,138.47,138.52,132.84,133.48,42477.103,-0.03691867174421996
2025-12-12 16:00:00,133.47,133.93,131.54,132.18,26063.8624328,-0.00978702384086633
2025-12-12 17:00:00,132.19,133.62,131.38,132.14,20184.06427808,-0.0003026634405673046
2025-12-12 18:00:00,132.16,133.28,131.48,132.75,19343.613,0.004605693520308601
2025-12-12 19:00:00,132.75,132.84,130.36,131.28,17653.024,-0.011135213340212731
2025-12-12 20:00:00,131.28,131.92,131.02,131.59,10240.69,0.002358581380213851
2025-12-12 21:00:00,131.56,132.07,131.27,131.86,7226.589,0.002049725523104507
2025-12-12 22:00:00,131.85,132.85,131.81,132.74,7225.70799915,0.006651574032625187
2025-12-12 23:00:00,132.75,133.04,132.2,132.25,5274.24955451,-0.003698256979370164
2025-12-13 00:00:00,132.28,132.74,132.28,132.62,4013.648,0.0027938252023128993
2025-12-13 01:00:00,132.62,132.98,132.39,132.66,6455.833,0.00030156815668828094
2025-12-13 02:00:00,132.67,133.0,132.57,132.62,4097.659,-0.00030156815668825086
2025-12-13 03:00:00,132.63,132.99,132.54,132.88,2457.905,0.0019585693643178878
2025-12-13 04:00:00,132.88,132.91,132.58,132.87,3332.98194961,-7.525870182288306e-05
2025-12-13 05:00:00,132.86,132.97,132.32,132.68,2699.752,-0.0014309925243648771
2025-12-13 06:00:00,132.68,132.95,132.4,132.86,3043.431,0.0013557281582435938
2025-12-13 07:00:00,132.87,133.01,132.8,132.92,3310.323,0.00045150124929828654
2025-12-13 08:00:00,132.94,134.25,132.94,134.01,12955.904,0.008166980545743418
2025-12-13 09:00:00,134.02,134.28,133.54,133.59,6363.44466609,-0.0031390160304161875
2025-12-13 10:00:00,133.6,134.26,133.49,133.95,6379.559,0.002691187988897007
2025-12-13 11:00:00,133.95,134.05,133.21,133.29,5242.32636121,-0.004939390374690961
2025-12-13 12:00:00,133.3,133.67,132.63,132.95,5874.138,-0.0025540879268980405
2025-12-13 13:00:00,132.96,133.36,132.65,133.13,6817.598,0.0013529767547970013
2025-12-13 14:00:00,133.13,133.42,132.64,133.18,7793.109,0.00037550223865048744
2025-12-13 15:00:00,133.19,133.66,133.11,133.31,6981.581,0.0009756464431091766
2025-12-13 16:00:00,133.31,133.8,132.89,133.19,6689.40680773,-0.0009005629126464316
2025-12-13 17:00:00,133.19,133.2,132.16,132.21,10280.01,-0.007385112690933741
2025-12-13 18:00:00,132.22,132.8,132.14,132.33,7029.047,0.0009072352629528661
2025-12-13 19:00:00,132.32,132.95,132.3,132.72,5242.48899856,0.0029428430972308047
2025-12-13 20:00:00,132.73,132.97,132.24,132.3,5752.362,-0.003169574761278956
2025-12-13 21:00:00,132.3,132.72,131.63,132.7,6228.212,0.00301887021725173
2025-12-13 22:00:00,132.7,133.06,132.21,132.83,5810.789,0.0009791738062503146
2025-12-13 23:00:00,132.84,133.26,132.6,133.14,4627.472,0.002331091028145418
2025-12-14 00:00:00,133.15,133.65,132.72,133.28,6561.499,0.0010509722459752233
2025-12-14 01:00:00,133.27,133.56,133.02,133.33,3894.453,0.00037507970883471586
2025-12-14 02:00:00,133.32,133.52,133.1,133.32,2922.705,-7.500468782832754e-05
2025-12-14 03:00:00,133.37,133.45,132.85,132.96,2510.564,-0.002703922332400747
2025-12-14 04:00:00,132.96,133.19,132.43,132.5,3962.959,-0.003465685680861174
2025-12-14 05:00:00,132.5,132.68,132.11,132.67,3658.675,0.001282196502548461
2025-12-14 06:00:00,132.66,133.03,132.47,132.9,3734.68,0.0017321237903744166
2025-12-14 07:00:00,132.93,133.37,132.83,133.24,3652.476,0.002555047606279353
2025-12-14 08:00:00,133.26,133.48,132.68,132.7,4100.823,-0.004061071987317273
2025-12-14 09:00:00,132.68,132.79,132.29,132.33,5823.917,-0.002792138553203563
2025-12-14 10:00:00,132.33,132.59,130.99,131.79,19571.596,-0.004089056129160266
2025-12-14 11:00:00,131.8,131.96,130.16,131.47,15607.89293075,-0.0024310579472849024
2025-12-14 12:00:00,131.47,131.89,130.88,131.4,13054.38096879,-0.0005325826580026954
2025-12-14 13:00:00,131.38,131.65,130.95,131.65,8856.461,0.0019007798918083407
2025-12-14 14:00:00,131.64,131.8,130.42,130.88,10590.13099797,-0.005866013087881617
2025-12-14 15:00:00,130.89,131.06,130.33,130.68,11649.693,-0.00152928612156747
2025-12-14 16:00:00,130.68,131.59,130.53,131.02,12812.537,0.0025983965708609733
2025-12-14 17:00:00,131.02,131.22,129.43,130.04,17782.29,-0.007507887868025828
2025-12-14 18:00:00,130.04,130.72,129.9,130.65,8383.058,0.004679896530916958
2025-12-14 19:00:00,130.65,130.65,130.02,130.33,8160.571,-0.0024522964239930417
2025-12-14 20:00:00,130.32,130.71,129.89,130.06,11254.539,-0.002073813101622696
2025-12-14 21:00:00,130.05,130.31,129.58,129.88,6782.795,-0.001384935206360647
2025-12-14 22:00:00,129.9,130.29,129.59,130.19,7122.48890194,0.002383974674660606
2025-12-14 23:00:00,130.2,130.79,127.95,129.36,17511.09489204,-0.006395706640454138
2025-12-15 00:00:00,129.39,130.37,129.3,130.15,15542.805,0.00608841617172282
2025-12-15 01:00:00,130.15,131.58,129.84,131.16,17130.377,0.007730320535872992
2025-12-15 02:00:00,131.19,133.23,131.18,131.55,23271.43596879,0.0029690555098543835
2025-12-15 03:00:00,131.54,131.67,130.96,131.17,13529.886,-0.0028928156592475662
2025-12-15 04:00:00,131.17,132.0,130.9,131.81,9178.965,0.004867299897320126
2025-12-15 05:00:00,131.82,132.14,131.68,131.97,8642.203,0.0012131323043637818
2025-12-15 06:00:00,131.98,132.69,131.71,132.39,7834.14080796,0.0031774879208274244
2025-12-15 07:00:00,132.41,132.64,131.82,132.34,8099.784,-0.0003777433656519914
2025-12-15 08:00:00,132.34,132.72,132.15,132.39,7228.355,0.00037774336565199695
2025-12-15 09:00:00,132.39,133.01,132.16,132.74,7001.719,0.0026402157682136372
2025-12-15 10:00:00,132.74,133.03,132.33,132.63,5528.226,-0.0008290312115174697
2025-12-15 11:00:00,132.63,132.83,132.05,132.25,6260.813,-0.0028692257678527675
2025-12-15 12:00:00,132.26,133.13,131.8,132.76,10824.00635125,0.0038489161133649953
2025-12-15 13:00:00,132.76,133.27,131.74,132.66,16701.663,-0.0007535227543639346
2025-12-15 14:00:00,132.67,135.41,129.58,130.47,31378.824,-0.016646148819753185
2025-12-15 15:00:00,130.48,130.58,126.45,126.89,44817.271,-0.02782274586883349
2025-12-15 16:00:00,126.9,127.28,125.59,126.5,24966.40293244,-0.0030782612412482437
2025-12-15 17:00:00,126.5,126.77,124.55,124.95,25992.083,-0.012328650886613465
2025-12-15 18:00:00,124.94,125.28,123.64,124.89,24540.68,-0.000480307405967594
2025-12-15 19:00:00,124.89,125.84,124.69,125.02,19651.234,0.0010403746286725345
2025-12-15 20:00:00,125.03,125.61,123.89,124.99,15376.32499635,-0.0002399904015358647
2025-12-15 21:00:00,125.01,126.43,124.99,125.81,17693.26597842,0.006539098260909048
2025-12-15 22:00:00,125.86,126.41,125.63,126.38,7995.51,0.004520408982269709
2025-12-15 23:00:00,126.37,127.87,126.31,127.81,22394.084,0.011251544798313843
2025-12-16 00:00:00,127.82,128.04,126.18,126.21,12549.83681369,-0.012597599873083856
2025-12-16 01:00:00,126.21,126.85,125.56,126.38,16274.904,0.0013460550747699288
2025-12-16 02:00:00,126.39,127.3,125.98,126.74,11652.00499956,0.002844502550061664
2025-12-16 03:00:00,126.76,126.94,124.95,126.5,9770.68888212,-0.0018954357277959433
2025-12-16 04:00:00,126.51,126.79,124.88,126.12,13749.65102835,-0.0030084734907148626
2025-12-16 05:00:00,126.12,126.67,125.95,126.41,6175.382,0.002296757830606104
2025-12-16 06:00:00,126.4,127.47,126.3,127.35,6594.799,0.007408608917999862
2025-12-16 07:00:00,127.35,127.38,125.57,125.57,10050.955,-0.014075829424593482
2025-12-16 08:00:00,125.58,126.6,125.45,126.01,9596.747,0.003497896880729457
2025-12-16 09:00:00,125.98,126.49,125.9,126.31,7724.514,0.0023779339042820364
2025-12-16 10:00:00,126.31,128.84,126.15,128.46,13028.587,0.01687836904376249
2025-12-16 11:00:00,128.49,129.02,127.95,128.62,23306.17091182,0.0012447488770707248
2025-12-16 12:00:00,128.62,128.98,128.24,128.65,13188.177,0.0002332180210360728
2025-12-16 13:00:00,128.63,129.89,126.77,126.77,34420.07125502,-0.01472111777711788
2025-12-16 14:00:00,126.79,129.76,126.13,128.59,35501.369,0.01425462733171239
2025-12-16 15:00:00,128.58,130.12,127.27,129.75,27497.35,0.00898047376365043
2025-12-16 16:00:00,129.75,129.84,127.78,128.31,16832.212,-0.011160311139071063
2025-12-16 17:00:00,128.33,128.59,127.15,127.28,11203.689,-0.008059826877395499
2025-12-16 18:00:00,127.27,128.59,126.98,128.03,11188.918,0.005875227428556127
2025-12-16 19:00:00,128.02,128.08,126.78,127.72,10472.525,-0.0024242436115063915
2025-12-16 20:00:00,127.72,128.92,127.47,128.43,12324.892,0.005543640978383258
2025-12-16 21:00:00,128.42,128.72,127.98,128.47,9122.899,0.0003114052185537984
2025-12-16 22:00:00,128.47,128.99,128.27,128.61,6312.527,0.0010891552344772378
2025-12-16 23:00:00,128.61,129.5,128.16,129.14,6421.90498824,0.004112517920325389
2025-12-17 00:00:00,129.16,129.16,128.29,128.94,9554.87899972,-0.0015499073158467423
2025-12-17 01:00:00,128.92,129.81,128.77,129.16,10876.204,0.0017047660076004703
2025-12-17 02:00:00,129.17,129.49,128.46,129.29,10635.048,0.0010059973763874288
2025-12-17 03:00:00,129.3,129.63,128.22,128.24,6998.668,-0.008154434965164298
2025-12-17 04:00:00,128.25,128.44,127.45,127.86,6797.052,-0.0029675929627168167
2025-12-17 05:00:00,127.87,128.08,127.04,127.61,9463.464,-0.001957177592695755
2025-12-17 06:00:00,127.61,128.0,127.58,127.75,5688.659,0.001096491337928771
2025-12-17 07:00:00,127.78,128.57,127.64,128.28,7705.471,0.004140145741140332
2025-12-17 08:00:00,128.28,128.28,126.81,126.91,8040.10392137,-0.010737201002881157
2025-12-17 09:00:00,126.91,127.02,126.0,126.74,9383.094,-0.0013404299267020601
2025-12-17 10:00:00,126.74,126.94,126.3,126.59,6762.757,-0.00118422624663393
2025-12-17 11:00:00,126.59,127.91,126.52,127.61,7783.169,0.008025220097148143
2025-12-17 12:00:00,127.62,128.17,127.39,127.97,10681.546,0.0028171237036196325
2025-12-17 13:00:00,127.96,129.45,127.58,129.21,15906.54439174,0.00964312628462443
2025-12-17 14:00:00,129.22,132.65,127.0,132.62,37366.292,0.026048908206592634
2025-12-17 15:00:00,132.62,133.97,126.61,126.77,57968.29695848,-0.045113474990086354
2025-12-17 16:00:00,126.76,127.97,123.82,124.92,43602.54423231,-0.01470088853575749
2025-12-17 17:00:00,124.9,125.19,122.6,123.08,25294.11697531,-0.01483898196103676
2025-12-17 18:00:00,123.06,123.99,121.74,122.11,22801.4366749,-0.007912272608910639
2025-12-17 19:00:00,122.12,122.48,121.39,122.39,21125.08672059,0.0022903895493166905
2025-12-17 20:00:00,122.39,123.74,122.04,123.01,19791.339,0.005052985486446538
2025-12-17 21:00:00,122.99,123.11,122.0,122.42,11157.203,-0.00480789745776993
2025-12-17 22:00:00,122.43,123.54,122.08,123.48,8014.979,0.008621444211034706
2025-12-17 23:00:00,123.48,123.53,122.79,123.26,8067.309,-0.0017832540998614856
2025-12-18 00:00:00,123.26,123.77,123.03,123.68,8282.49597372,0.0034016393050146786
2025-12-18 01:00:00,123.68,123.78,123.0,123.4,11617.087,-0.002266473367824422
2025-12-18 02:00:00,123.41,124.13,123.1,123.72,9238.413,0.0025898363455813247
2025-12-18 03:00:00,123.73,123.96,123.04,123.64,7861.228,-0.000646830552953264
2025-12-18 04:00:00,123.66,124.12,123.58,123.66,7842.412,0.00016174686650714893
2025-12-18 05:00:00,123.66,123.66,122.38,122.4,9823.505,-0.010241494052196907
2025-12-18 06:00:00,122.41,122.86,122.22,122.79,5657.667,0.003181209094195607
2025-12-18 07:00:00,122.79,123.38,122.45,122.83,6628.68,0.0003257063785815071
2025-12-18 08:00:00,122.83,123.4,122.47,123.04,11187.035,0.001708220206330953
2025-12-18 09:00:00,123.03,123.9,122.67,123.68,8550.81306055,0.0051880790817778995
2025-12-18 10:00:00,123.69,124.14,123.4,123.9,7749.452,0.0017772037959848446
2025-12-18 11:00:00,123.94,124.05,123.22,124.05,8001.344,0.0012099215027131511
2025-12-18 12:00:00,124.06,124.51,123.65,123.97,12234.724,-0.000645109287754486
2025-12-18 13:00:00,123.98,126.9,123.98,126.41,48792.859,0.019490991657410826
2025-12-18 14:00:00,126.4,127.89,124.78,125.88,38147.274,-0.004201520311260113
2025-12-18 15:00:00,125.9,129.02,125.6,127.38,32880.103,0.011845672747013626
2025-12-18 16:00:00,127.4,127.5,126.1,126.86,16971.43,-0.004090628737468586
2025-12-18 17:00:00,126.86,126.89,120.59,122.98,51033.49217447,-0.031062375680427398
2025-12-18 18:00:00,122.97,123.92,121.19,121.55,41963.213,-0.011696039763191298
2025-12-18 19:00:00,121.54,121.63,117.47,117.57,40446.90014753,-0.03329179988248261
2025-12-18 20:00:00,117.55,118.99,116.91,117.21,25888.49741805,-0.0030667031445608933
2025-12-18 21:00:00,117.23,120.19,117.1,120.08,31182.955,0.02419098959011773
2025-12-18 22:00:00,120.11,120.12,119.21,119.8,10556.645,-0.002334501643857564
2025-12-18 23:00:00,119.8,119.97,119.31,119.62,7019.867,-0.001503634064937942
2025-12-19 00:00:00,119.6,119.87,117.92,118.42,13945.31950891,-0.010082424512780882
2025-12-19 01:00:00,118.43,118.55,117.64,118.39,14036.443,-0.0002533676800852357
2025-12-19 02:00:00,118.37,119.19,117.92,118.95,16585.933,0.004718977325421761
2025-12-19 03:00:00,118.96,122.51,118.91,121.57,27064.489,0.021786991818735828
2025-12-19 04:00:00,121.57,123.03,121.35,122.81,15974.745,0.010148217054590278
2025-12-19 05:00:00,122.82,123.37,121.97,122.62,16514.27400144,-0.0015483032877508201
2025-12-19 06:00:00,122.62,123.63,122.2,123.44,10725.04702517,0.006665065720363469
2025-12-19 07:00:00,123.44,125.32,123.44,124.44,17924.567,0.008068463974530917
2025-12-19 08:00:00,124.42,125.6,123.87,124.99,11529.174,0.004410062072694138
2025-12-19 09:00:00,124.96,125.07,124.38,124.7,9504.235,-0.0023228814161396385
2025-12-19 10:00:00,124.72,125.0,124.53,124.73,7136.041,0.0002405484516269321
2025-12-19 11:00:00,124.75,125.73,124.69,125.36,10618.179,0.005038196910147702
2025-12-19 12:00:00,125.36,126.18,124.92,125.76,18237.843,0.0031857306331311494
2025-12-19 13:00:00,125.78,126.51,125.62,125.92,17880.69,0.0012714559881966659
2025-12-19 14:00:00,125.92,126.89,124.69,126.04,40502.216,0.0009525322199807337
2025-12-19 15:00:00,126.03,127.64,124.78,125.08,32616.20845619,-0.007645784299433399
2025-12-19 16:00:00,125.07,126.96,124.85,125.28,19581.517,0.0015976996528525064
2025-12-19 17:00:00,125.29,126.12,123.67,123.67,20371.135,-0.012934504488527319
2025-12-19 18:00:00,123.67,125.35,123.61,124.78,15437.729,0.008935458928674537
2025-12-19 19:00:00,124.79,126.64,124.79,126.25,14233.144,0.011711881472828966
2025-12-19 20:00:00,126.25,127.86,126.1,127.17,15483.67,0.007260705877186255
2025-12-19 21:00:00,127.17,127.37,126.5,126.77,8577.73,-0.0031503530820202303
2025-12-19 22:00:00,126.81,127.33,126.78,126.88,7862.398,0.0008673369359026281
2025-12-19 23:00:00,126.85,126.85,126.13,126.27,5864.48614235,-0.004819286435948883
2025-12-20 00:00:00,126.28,126.33,125.62,125.81,7389.928,-0.0036496390875493927
2025-12-20 01:00:00,125.82,126.02,125.52,125.56,5911.98,-0.0019891003892867215
2025-12-20 02:00:00,125.56,126.2,125.31,125.86,9652.112,0.002386446125034602
2025-12-20 03:00:00,125.86,126.48,125.53,126.2,5588.98,0.0026977720083252704
2025-12-20 04:00:00,126.21,126.42,125.87,126.25,4376.217,0.0003961180483564127
2025-12-20 05:00:00,126.27,126.67,126.09,126.38,5763.929,0.0010291731898399953
2025-12-20 06:00:00,126.39,126.65,126.23,126.26,2832.632,-0.0009499684058295833
2025-12-20 07:00:00,126.27,126.35,125.94,126.19,4875.223,-0.0005545652746604046
2025-12-20 08:00:00,126.19,126.88,126.13,126.48,6449.776,0.002295485236397475
2025-12-20 09:00:00,126.48,126.76,126.25,126.26,4916.102,-0.0017409199617369848
2025-12-20 10:00:00,126.27,126.38,126.01,126.04,3651.691,-0.0017439560504056446
2025-12-20 11:00:00,126.05,126.49,125.89,126.48,4362.986,0.003484876012142673
2025-12-20 12:00:00,126.48,126.48,126.09,126.29,5088.448,-0.0015033432431378357
2025-12-20 13:00:00,126.29,126.38,125.45,126.13,10196.483,-0.0012677285589769427
2025-12-20 14:00:00,126.14,126.39,125.58,126.37,5897.36498641,0.0019009906714877569
2025-12-20 15:00:00,126.37,126.65,126.0,126.56,8145.513,0.0015023922487544072
2025-12-20 16:00:00,126.59,126.69,126.13,126.29,4196.737,-0.0021356543612650286
2025-12-20 17:00:00,126.3,126.46,125.98,125.99,5642.459,-0.002378310935540414
2025-12-20 18:00:00,126.0,126.12,125.74,126.01,4653.107,0.00015873015906345243
2025-12-20 19:00:00,126.01,126.19,125.77,126.05,5400.487,0.00031738475232690085
2025-12-20 20:00:00,126.05,126.45,125.92,126.44,3629.318,0.0030892337134880814
2025-12-20 21:00:00,126.44,126.52,126.24,126.31,6438.166,-0.0010286845615330702
2025-12-20 22:00:00,126.31,126.37,125.76,126.03,4255.642,-0.0022192289364835168
2025-12-20 23:00:00,126.02,126.07,125.63,125.81,4874.505,-0.0017471414863608503
2025-12-21 00:00:00,125.8,126.1,125.7,126.03,3261.865,0.0017471414863608975
2025-12-21 01:00:00,126.03,126.03,125.09,125.11,10955.535,-0.007326623520091752
2025-12-21 02:00:00,125.12,125.36,124.69,124.9,8229.955,-0.0016799331977765584
2025-12-21 03:00:00,124.91,125.53,124.84,125.25,5958.563,0.0027983228334422412
2025-12-21 04:00:00,125.24,125.42,125.14,125.19,3002.01,-0.0004791566934032462
2025-12-21 05:00:00,125.19,125.47,125.08,125.3,3894.59590024,0.0008782786304516279
2025-12-21 06:00:00,125.3,125.49,125.15,125.42,3292.541,0.0009572432128522918
2025-12-21 07:00:00,125.42,125.53,125.2,125.29,3631.82,-0.001037054857413434
2025-12-21 08:00:00,125.3,125.92,124.8,125.59,8004.693,0.002391582772574012
2025-12-21 09:00:00,125.59,126.57,125.47,126.26,9358.7,0.005320639909444228
2025-12-21 10:00:00,126.28,126.63,125.61,125.81,8659.445,-0.0035704405764400327
2025-12-21 11:00:00,125.83,125.88,125.35,125.47,6300.898,-0.002706146191431144
2025-12-21 12:00:00,125.48,126.09,125.13,125.57,9024.694,0.0007966858292641203
2025-12-21 13:00:00,125.58,125.6,123.41,123.64,27246.237,-0.015489254736956838
2025-12-21 14:00:00,123.64,124.69,123.51,124.42,12452.006,0.006288821822958133
2025-12-21 15:00:00,124.42,125.27,123.96,125.06,15034.317,0.0051306830522781744
2025-12-21 16:00:00,125.05,125.6,124.81,125.49,9051.133,0.0034324519830648335
2025-12-21 17:00:00,125.49,126.34,125.39,125.5,8821.57199711,7.968444962185212e-05
2025-12-21 18:00:00,125.5,125.5,124.39,125.16,6441.08074634,-0.0027128397711571727
2025-12-21 19:00:00,125.16,125.87,125.07,125.67,5075.548,0.004066504826371868
2025-12-21 20:00:00,125.68,125.78,125.32,125.36,4280.688,-0.002469825579287784
2025-12-21 21:00:00,125.35,125.38,124.71,124.89,7332.192,-0.0037562481727716054
2025-12-21 22:00:00,124.89,125.9,124.78,125.82,6364.061,0.007418964266889767
2025-12-21 23:00:00,125.83,126.29,125.53,126.03,7392.45,0.0016676597075169727
2025-12-22 00:00:00,126.03,128.53,126.0,126.27,29316.043606,0.0019024976011885234
2025-12-22 01:00:00,126.26,127.33,125.82,126.04,14813.911,-0.0018231545615150252
2025-12-22 02:00:00,126.02,126.05,124.52,125.23,14904.69,-0.006447270313132819
2025-12-22 03:00:00,125.23,126.5,124.94,126.01,9876.401,0.0062092223056607705
2025-12-22 04:00:00,126.03,126.73,125.84,126.51,9715.948,0.00396008754497631
2025-12-22 05:00:00,126.54,126.7,126.09,126.34,5014.809,-0.0013446709560239096
2025-12-22 06:00:00,126.31,126.55,125.77,125.77,5970.348,-0.004521843411490163
2025-12-22 07:00:00,125.76,126.5,125.55,126.32,5842.25,0.004363527888322371
2025-12-22 08:00:00,126.31,127.36,125.63,125.65,12400.621,-0.005318105957785343
2025-12-22 09:00:00,125.64,126.35,125.5,126.21,8557.18,0.004446922280937912
2025-12-22 10:00:00,126.23,126.91,125.89,126.72,7045.458,0.004032741795576545
2025-12-22 11:00:00,126.72,127.44,126.39,127.0,8769.92398783,0.002207158392475611
2025-12-22 12:00:00,127.01,127.72,126.71,126.99,15595.37,-7.874325764926775e-05
2025-12-22 13:00:00,126.99,127.11,126.34,127.02,14354.883,0.0002362111738867082
2025-12-22 14:00:00,127.03,128.26,126.53,127.82,23838.108,0.0062784698473069625
2025-12-22 15:00:00,127.83,128.76,126.46,128.07,29370.26352449,0.001953965215844746
2025-12-22 16:00:00,128.09,128.37,127.14,127.25,17317.669,-0.0064233340073481995
2025-12-22 17:00:00,127.25,127.29,126.46,126.92,11362.86099871,-0.0025966887156373456
2025-12-22 18:00:00,126.92,127.48,126.37,126.52,12813.202,-0.003156568277546769
2025-12-22 19:00:00,126.51,126.51,124.65,124.67,25147.45086542,-0.01473015208056442
2025-12-22 20:00:00,124.67,125.26,124.22,124.43,23094.366,-0.0019269375693437333
2025-12-22 21:00:00,124.43,125.58,124.33,125.18,11269.639,0.006009392709015571
2025-12-22 22:00:00,125.16,126.02,125.0,125.86,10285.685,0.0054174766022319935
2025-12-22 23:00:00,125.87,125.97,125.46,125.93,6628.539,0.0005560189189674898
2025-12-23 00:00:00,125.94,126.92,125.78,126.73,7543.02,0.006332642076217716
2025-12-23 01:00:00,126.73,126.8,125.96,126.2,6616.967,-0.0041908889868600635
2025-12-23 02:00:00,126.21,126.6,125.51,125.65,11704.424,-0.004367686117511585
2025-12-23 03:00:00,125.65,126.14,124.91,125.65,12169.337,0.0
2025-12-23 04:00:00,125.64,126.07,125.43,125.43,6550.288,-0.001752429953017876
2025-12-23 05:00:00,125.43,125.51,124.59,125.0,8454.416,-0.00343409673428227
2025-12-23 06:00:00,124.99,125.27,124.14,124.32,12069.621,-0.005454850682963814
2025-12-23 07:00:00,124.34,124.6,123.78,124.19,11604.187,-0.0010462356593961106
2025-12-23 08:00:00,124.18,124.64,124.03,124.17,7378.368,-0.00016105653119039272
2025-12-23 09:00:00,124.19,124.38,123.93,124.17,6723.299,0.0
2025-12-23 10:00:00,124.17,124.86,124.12,124.83,6732.527,0.005301217234208899
2025-12-23 11:00:00,124.84,125.22,124.73,124.86,6887.484,0.00024029797063850945
2025-12-23 12:00:00,124.87,124.92,123.96,124.18,8387.66199435,-0.005460983696851207
2025-12-23 13:00:00,124.17,124.63,122.9,123.34,26097.86,-0.0067873563733999885
2025-12-23 14:00:00,123.34,123.73,122.17,122.69,20630.241,-0.005283920760255302
2025-12-23 15:00:00,122.68,123.5,122.39,123.37,12574.907,0.005527121280281919
2025-12-23 16:00:00,123.38,124.92,123.03,124.62,12454.38,0.010081137032702685
2025-12-23 17:00:00,124.62,124.84,122.81,122.9,7507.531,-0.01389809054408684
2025-12-23 18:00:00,122.85,124.15,122.81,123.99,9237.688,0.008829900619761414
2025-12-23 19:00:00,123.99,124.55,123.5,123.98,6022.662,-8.065491797724037e-05
2025-12-23 20:00:00,123.99,125.62,123.48,124.7,10018.918,0.005790590412217334
2025-12-23 21:00:00,124.73,124.75,123.97,124.28,7108.041,-0.003373768161144099
2025-12-23 22:00:00,124.28,124.49,123.62,123.87,5775.619,-0.003304455958738026
2025-12-23 23:00:00,123.88,124.15,123.46,123.99,5667.235,0.0009682886256421424
2025-12-24 00:00:00,124.0,124.3,123.59,123.88,6388.863,-0.0008875620867486067
2025-12-24 01:00:00,123.88,124.2,122.95,123.09,6791.141,-0.006397559982797611
2025-12-24 02:00:00,123.1,123.13,121.78,122.32,10258.183,-0.006275233501397589
2025-12-24 03:00:00,122.31,122.79,121.77,122.71,10323.444,0.003183286367649685
2025-12-24 04:00:00,122.71,123.04,121.53,121.62,8179.02401119,-0.00892241829649273
2025-12-24 05:00:00,121.63,122.01,121.15,121.46,7500.077,-0.0013164392225345062
2025-12-24 06:00:00,121.47,121.58,120.63,121.56,7897.024,0.0008229775791630981
2025-12-24 07:00:00,121.59,121.86,121.29,121.29,5284.436,-0.0022235957278030492
2025-12-24 08:00:00,121.32,121.67,121.12,121.4,6784.914,0.0009065063046086451
2025-12-24 09:00:00,121.4,121.75,121.3,121.43,5892.422,0.00024708644032978537
2025-12-24 10:00:00,121.43,122.21,121.4,121.76,6654.005,0.0027139290476480846
2025-12-24 11:00:00,121.77,122.21,121.76,122.05,7666.702,0.0023789027255932474
2025-12-24 12:00:00,122.04,122.53,121.94,122.44,8182.989,0.0031903172382426646
2025-12-24 13:00:00,122.44,122.45,121.75,121.96,6939.723,-0.003927991957157709
2025-12-24 14:00:00,121.97,122.28,120.71,121.48,13713.626,-0.003943481942505899
2025-12-24 15:00:00,121.49,122.92,121.32,122.74,16678.371,0.010318656783402947
2025-12-24 16:00:00,122.73,123.45,122.43,122.72,15206.781,-0.0001629593420048054
2025-12-24 17:00:00,122.7,122.98,121.98,122.02,5554.947,-0.005720371895239724
2025-12-24 18:00:00,122.05,122.68,121.8,122.48,6625.783,0.0037627856257219207
2025-12-24 19:00:00,122.48,122.86,122.01,122.85,6227.098,0.0030163476177597444
2025-12-24 20:00:00,122.86,123.13,122.58,122.67,6135.97098233,-0.001466275922527488
2025-12-24 21:00:00,122.67,123.08,122.63,123.0,5340.867,0.00268653232775679
2025-12-24 22:00:00,123.0,123.39,122.92,123.3,5751.658,0.002436054797881121
2025-12-24 23:00:00,123.31,123.34,122.46,122.52,3737.053,-0.006346128205724153
2025-12-25 00:00:00,122.53,122.69,122.09,122.15,4763.035,-0.003024484260824963
2025-12-25 01:00:00,122.16,122.78,122.16,122.75,4826.971,0.004899968970880475
2025-12-25 02:00:00,122.75,123.13,122.47,123.04,4641.119,0.002359739082703855
2025-12-25 03:00:00,123.04,123.13,122.55,122.69,2893.67,-0.002848656954242402
2025-12-25 04:00:00,122.7,122.85,122.61,122.78,2527.719,0.0007332871962588174
2025-12-25 05:00:00,122.76,122.77,122.23,122.37,4552.68,-0.003344894001773537
2025-12-25 06:00:00,122.37,122.51,122.19,122.47,3186.854,0.000816860035619191
2025-12-25 07:00:00,122.47,122.47,122.1,122.27,3022.967,-0.0016343878770973277
2025-12-25 08:00:00,122.27,122.64,121.63,122.09,7008.628,-0.0014732364753346186
2025-12-25 09:00:00,122.1,122.16,121.82,122.09,2716.017,0.0
2025-12-25 10:00:00,122.09,122.09,121.31,121.55,5435.137,-0.0044327769186317595
2025-12-25 11:00:00,121.56,121.86,121.53,121.66,3850.46299981,0.0009045681304269146
2025-12-25 12:00:00,121.67,122.04,121.6,122.04,3241.96992075,0.0031185909559096198
2025-12-25 13:00:00,122.04,122.33,121.67,122.05,4503.194,8.193699050014318e-05
2025-12-25 14:00:00,122.06,122.32,121.79,122.12,4050.68394221,0.0005733710277079885
2025-12-25 15:00:00,122.13,124.08,121.89,123.63,16461.37699956,0.012289066152158412
2025-12-25 16:00:00,123.68,124.45,123.36,123.5,13493.026,-0.0010520779508037803
2025-12-25 17:00:00,123.52,123.62,122.82,123.13,9026.071,-0.0030004482632517704
2025-12-25 18:00:00,123.08,124.17,123.07,124.02,9443.275,0.007202135116951837
2025-12-25 19:00:00,124.02,124.07,123.35,123.46,4207.062,-0.004525625955982118
2025-12-25 20:00:00,123.46,123.49,122.96,123.32,4919.074,-0.001134613947800214
2025-12-25 21:00:00,123.31,123.51,123.13,123.22,5004.478,-0.0008112274315249593
2025-12-25 22:00:00,123.22,123.42,121.41,121.81,8791.272,-0.011508921874557099
2025-12-25 23:00:00,121.84,122.12,119.74,120.07,22556.368,-0.014387547669241024
2025-12-26 00:00:00,120.05,120.32,119.24,120.32,13177.206,0.00207995415890305
2025-12-26 01:00:00,120.34,121.17,120.2,120.82,7810.214,0.00414697450906555
2025-12-26 02:00:00,120.81,124.39,120.81,123.46,30390.759,0.02161538225515466
2025-12-26 03:00:00,123.48,123.73,122.5,122.67,11142.571,-0.006419393921089151
2025-12-26 04:00:00,122.67,122.98,121.82,122.84,9172.226,0.001384872527961011
2025-12-26 05:00:00,122.85,123.48,122.69,123.27,4799.918,0.0034943759908063997
2025-12-26 06:00:00,123.3,123.77,123.3,123.47,4828.20999546,0.0016211400162243366
2025-12-26 07:00:00,123.48,123.97,122.58,122.72,7703.20626159,-0.006092873960706258
2025-12-26 08:00:00,122.71,123.12,122.31,122.68,5631.564,-0.0003259983728952363
2025-12-26 09:00:00,122.67,124.11,122.54,123.68,11078.628,0.008118245593061141
2025-12-26 10:00:00,123.69,123.91,123.45,123.75,4980.367,0.0005658166096878034
2025-12-26 11:00:00,123.76,123.9,123.34,123.83,4046.53,0.0006462557782074457
2025-12-26 12:00:00,123.84,124.18,123.76,123.95,4164.003,0.0009686012541922528
2025-12-26 13:00:00,123.95,125.11,123.89,124.89,9684.647,0.007555091393794328
2025-12-26 14:00:00,124.9,124.96,122.08,122.25,29379.233,-0.021365221520012374
2025-12-26 15:00:00,122.22,122.22,120.48,121.55,32662.657,-0.005742427592849081
2025-12-26 16:00:00,121.55,122.25,121.19,121.24,11927.147,-0.0025536485725300363
2025-12-26 17:00:00,121.25,122.38,121.25,121.86,10774.539,0.005100792630745914
2025-12-26 18:00:00,121.86,122.22,121.75,122.07,6680.018,0.0017218058613598943
2025-12-26 19:00:00,122.08,122.4,121.76,122.17,7591.26,0.0008188667342601911
2025-12-26 20:00:00,122.17,122.66,121.91,122.4,6963.766,0.0018808526622572591
2025-12-26 21:00:00,122.43,122.63,122.07,122.07,4224.717,-0.002699719396517533
2025-12-26 22:00:00,122.08,122.43,121.84,122.43,5035.209,0.0029447874041158197
2025-12-26 23:00:00,122.44,122.55,122.18,122.29,4661.401,-0.0011441648845455247
2025-12-27 00:00:00,122.29,122.38,121.93,122.1,4457.75999962,-0.001554892084619655
2025-12-27 01:00:00,122.1,122.32,121.87,122.31,2834.188,0.0017184243826128944
2025-12-27 02:00:00,122.31,122.43,122.16,122.33,2300.316,0.00016350555955313754
2025-12-27 03:00:00,122.33,123.79,122.3,123.66,10190.939,0.010813553071597568
2025-12-27 04:00:00,123.67,123.72,122.9,122.98,5389.698,-0.005514123605098937
2025-12-27 05:00:00,122.99,123.29,122.99,123.16,2998.693,0.0014625825309759787
2025-12-27 06:00:00,123.17,123.17,122.78,123.03,2991.691,-0.0010560949842220086
2025-12-27 07:00:00,123.04,123.42,123.03,123.16,3163.839,0.001056094984222071
2025-12-27 08:00:00,123.17,123.34,122.83,122.85,1767.715,-0.0025202240891115603
2025-12-27 09:00:00,122.85,123.21,122.84,123.0,3423.375,0.001220256405229369
2025-12-27 10:00:00,123.01,123.13,122.53,122.88,4030.823,-0.0009760859730554598
2025-12-27 11:00:00,122.89,123.2,122.86,122.97,3241.053,0.0007321537849938475
2025-12-27 12:00:00,122.98,123.2,122.61,122.89,8173.679,-0.0006507768878500238
2025-12-27 13:00:00,122.89,123.27,122.75,123.0,7233.82,0.000894709075911684
2025-12-27 14:00:00,123.0,123.33,122.85,123.31,4746.39099951,0.00251715451002152
2025-12-27 15:00:00,123.32,123.64,123.16,123.3,4802.358,-8.109971214048617e-05
2025-12-27 16:00:00,123.31,123.44,122.92,122.99,5474.249,-0.002517358915979553
2025-12-27 17:00:00,122.99,123.43,122.76,123.38,5093.15642355,0.003165972527173384
2025-12-27 18:00:00,123.38,123.44,123.0,123.21,3645.95785573,-0.001378807144915669
2025-12-27 19:00:00,123.21,123.44,123.05,123.27,2924.335,0.0004868549268511563
2025-12-27 20:00:00,123.27,123.8,123.27,123.58,4639.675,0.0025116480694053708
2025-12-27 21:00:00,123.58,124.57,123.58,124.54,5513.768,0.007738229811472379
2025-12-27 22:00:00,124.56,124.94,123.67,123.91,9629.197,-0.005071453815904506
2025-12-27 23:00:00,123.9,125.06,123.9,124.73,10712.247,0.0065959055092162
2025-12-28 00:00:00,124.74,124.88,124.28,124.36,3541.8,-0.002970815947064728
2025-12-28 01:00:00,124.37,124.61,123.99,123.99,4263.861,-0.0029796679988024375
2025-12-28 02:00:00,124.0,124.39,123.91,124.23,3349.373,0.0019337690338350694
2025-12-28 03:00:00,124.23,124.3,123.96,124.12,1928.515,-0.0008858466454061646
2025-12-28 04:00:00,124.13,124.31,124.0,124.1,2336.248,-0.00016114736961805808
2025-12-28 05:00:00,124.1,124.1,123.63,123.78,4302.875,-0.002581895899346013
2025-12-28 06:00:00,123.78,124.19,123.75,124.1,3716.293,0.0025818958993460094
2025-12-28 07:00:00,124.11,124.31,123.85,124.21,3840.85,0.000885989345540759
2025-12-28 08:00:00,124.21,124.68,124.17,124.27,4792.62096477,0.00048293626180076813
2025-12-28 09:00:00,124.27,124.38,124.0,124.08,3120.983,-0.0015300989496197818
2025-12-28 10:00:00,124.08,124.62,124.02,124.52,4665.551,0.003539826705123987
2025-12-28 11:00:00,124.52,124.84,124.41,124.64,3893.487,0.0009632365490307814
2025-12-28 12:00:00,124.64,124.78,124.39,124.42,3754.851,-0.001766643035564452
2025-12-28 13:00:00,124.42,124.78,124.31,124.63,3260.176,0.0016864087514116214
2025-12-28 14:00:00,124.65,124.98,124.54,124.58,6364.276,-0.00040126801228596915
2025-12-28 15:00:00,124.59,125.01,124.43,124.44,5379.041,-0.0011244077965631466
2025-12-28 16:00:00,124.45,124.66,124.19,124.31,5306.66,-0.00104522622581214
2025-12-28 17:00:00,124.31,124.77,124.3,124.44,4691.563,0.0010452262258122031
2025-12-28 18:00:00,124.45,124.52,123.13,123.15,10632.641,-0.01042054746288934
2025-12-28 19:00:00,123.15,123.62,123.08,123.3,6957.43127712,0.0012172856037517249
2025-12-28 20:00:00,123.29,123.74,123.11,123.43,4929.271,0.001053783585538833
2025-12-28 21:00:00,123.44,123.86,123.3,123.86,4553.162,0.0034777017540774365
2025-12-28 22:00:00,123.86,124.33,123.55,124.24,5466.193,0.0030632833305167615
2025-12-28 23:00:00,124.24,125.6,123.94,125.25,14755.119,0.008096561124542524
2025-12-29 00:00:00,125.26,128.17,125.0,127.03,27079.629,0.014111539070395146
2025-12-29 01:00:00,127.01,130.11,126.23,128.72,36139.564,0.013216223648758478
2025-12-29 02:00:00,128.75,129.46,128.19,128.74,16024.118,0.00015536394034216543
2025-12-29 03:00:00,128.75,129.49,128.52,128.58,17011.901,-0.001243587910929073
2025-12-29 04:00:00,128.58,129.15,128.24,128.59,9697.18172049,7.776956880686369e-05
2025-12-29 05:00:00,128.58,128.58,127.6,127.73,6894.563,-0.006710387227662103
2025-12-29 06:00:00,127.72,128.04,127.51,127.78,4087.905,0.00039137411951165334
2025-12-29 07:00:00,127.79,127.98,127.23,127.87,10723.022,0.000704087648879736
2025-12-29 08:00:00,127.87,128.48,127.7,127.9,11111.507,0.0002345857617200736
2025-12-29 09:00:00,127.91,127.99,125.44,126.05,14723.153,-0.014570054950868187
2025-12-29 10:00:00,126.04,126.36,125.51,125.69,7307.533,-0.002860095697182715
2025-12-29 11:00:00,125.69,125.69,125.05,125.1,6767.71980815,-0.004705140463880709
2025-12-29 12:00:00,125.1,125.39,122.93,123.71,31947.105,-0.011173300598125189
2025-12-29 13:00:00,123.72,124.08,122.96,123.27,13708.832,-0.0035630453113121296
2025-12-29 14:00:00,123.26,124.54,122.33,123.43,24733.032,0.001297122192409426
2025-12-29 15:00:00,123.45,124.11,123.16,123.44,19849.87,8.10142990680748e-05
2025-12-29 16:00:00,123.43,123.72,122.63,123.51,13095.685,0.000566916395017776
2025-12-29 17:00:00,123.51,123.89,123.07,123.89,10160.38670612,0.0030719506777243943
2025-12-29 18:00:00,123.89,123.97,123.0,123.11,8377.508,-0.006315810468123854
2025-12-29 19:00:00,123.12,123.5,122.87,123.06,6588.301,-0.0004062233471793408
2025-12-29 20:00:00,123.06,123.6,122.81,123.35,8387.326,0.002353801663021343
2025-12-29 21:00:00,123.33,123.58,123.16,123.45,3667.102,0.0008103728158228557
2025-12-29 22:00:00,123.46,123.6,123.18,123.43,3974.484,-0.00016202203535112917
2025-12-29 23:00:00,123.43,123.61,123.21,123.28,3467.224,-0.0012160027439770264
2025-12-30 00:00:00,123.28,123.34,122.9,123.1,3927.692,-0.001461157821452496
2025-12-30 01:00:00,123.11,123.45,122.79,123.19,5587.524,0.000730845783475037
2025-12-30 02:00:00,123.19,123.24,122.6,123.0,7847.875,-0.0015435236014651878
2025-12-30 03:00:00,123.0,123.92,122.78,123.8,7669.646,0.006483004878078312
2025-12-30 04:00:00,123.8,124.19,123.61,123.94,8560.641,0.0011302172834656977
2025-12-30 05:00:00,123.95,124.01,123.22,123.43,5006.828,-0.004123383778124047
2025-12-30 06:00:00,123.43,124.04,123.39,123.9,5454.62,0.003800594879259501
2025-12-30 07:00:00,123.91,124.34,123.8,124.02,5585.775,0.0009680542866350526
2025-12-30 08:00:00,124.02,125.12,124.01,124.81,13353.57866921,0.006349738008630582
2025-12-30 09:00:00,124.81,125.08,124.4,124.84,9407.541,0.00024033647221644012
2025-12-30 10:00:00,124.83,124.98,124.5,124.58,6681.805,-0.002084837576579251
2025-12-30 11:00:00,124.59,124.64,124.03,124.28,6723.984,-0.00241099530115274
2025-12-30 12:00:00,124.29,124.64,124.11,124.28,5048.187,0.0
2025-12-30 13:00:00,124.29,124.43,123.94,124.28,6275.324,0.0
2025-12-30 14:00:00,124.28,125.34,123.54,125.03,21365.022,0.006016623982061628
2025-12-30 15:00:00,125.03,125.24,124.05,125.16,17660.321,0.0010392102937730441
2025-12-30 16:00:00,125.16,126.5,124.88,125.68,15820.772,0.004146075146684391
2025-12-30 17:00:00,125.67,126.0,124.44,124.71,14423.206,-0.0077479520147100585
2025-12-30 18:00:00,124.71,124.71,124.21,124.54,7564.464,-0.0013640924883497171
2025-12-30 19:00:00,124.54,124.81,123.79,124.72,7785.705,0.0014442753052151727
2025-12-30 20:00:00,124.71,124.79,123.87,124.01,5111.864,-0.005709017234840074
2025-12-30 21:00:00,124.03,124.19,123.51,123.98,3985.491,-0.00024194524090763328
2025-12-30 22:00:00,123.96,124.59,123.9,124.43,4539.585,0.0036230465137665297
2025-12-30 23:00:00,124.43,125.13,124.3,125.02,5716.43401424,0.004730415716126326
2025-12-31 00:00:00,125.02,125.06,124.44,124.94,4890.208,-0.0006401024382424574
2025-12-31 01:00:00,124.94,125.94,124.84,125.53,7764.645,0.004711151764693178
2025-12-31 02:00:00,125.54,126.08,125.32,126.02,6597.249,0.0038958506837924014
2025-12-31 03:00:00,126.01,126.06,125.18,125.8,4922.182,-0.0017472802475692205
2025-12-31 04:00:00,125.81,125.95,125.4,125.46,4130.796,-0.002706361597742914
2025-12-31 05:00:00,125.46,125.77,125.42,125.64,4834.339,0.001433692001848616
2025-12-31 06:00:00,125.65,126.08,125.63,125.9,3991.877,0.002067266379855743
2025-12-31 07:00:00,125.9,126.05,125.65,125.98,3767.71,0.0006352231434815656
2025-12-31 08:00:00,125.98,126.29,125.44,125.59,5383.581,-0.0031005311637475968
2025-12-31 09:00:00,125.57,126.38,125.56,126.3,3606.653,0.005637396326409997
2025-12-31 10:00:00,126.3,126.41,126.01,126.39,4483.906,0.0007123353025893683
2025-12-31 11:00:00,126.39,126.8,126.24,126.74,7487.539,0.0027653792363359496
2025-12-31 12:00:00,126.73,126.76,126.09,126.18,3542.65999679,-0.00442828495270736
2025-12-31 13:00:00,126.18,126.51,125.95,126.29,5336.134,0.0008713907154152184
2025-12-31 14:00:00,126.3,127.42,125.38,125.79,14526.951,-0.003966999807297732
2025-12-31 15:00:00,125.79,125.83,125.02,125.58,11484.739,-0.001670844164817717
2025-12-31 16:00:00,125.59,125.73,124.32,124.84,9472.088,-0.005910088283384595
2025-12-31 17:00:00,124.83,125.24,124.58,125.05,8075.548,0.0016807399210492376
2025-12-31 18:00:00,125.05,125.51,124.64,124.78,5521.074,-0.0021614706409877824
2025-12-31 19:00:00,124.79,125.21,124.4,124.4,6210.325,-0.0030500063775611647
2025-12-31 20:00:00,124.41,125.72,123.45,124.2,28305.685,-0.0016090108057006626
2025-12-31 21:00:00,124.21,124.45,124.01,124.45,4850.086,0.002010859314222629
2025-12-31 22:00:00,124.45,125.15,124.24,124.83,5666.957,0.0030487828493585096
2025-12-31 23:00:00,124.83,125.05,124.62,124.64,3512.342,-0.0015232295405214146
2026-01-01 00:00:00,124.65,125.23,124.6,125.12,2580.156,0.0038436946745629363
2026-01-01 01:00:00,125.15,125.79,124.93,124.98,5192.257,-0.0011195522960653775
2026-01-01 02:00:00,124.98,125.21,124.8,125.17,4619.07097028,0.0015190888389965843
2026-01-01 03:00:00,125.18,125.41,125.03,125.22,2336.863,0.0003993769772323013
2026-01-01 04:00:00,125.2,125.26,124.81,124.94,3001.061,-0.002238568251740491
2026-01-01 05:00:00,124.95,125.3,124.94,125.29,1955.696,0.002797428192037466
2026-01-01 06:00:00,125.3,125.32,124.89,124.89,1575.355,-0.003197700382467599
2026-01-01 07:00:00,124.89,124.99,124.25,124.25,2866.698,-0.005137684898255698
2026-01-01 08:00:00,124.25,124.72,124.17,124.69,3102.067,0.0035349920317567073
2026-01-01 09:00:00,124.69,125.11,124.6,125.06,4895.487,0.0029629651306570487
2026-01-01 10:00:00,125.06,125.3,124.99,125.06,3076.07,0.0
2026-01-01 11:00:00,125.06,125.22,124.78,125.21,2642.704,0.0011987055417044385
2026-01-01 12:00:00,125.23,125.28,125.02,125.03,4525.78,-0.001438619173947904
2026-01-01 13:00:00,125.03,125.14,124.71,124.74,3126.517,-0.0023221374089318157
2026-01-01 14:00:00,124.75,124.92,124.42,124.71,4243.395,-0.00024052916532081402
2026-01-01 15:00:00,124.72,125.22,124.58,124.96,5153.91,0.002002644158720022
2026-01-01 16:00:00,124.96,125.01,124.3,124.46,4299.562,-0.004009306950304031
2026-01-01 17:00:00,124.46,125.61,124.32,125.2,9201.539,0.0059280795249263074
2026-01-01 18:00:00,125.2,125.37,125.04,125.34,5165.474,0.001117586130531221
2026-01-01 19:00:00,125.35,125.79,125.23,125.75,4288.574,0.003265764183319243
2026-01-01 20:00:00,125.77,125.95,125.35,125.39,3381.882,-0.00286692877740212
2026-01-01 21:00:00,125.4,125.69,125.32,125.43,2237.99,0.00031895383413689445
2026-01-01 22:00:00,125.43,126.22,125.39,126.08,5157.674,0.005168792072985663
2026-01-01 23:00:00,126.09,127.24,125.76,126.91,12041.541,0.006561547712503883
2026-01-02 00:00:00,126.9,127.15,126.45,126.76,5832.035,-0.0011826389993529179
2026-01-02 01:00:00,126.77,126.93,126.07,126.18,6706.079,-0.004586075880056589
2026-01-02 02:00:00,126.19,126.66,125.87,126.59,3769.745,0.0032440587060735674
2026-01-02 03:00:00,126.57,127.98,126.44,127.52,11958.288,0.007319697393167884
2026-01-02 04:00:00,127.53,127.7,126.95,126.99,5252.477,-0.004164871840962893
2026-01-02 05:00:00,126.97,127.42,126.76,127.34,3166.93,0.002752331387937339
2026-01-02 06:00:00,127.34,127.7,127.26,127.31,7895.181,-0.0002356175153253241
2026-01-02 07:00:00,127.32,127.58,126.91,127.14,4601.731,-0.0013362155652913278
2026-01-02 08:00:00,127.14,127.96,127.13,127.95,5926.508,0.006350721097535025
2026-01-02 09:00:00,127.96,129.86,127.82,129.37,18164.425,0.011036953324012834
2026-01-02 10:00:00,129.39,129.98,128.88,128.94,11052.175,-0.0033293360473364815
2026-01-02 11:00:00,128.95,128.97,128.0,128.22,8670.361,-0.0055996413233628094
2026-01-02 12:00:00,128.22,128.64,127.92,128.43,7260.271,0.0016364702658532063
2026-01-02 13:00:00,128.43,128.78,128.29,128.37,7053.917,-0.00046728972812928155
2026-01-02 14:00:00,128.37,129.64,126.84,128.74,19119.199,0.0028781475276347143
2026-01-02 15:00:00,128.74,129.52,127.43,128.97,16410.228,0.0017849525518300808
2026-01-02 16:00:00,128.98,131.78,128.68,130.93,29331.747,0.015083010063362153
2026-01-02 17:00:00,130.93,132.3,130.71,131.44,20409.18351347,0.0038876444893506724
2026-01-02 18:00:00,131.45,132.01,130.35,130.78,10215.326,-0.0050339515958827755
2026-01-02 19:00:00,130.8,131.78,130.65,131.62,8252.55,0.006402460894843177
2026-01-02 20:00:00,131.63,132.13,130.84,131.13,7577.225,-0.0037297854846402574
2026-01-02 21:00:00,131.15,132.13,131.15,131.94,5681.531,0.006158076251392067
2026-01-02 22:00:00,131.93,133.24,131.91,132.63,15167.708,0.005216022711536594
2026-01-02 23:00:00,132.62,132.74,131.93,132.29,8760.172,-0.002566814031972838
2026-01-03 00:00:00,132.29,132.94,132.25,132.49,9367.11,0.001510688405743268
2026-01-03 01:00:00,132.54,132.97,132.37,132.63,3486.738,0.001056125626229557
2026-01-03 02:00:00,132.64,133.08,132.08,132.86,6706.106,0.001732645730833771
2026-01-03 03:00:00,132.86,133.16,132.21,132.84,6493.757,-0.00015054572854932127
2026-01-03 04:00:00,132.84,132.92,132.19,132.36,4289.0179458,-0.0036199134551343527
2026-01-03 05:00:00,132.36,132.53,131.64,131.91,4364.543,-0.003405611192583138
2026-01-03 06:00:00,131.91,132.29,131.08,131.19,4761.538,-0.005473217767889541
2026-01-03 07:00:00,131.18,131.39,129.62,130.09,15444.51499962,-0.008420135479471236
2026-01-03 08:00:00,130.09,131.03,129.8,130.68,9529.19036885,0.00452506811940187
2026-01-03 09:00:00,130.69,131.45,130.4,131.16,6034.882,0.003666365243578053
2026-01-03 10:00:00,131.17,131.23,130.83,130.95,4803.543,-0.001602381022726646
2026-01-03 11:00:00,130.95,130.98,130.48,130.71,3748.152,-0.001834442156260348
2026-01-03 12:00:00,130.72,130.94,130.51,130.89,3910.006,0.0013761470061672686
2026-01-03 13:00:00,130.9,131.4,130.81,131.3,4700.084,0.003127505505122843
2026-01-03 14:00:00,131.3,132.17,131.14,132.0,5862.017,0.005317141277620339
2026-01-03 15:00:00,132.0,132.03,131.15,131.47,8488.911,-0.0040232338778579775
2026-01-03 16:00:00,131.48,131.99,131.48,131.77,5079.068,0.0022792898486480645
2026-01-03 17:00:00,131.78,132.04,131.65,131.89,2475.758,0.0009102632806324411
2026-01-03 18:00:00,131.9,132.11,131.62,131.97,2845.123,0.0006063821909448641
2026-01-03 19:00:00,131.97,131.97,131.68,131.78,2768.914,-0.0014407585430642289
2026-01-03 20:00:00,131.79,132.02,131.36,131.98,3944.988,0.0015165304696016242
2026-01-03 21:00:00,131.99,133.04,131.81,132.86,6331.981,0.006645546281819636
2026-01-03 22:00:00,132.87,133.97,132.61,133.41,10026.792,0.004131150953619594
2026-01-03 23:00:00,133.43,133.75,133.1,133.37,4745.28,-0.0002998725564115005
2026-01-04 00:00:00,133.38,134.95,133.33,134.58,13356.18,0.009031597125868835
2026-01-04 01:00:00,134.57,134.72,133.43,133.95,8785.13174488,-0.0046922217695543915
2026-01-04 02:00:00,133.97,134.0,133.49,133.72,5932.377,-0.0017185344387198398
2026-01-04 03:00:00,133.73,134.68,133.66,134.62,8436.9,0.006707933030669339
2026-01-04 04:00:00,134.62,134.86,134.25,134.31,5983.9442515,-0.0023054336615832473
2026-01-04 05:00:00,134.31,134.61,134.29,134.55,3281.468,0.001785316251931116
2026-01-04 06:00:00,134.56,134.99,133.7,133.76,8340.682,-0.0058887278365234285
2026-01-04 07:00:00,133.79,134.14,133.69,133.82,6512.758,0.0004484640182794049
2026-01-04 08:00:00,133.81,134.17,133.25,134.12,7923.018,0.0022393082433569264
2026-01-04 09:00:00,134.11,134.56,133.87,134.33,8104.672,0.0015645374768940444
2026-01-04 10:00:00,134.32,134.89,134.24,134.7,6730.112,0.0027506243413963783
2026-01-04 11:00:00,134.7,134.7,134.17,134.38,4709.696,-0.002378475924314291
2026-01-04 12:00:00,134.39,134.89,134.2,134.34,5144.052,-0.00029770765328537797
2026-01-04 13:00:00,134.34,134.55,133.77,134.53,5695.67,0.0014133226587330126
2026-01-04 14:00:00,134.53,135.0,134.19,134.97,12632.288,0.0032653090237389835
2026-01-04 15:00:00,134.97,135.33,134.3,134.91,9382.296,-0.0004446420704648965
2026-01-04 16:00:00,134.91,135.53,134.77,135.11,9143.76,0.0014813720211421105
2026-01-04 17:00:00,135.11,135.36,134.82,134.83,6288.712,-0.00207453582588453
2026-01-04 18:00:00,134.84,134.88,133.72,134.2,7253.85103428,-0.004683501108401916
2026-01-04 19:00:00,134.21,134.21,133.12,133.55,11167.553,-0.004855284981611422
2026-01-04 20:00:00,133.55,134.24,133.4,134.02,4831.64799393,0.0035131029890546916
2026-01-04 21:00:00,134.02,134.58,133.74,133.94,5187.8719559,-0.0005971040631206171
2026-01-04 22:00:00,133.94,134.44,133.82,134.18,4633.716,0.0017902436528379197
2026-01-04 23:00:00,134.17,134.85,133.68,134.12,9511.313,-0.0004472605367142452
2026-01-05 00:00:00,134.11,135.81,134.03,135.53,15969.298,0.010458096429896828
2026-01-05 01:00:00,135.55,137.73,135.29,136.74,26370.919,0.008888294457723319
2026-01-05 02:00:00,136.77,137.23,135.72,136.88,10660.524,0.001023317098290003
2026-01-05 03:00:00,136.88,137.31,136.58,136.65,7089.972,-0.0016817172098609495
2026-01-05 04:00:00,136.64,136.77,135.01,135.69,10400.426,-0.00705004021621557
2026-01-05 05:00:00,135.69,136.31,135.03,135.09,7016.822,-0.004431649176271478
2026-01-05 06:00:00,135.06,135.69,134.63,135.62,7111.078,0.003915634274106122
2026-01-05 07:00:00,135.61,135.74,135.13,135.43,5048.939,-0.001401955588416044
2026-01-05 08:00:00,135.43,135.94,135.21,135.22,6801.261,-0.0015518200047481402
2026-01-05 09:00:00,135.22,135.66,134.78,135.44,7818.75326552,0.0016256561623479698
2026-01-05 10:00:00,135.44,136.03,135.28,135.8,10297.591,0.0026544772997160676
2026-01-05 11:00:00,135.8,135.81,135.25,135.76,7349.885,-0.0002945941986249871
2026-01-05 12:00:00,135.75,135.83,134.9,135.11,6609.166,-0.004799359454102996
2026-01-05 13:00:00,135.12,135.39,133.28,133.81,13260.477,-0.009668378154970382
2026-01-05 14:00:00,133.81,135.59,133.21,134.98,26899.045,0.008705735998362845
2026-01-05 15:00:00,134.99,136.47,134.17,136.14,25629.049,0.008557148704544985
2026-01-05 16:00:00,136.13,136.3,134.98,135.4,17597.80499975,-0.005450407541630591
2026-01-05 17:00:00,135.43,136.85,134.33,136.51,14237.73,0.008164511536711752
2026-01-05 18:00:00,136.53,137.56,135.7,137.38,17728.492,0.006352936770849189
2026-01-05 19:00:00,137.38,138.8,137.11,138.25,14860.523,0.006312831616708646
2026-01-05 20:00:00,138.25,139.85,137.7,137.86,15642.092,-0.002824962944938268
2026-01-05 21:00:00,137.89,138.73,137.89,138.4,7079.548,0.00390936572606346
2026-01-05 22:00:00,138.4,139.13,138.29,138.76,10446.06993353,0.0025977789179795602
2026-01-05 23:00:00,138.78,138.94,137.9,137.9,7336.359,-0.006217037302292685
2026-01-06 00:00:00,137.91,138.19,136.9,137.73,9767.2,-0.0012335378700158576
2026-01-06 01:00:00,137.73,138.52,137.36,137.58,8925.792,-0.001089680831372084
2026-01-06 02:00:00,137.58,138.0,137.32,137.61,7872.808,0.00021803117932227167
2026-01-06 03:00:00,137.61,138.61,137.57,138.38,6270.925,0.0055799267934745125
2026-01-06 04:00:00,138.38,139.0,138.22,138.44,6699.146,0.000433494696478585
2026-01-06 05:00:00,138.44,140.03,138.09,139.56,11180.127,0.008057597551429797
2026-01-06 06:00:00,139.57,139.77,138.87,139.0,9589.314,-0.00402068318788162
2026-01-06 07:00:00,139.02,139.1,137.36,137.6,7797.417,-0.010123007631448565
2026-01-06 08:00:00,137.6,138.13,137.42,137.62,6435.348,0.00014533827509061216
2026-01-06 09:00:00,137.62,138.43,137.51,137.78,4979.90099986,0.0011619463907159844
2026-01-06 10:00:00,137.78,138.13,137.44,137.72,6657.802,-0.0004355716947267702
2026-01-06 11:00:00,137.74,139.67,137.65,139.51,10677.909,0.012913644809693514
2026-01-06 12:00:00,139.52,139.61,138.9,139.09,7450.172,-0.00301507766097781
2026-01-06 13:00:00,139.08,139.42,138.73,139.1,6302.219,7.189331035835255e-05
2026-01-06 14:00:00,139.11,143.46,139.11,141.99,34883.2347415,0.02056353365686921
2026-01-06 15:00:00,142.0,143.19,141.13,141.59,20703.254,-0.0028210752893868397
2026-01-06 16:00:00,141.58,141.95,138.18,138.93,25583.97059578,-0.018965348136109193
2026-01-06 17:00:00,138.91,139.17,136.45,136.55,23003.361,-0.01727936124105619
2026-01-06 18:00:00,136.52,137.99,136.2,137.57,17404.739,0.007442030553189977
2026-01-06 19:00:00,137.58,138.06,137.32,137.56,6818.823,-7.269290883873404e-05
2026-01-06 20:00:00,137.55,139.18,137.52,138.93,8107.268,0.00991002359670476
2026-01-06 21:00:00,138.99,141.97,138.69,140.25,17506.501,0.009456335242035444
2026-01-06 22:00:00,140.24,141.0,139.57,140.03,8647.825,-0.0015698590351200178
2026-01-06 23:00:00,140.03,141.35,140.03,141.08,7310.433,0.0074704200001656715
2026-01-07 00:00:00,141.09,141.38,139.78,139.87,5964.93295587,-0.008613685576638778
2026-01-07 01:00:00,139.86,140.63,138.82,138.92,8731.223,-0.006815191915339458
2026-01-07 02:00:00,138.92,140.08,138.49,139.93,9560.41799993,0.00724406969174889
2026-01-07 03:00:00,139.97,140.55,139.38,139.58,6084.084,-0.0025043839786163574
2026-01-07 04:00:00,139.57,139.72,138.75,138.76,4578.44048656,-0.005892091487456803
2026-01-07 05:00:00,138.78,139.34,138.18,138.52,8236.015,-0.0017311025673275879
2026-01-07 06:00:00,138.53,139.08,138.47,138.8,4607.434,0.0020193285384830103
2026-01-07 07:00:00,138.8,139.44,138.79,139.39,4192.832,0.00424171166909066
2026-01-07 08:00:00,139.39,139.79,139.1,139.41,8362.018,0.00014347202320168435
2026-01-07 09:00:00,139.41,139.48,136.58,136.91,16593.24,-0.018095456119332005
2026-01-07 10:00:00,136.89,137.71,136.76,137.59,6555.735,0.004954472794060501
2026-01-07 11:00:00,137.57,138.2,137.51,137.96,5420.103,0.002685539628914962
2026-01-07 12:00:00,137.95,138.21,137.64,137.92,5783.467,-0.0002899811532572841
2026-01-07 13:00:00,137.92,138.51,137.56,138.12,7500.451,0.0014490656064086763
2026-01-07 14:00:00,138.13,138.21,136.6,138.02,14456.22278526,-0.0007242703293357226
2026-01-07 15:00:00,138.03,138.08,135.27,135.71,20815.46,-0.016878346099176506
2026-01-07 16:00:00,135.71,136.67,135.36,135.68,8136.193,-0.00022108404968639603
2026-01-07 17:00:00,135.7,136.47,135.41,135.61,7503.61,-0.0005160529437389692
2026-01-07 18:00:00,135.59,135.91,134.77,135.24,11236.03963467,-0.0027321412601686943
2026-01-07 19:00:00,135.24,135.99,134.4,135.75,10765.33,0.003763980974359453
2026-01-07 20:00:00,135.76,136.01,135.03,135.82,8524.942,0.0005155208716003838
2026-01-07 21:00:00,135.8,136.35,135.67,136.2,5865.687,0.002793914029766614
2026-01-07 22:00:00,136.18,136.81,135.78,136.48,5590.97569056,0.002053690027956923
2026-01-07 23:00:00,136.48,137.06,135.88,136.4,9832.441,-0.0005863383340071579
2026-01-08 00:00:00,136.4,136.97,136.01,136.82,5063.135,0.0030744479234900853
2026-01-08 01:00:00,136.83,137.4,136.72,136.83,5792.42,7.30860588669399e-05
2026-01-08 02:00:00,136.84,137.99,136.61,137.89,16551.1461236,0.007716986461930895
2026-01-08 03:00:00,137.94,138.29,136.6,136.75,7325.286,-0.008301824551559086
2026-01-08 04:00:00,136.75,138.32,136.45,137.65,8770.544,0.00655979028652574
2026-01-08 05:00:00,137.66,138.06,136.53,136.64,5973.003,-0.007364501548356734
2026-01-08 06:00:00,136.65,136.76,134.74,134.82,12494.327,-0.013409174614966875
2026-01-08 07:00:00,134.85,135.98,133.79,135.89,15337.439,0.007905179507113247
2026-01-08 08:00:00,135.9,136.21,135.06,135.11,6971.356,-0.005756473460538194
2026-01-08 09:00:00,135.12,135.51,134.36,134.49,6741.361,-0.004599414636409911
2026-01-08 10:00:00,134.48,135.42,133.93,135.11,8411.467,0.004599414636409919
2026-01-08 11:00:00,135.1,135.28,134.3,134.78,6539.986,-0.0024454419537968965
2026-01-08 12:00:00,134.81,134.82,133.73,134.13,8242.426,-0.004834340604071978
2026-01-08 13:00:00,134.13,134.57,133.69,134.47,8971.846,0.0025316469217797266
2026-01-08 14:00:00,134.47,134.47,132.73,134.04,17239.249,-0.0032028629666689887
2026-01-08 15:00:00,134.03,136.55,133.41,136.43,17509.99,0.017673399705673186
2026-01-08 16:00:00,136.41,138.21,136.28,138.19,20860.421,0.012817887240610533
2026-01-08 17:00:00,138.22,138.81,137.28,138.73,11334.22471052,0.003900048277240732
2026-01-08 18:00:00,138.71,139.06,137.93,138.08,9708.05336047,-0.00469637075751622
2026-01-08 19:00:00,138.09,138.4,137.22,137.52,7289.305,-0.004063866260524009
2026-01-08 20:00:00,137.53,137.84,136.54,137.7,9545.52,0.0013080446600151673
2026-01-08 21:00:00,137.73,139.81,137.72,139.58,11193.17,0.013560507854396683
2026-01-08 22:00:00,139.61,140.04,138.31,138.87,12016.371,-0.00509966987771676
2026-01-08 23:00:00,138.87,139.18,138.25,138.37,8113.452,-0.003606987029995852
2026-01-09 00:00:00,138.38,139.32,138.29,139.13,5738.596,0.005477491172492379
2026-01-09 01:00:00,139.14,139.59,137.75,138.29,10041.328,-0.006055818377218415
2026-01-09 02:00:00,138.28,139.53,138.24,138.96,6729.81099592,0.00483319245628272
2026-01-09 03:00:00,138.98,141.15,138.92,140.79,10394.73,0.013083296541586457
2026-01-09 04:00:00,140.8,141.06,139.67,139.76,5568.30441613,-0.007342752648634836
2026-01-09 05:00:00,139.76,140.14,139.47,139.96,5067.509,0.0014300016736863417
2026-01-09 06:00:00,139.95,140.84,139.66,140.71,5775.518,0.005344367300677074
2026-01-09 07:00:00,140.71,140.71,139.54,139.55,5620.229,-0.008278074817833162
2026-01-09 08:00:00,139.56,139.68,137.05,137.87,11379.753,-0.01211174779879354
2026-01-09 09:00:00,137.94,139.06,137.91,138.46,9410.17299602,0.004270263066341768
2026-01-09 10:00:00,138.47,138.99,138.15,138.73,7002.796,0.001948122842754679
2026-01-09 11:00:00,138.73,138.89,138.0,138.29,12440.794,-0.003176668616067135
2026-01-09 12:00:00,138.29,138.62,137.59,137.71,5671.435,-0.004202904737532294
2026-01-09 13:00:00,137.72,139.41,137.67,138.64,16542.173,0.00673062066831591
2026-01-09 14:00:00,138.64,138.64,136.47,136.88,15438.029,-0.012776015823412588
2026-01-09 15:00:00,136.88,140.86,136.17,138.81,28909.746,0.014001462003080025
2026-01-09 16:00:00,138.83,140.24,138.72,139.95,13921.89731215,0.008179124374444563
2026-01-09 17:00:00,139.96,140.06,137.36,138.48,9481.465,-0.010559305093508732
2026-01-09 18:00:00,138.47,138.47,135.79,136.85,14034.48136601,-0.011840475381265723
2026-01-09 19:00:00,136.84,136.84,135.47,135.81,7917.79696763,-0.0076285853707110845
2026-01-09 20:00:00,135.8,136.06,134.99,135.59,10363.37149686,-0.0016212236417591315
2026-01-09 21:00:00,135.6,136.43,135.43,136.01,7105.262,0.003092785970444154
2026-01-09 22:00:00,136.03,136.22,135.57,136.17,4743.46,0.0011756926918219542
2026-01-09 23:00:00,136.17,136.45,135.78,135.97,4980.728,-0.0014698319688892082
2026-01-10 00:00:00,135.97,136.13,135.7,135.89,3903.344,-0.0005885382351887107
2026-01-10 01:00:00,135.9,136.5,135.79,136.48,5845.168,0.004332348810962903
2026-01-10 02:00:00,136.48,136.68,135.93,136.4,3373.282,-0.0005863383340071579
2026-01-10 03:00:00,136.4,136.4,135.93,136.17,3403.25,-0.0016876402728779234
2026-01-10 04:00:00,136.16,136.18,135.76,135.84,3075.053,-0.0024263825734465966
2026-01-10 05:00:00,135.86,136.34,135.81,135.95,3535.052,0.000809448515442318
2026-01-10 06:00:00,135.96,136.19,135.77,135.99,3134.561,0.0002941825423879258
2026-01-10 07:00:00,136.0,136.26,135.97,136.06,3161.149,0.0005146112960469941
2026-01-10 08:00:00,136.09,136.35,136.01,136.22,2609.236228,0.0011752608962576645
2026-01-10 09:00:00,136.23,136.62,136.1,136.62,3182.363,0.002932123490530883
2026-01-10 10:00:00,136.63,137.03,136.42,136.99,4660.538,0.002704581159594869
2026-01-10 11:00:00,137.01,137.01,136.41,136.58,3308.44,-0.002997406930354962
2026-01-10 12:00:00,136.59,137.03,136.56,136.63,3745.567,0.00036601881745320497
2026-01-10 13:00:00,136.64,136.64,136.09,136.36,4083.458,-0.0019780950806940496
2026-01-10 14:00:00,136.35,136.45,136.02,136.15,2769.43,-0.0015412281499337789
2026-01-10 15:00:00,136.15,136.53,136.09,136.41,4023.989,0.00190783738526019
2026-01-10 16:00:00,136.42,136.64,136.17,136.4,4057.0949973,-7.331109566712165e-05
2026-01-10 17:00:00,136.41,136.7,136.13,136.15,3218.316,-0.0018345262895931188
2026-01-10 18:00:00,136.16,136.33,135.92,136.17,3941.506,0.00014688601671530488
2026-01-10 19:00:00,136.17,136.25,136.0,136.22,4350.668,0.0003671206766884939
2026-01-10 20:00:00,136.23,136.27,136.0,136.08,2761.703,-0.0010282777255659324
2026-01-10 21:00:00,136.07,136.1,135.74,135.77,2771.628,-0.002280670475416441
2026-01-10 22:00:00,135.77,135.92,135.4,135.56,3474.658,-0.0015479308733392842
2026-01-10 23:00:00,135.56,136.06,135.5,135.85,4173.959,0.0021369891335062037
2026-01-11 00:00:00,135.86,136.44,135.76,136.4,3863.601,0.004040409537005127
2026-01-11 01:00:00,136.4,136.47,136.11,136.3,2840.582,-0.0007334067068747942
2026-01-11 02:00:00,136.31,136.44,135.97,136.0,2729.462,-0.0022034529664350204
2026-01-11 03:00:00,136.01,136.3,135.84,136.26,2679.336,0.0019099396094701296
2026-01-11 04:00:00,136.27,136.4,135.98,136.18,4419.55411301,-0.0005872852907013975
2026-01-11 05:00:00,136.19,136.41,136.0,136.28,4080.126,0.0007340527379452777
2026-01-11 06:00:00,136.28,136.37,135.88,136.13,2434.511,-0.0011012812683841252
2026-01-11 07:00:00,136.14,136.26,135.99,136.19,2086.553,0.00044065805648427176
2026-01-11 08:00:00,136.19,136.89,136.1,136.77,3462.126,0.004249713312593826
2026-01-11 09:00:00,136.77,136.81,136.38,136.48,3111.89,-0.002122599150090858
2026-01-11 10:00:00,136.48,136.7,136.29,136.57,2588.281,0.0006592199469641675
2026-01-11 11:00:00,136.57,136.78,136.5,136.57,2597.575,0.0
2026-01-11 12:00:00,136.58,137.27,136.52,137.11,4191.643,0.0039462196782306756
2026-01-11 13:00:00,137.11,137.33,136.95,137.26,4179.456,0.0010934141119247286
2026-01-11 14:00:00,137.26,139.44,137.24,139.2,10694.844,0.01403481041983069
2026-01-11 15:00:00,139.21,139.53,137.85,138.43,11571.402,-0.005546965200675554
2026-01-11 16:00:00,138.44,141.57,138.44,140.05,26001.962,0.011634719006474
2026-01-11 17:00:00,140.04,140.21,138.77,139.68,7559.06493225,-0.002645409614825498
2026-01-11 18:00:00,139.68,140.18,139.14,140.02,5255.798,0.002431177457759439
2026-01-11 19:00:00,140.02,140.14,139.06,139.45,8405.219,-0.004079155475553771
2026-01-11 20:00:00,139.43,139.43,137.98,138.55,11046.547,-0.006474842764510356
2026-01-11 21:00:00,138.54,138.92,137.99,138.69,5429.678,0.0010099553592562863
2026-01-11 22:00:00,138.69,138.69,137.71,138.22,5283.097,-0.0033946080049955096
2026-01-11 23:00:00,138.23,139.75,137.52,139.7,10918.92207692,0.010650647599667731
2026-01-12 00:00:00,139.69,141.34,138.92,141.34,26114.142,0.011671068999792132
2026-01-12 01:00:00,141.33,141.92,140.73,141.03,16520.7601513,-0.002195701558559404
2026-01-12 02:00:00,141.05,142.7,140.95,142.41,14925.695,0.00973758752718738
2026-01-12 03:00:00,142.42,144.36,142.4,142.53,21669.84556985,0.0008422826356032311
2026-01-12 04:00:00,142.53,143.06,142.45,142.78,7001.944,0.0017524802073749118
2026-01-12 05:00:00,142.77,143.22,142.5,142.78,5698.694,0.0
2026-01-12 06:00:00,142.78,143.33,141.88,141.98,7663.41692332,-0.005618781463074777
2026-01-12 07:00:00,142.01,142.46,141.34,141.41,8654.4259869,-0.004022730291554657
2026-01-12 08:00:00,141.41,142.05,139.07,140.07,15432.40390965,-0.009521174668729768
2026-01-12 09:00:00,140.06,140.25,139.14,139.55,10318.524,-0.0037193376686239857
2026-01-12 10:00:00,139.57,140.2,139.05,139.25,8067.518,-0.002152081174937829
2026-01-12 11:00:00,139.26,140.15,139.18,140.04,5701.198,0.0056572172790714395
2026-01-12 12:00:00,140.04,140.28,139.7,139.75,6279.45,-0.0020729840512563663
2026-01-12 13:00:00,139.76,140.12,139.39,139.75,6298.212,0.0
2026-01-12 14:00:00,139.76,140.81,138.7,140.44,15730.559,0.004925239265023025
2026-01-12 15:00:00,140.45,142.73,140.06,142.59,15194.833,0.015193027993796371
2026-01-12 16:00:00,142.57,144.25,142.12,143.0,17632.986,0.0028712509658795457
2026-01-12 17:00:00,142.98,143.7,141.16,141.92,14067.60358006,-0.007581111698638029
2026-01-12 18:00:00,141.93,142.83,140.6,141.23,18451.26795749,-0.004873751480296841
2026-01-12 19:00:00,141.22,141.48,140.65,141.02,9404.559,-0.0014880427900777454
2026-01-12 20:00:00,141.0,141.84,140.01,140.25,8446.323,-0.00547517988808893
2026-01-12 21:00:00,140.23,140.24,138.36,138.81,13005.857,-0.01032045281578777
2026-01-12 22:00:00,138.82,139.83,138.79,139.17,7724.289,0.0025901158447440456
2026-01-12 23:00:00,139.17,139.52,138.68,139.23,7959.77399969,0.00043103448943208894
2026-01-13 00:00:00,139.22,139.43,138.71,139.29,6687.528,0.00043084877874589357
2026-01-13 01:00:00,139.29,139.58,138.51,138.89,9832.0959981,-0.002875837771812439
2026-01-13 02:00:00,138.9,139.3,138.14,138.35,8719.34,-0.003895546695192614
2026-01-13 03:00:00,138.36,138.77,137.84,138.75,7947.5239443,0.0028870463936089778
2026-01-13 04:00:00,138.76,139.14,138.41,139.13,5089.692,0.0027349952272415264
2026-01-13 05:00:00,139.14,140.5,138.83,139.95,16942.093,0.005876468107677062
2026-01-13 06:00:00,139.96,140.75,139.87,140.61,9054.627,0.004704884641262068
2026-01-13 07:00:00,140.62,140.7,139.98,139.98,6794.429,-0.0044905453413310184
2026-01-13 08:00:00,139.97,141.84,139.97,141.61,7057.826,0.011577244973573934
2026-01-13 09:00:00,141.59,143.11,141.26,141.93,16932.008,0.002257178076199021
2026-01-13 10:00:00,141.96,142.62,141.73,142.09,7919.872,0.0011266813388175678
2026-01-13 11:00:00,142.1,142.26,141.55,141.83,6968.99,-0.001831502343467731
2026-01-13 12:00:00,141.84,142.34,141.42,142.22,8958.486,0.0027459971488556223
2026-01-13 13:00:00,142.22,143.45,141.8,142.45,25029.76,0.0016159064885454518
2026-01-13 14:00:00,142.45,143.82,141.7,142.06,22725.802,-0.0027415573742533197
2026-01-13 15:00:00,142.04,143.52,141.23,143.51,15723.58993284,0.010155215613176519
2026-01-13 16:00:00,143.51,144.53,142.88,143.16,17156.959,-0.0024418332850153763
2026-01-13 17:00:00,143.17,143.65,142.47,142.92,14118.134,-0.0016778527426160868
2026-01-13 18:00:00,142.9,143.88,142.7,143.48,12278.635,0.003910619508872853
2026-01-13 19:00:00,143.49,144.44,143.1,144.22,9861.733,0.005144258824531786
2026-01-13 20:00:00,144.24,144.42,143.04,143.83,12602.856,-0.002707864872815469
2026-01-13 21:00:00,143.83,144.29,143.38,143.39,9169.458,-0.0030638558888501605
2026-01-13 22:00:00,143.39,148.8,143.39,146.92,57115.866,0.024320030224518827
2026-01-13 23:00:00,146.96,147.58,144.64,145.51,23109.025,-0.009643408179279197
2026-01-14 00:00:00,145.52,145.87,144.33,145.05,14001.004,-0.0031663022047740807
2026-01-14 01:00:00,145.06,146.18,144.94,145.69,13130.869,0.004402566098491425
2026-01-14 02:00:00,145.7,146.58,145.32,145.51,11427.858,-0.0012362638937172558
2026-01-14 03:00:00,145.5,146.35,145.16,146.29,8270.77,0.005346140217807398
2026-01-14 04:00:00,146.27,146.43,144.84,144.91,10287.13498231,-0.009478092932161956
2026-01-14 05:00:00,144.92,145.19,144.38,144.47,6456.10696604,-0.003040986516542774
2026-01-14 06:00:00,144.48,144.72,143.95,144.7,9230.149,0.001590760096148189
2026-01-14 07:00:00,144.71,145.06,144.16,144.85,8182.492,0.001036090577921276
2026-01-14 08:00:00,144.85,145.17,144.66,144.9,5029.572,0.0003451251112773196
2026-01-14 09:00:00,144.92,145.63,144.86,145.48,6998.063,0.003994770792151375
2026-01-14 10:00:00,145.49,145.75,144.55,144.75,7734.004,-0.005030503665683643
2026-01-14 11:00:00,144.75,144.75,143.53,143.75,10157.751,-0.006932436775644791
2026-01-14 12:00:00,143.75,144.76,143.38,144.57,6755.196,0.005688139642891264
2026-01-14 13:00:00,144.57,144.89,144.06,144.23,10470.396,-0.0023545717249321917
2026-01-14 14:00:00,144.24,147.56,144.23,146.67,30563.553,0.01677591766324507
2026-01-14 15:00:00,146.63,147.54,145.95,147.06,26658.106,0.0026555015094123667
2026-01-14 16:00:00,147.08,148.44,146.85,147.08,28323.043,0.00013598966499522925
2026-01-14 17:00:00,147.09,147.64,145.73,145.99,15552.802,-0.007438530221182784
2026-01-14 18:00:00,145.99,147.44,145.34,146.35,15028.437,0.0024628869260061637
2026-01-14 19:00:00,146.33,147.53,146.16,146.77,14153.072,0.002865722485212713
2026-01-14 20:00:00,146.78,147.75,146.56,147.53,12577.75299779,0.005164809306368085
2026-01-14 21:00:00,147.51,147.51,146.28,146.96,15841.92097261,-0.0038711040226052703
2026-01-14 22:00:00,146.91,147.16,145.85,146.19,10227.994,-0.005253295383345761
2026-01-14 23:00:00,146.19,147.1,146.06,146.69,7330.589,0.003414370976146823
2026-01-15 00:00:00,146.7,146.72,145.48,146.02,6831.708,-0.00457791787173162
2026-01-15 01:00:00,146.05,146.5,144.82,145.16,9381.323,-0.0059070162830701664
2026-01-15 02:00:00,145.17,145.52,144.32,144.51,6536.503,-0.004487873034630482
2026-01-15 03:00:00,144.55,144.71,143.25,143.49,13810.226,-0.007083362949923804
2026-01-15 04:00:00,143.49,144.46,143.31,144.46,7242.643,0.006737306262385625
2026-01-15 05:00:00,144.45,144.83,144.31,144.61,5083.914,0.001037811004000179
2026-01-15 06:00:00,144.6,144.87,144.08,144.2,6110.115,-0.0028392387758522978
2026-01-15 07:00:00,144.21,145.28,144.11,145.0,5987.813,0.005532517569725698
2026-01-15 08:00:00,145.0,145.24,144.03,144.88,6125.547,-0.0008279288454165101
2026-01-15 09:00:00,144.89,145.99,144.49,145.62,10151.465,0.005094675391407042
2026-01-15 10:00:00,145.62,145.67,145.22,145.42,4641.287,-0.0013743817446543452
2026-01-15 11:00:00,145.42,145.68,144.82,144.87,4604.06,-0.0037893186683504794
2026-01-15 12:00:00,144.86,145.05,144.35,144.89,5067.545,0.00013804527907053006
2026-01-15 13:00:00,144.9,145.34,144.51,145.18,8678.492,0.00199951802406383
2026-01-15 14:00:00,145.19,145.65,143.26,143.95,15288.252,-0.008508334798509877
2026-01-15 15:00:00,143.92,144.35,141.81,143.53,26299.788,-0.0029219444748958445
2026-01-15 16:00:00,143.49,144.05,142.82,143.6,12284.984,0.0004875840308347907
2026-01-15 17:00:00,143.55,144.21,142.5,142.65,10604.212,-0.006637578954614704
2026-01-15 18:00:00,142.67,143.02,141.5,141.57,17330.111,-0.0075997832531032065
2026-01-15 19:00:00,141.54,141.84,140.95,141.53,12057.186,-0.0002825856606582959
2026-01-15 20:00:00,141.54,141.89,141.04,141.44,11108.155,-0.000636109856414242
2026-01-15 21:00:00,141.45,142.27,141.3,142.09,4169.856,0.004585060760650663
2026-01-15 22:00:00,142.1,142.58,142.0,142.42,5779.818,0.0023197789039947404
2026-01-15 23:00:00,142.39,142.67,142.09,142.41,5256.295,-7.021732264222379e-05
2026-01-16 00:00:00,142.42,142.82,142.26,142.45,5607.012,0.0002808397125807724
2026-01-16 01:00:00,142.46,142.72,141.99,142.35,3782.111,-0.0007022472198706951
2026-01-16 02:00:00,142.36,142.36,141.7,142.2,4737.6226368,-0.0010542963549060478
2026-01-16 03:00:00,142.21,142.48,141.88,141.95,6914.84399938,-0.0017596344501602682
2026-01-16 04:00:00,141.96,142.73,141.45,141.68,7016.631,-0.0019038894444019872
2026-01-16 05:00:00,141.67,143.6,141.49,143.18,10604.502,0.010531586493460747
2026-01-16 06:00:00,143.19,143.38,142.75,143.31,4140.626,0.0009075361019412528
2026-01-16 07:00:00,143.32,143.32,142.62,142.93,3393.705,-0.002655116148956267
2026-01-16 08:00:00,142.94,143.45,142.93,143.16,4686.537,0.0016078859768012116
2026-01-16 09:00:00,143.15,143.45,142.91,143.07,4056.636,-0.0006288649195824567
2026-01-16 10:00:00,143.07,143.17,142.73,143.09,3636.682,0.00013978194040096438
2026-01-16 11:00:00,143.1,143.58,142.81,143.13,4946.576,0.0002795052774816286
2026-01-16 12:00:00,143.15,143.85,143.12,143.66,5788.741,0.0036960884505302617
2026-01-16 13:00:00,143.67,143.67,142.69,143.09,5621.391,-0.003975593728011861
2026-01-16 14:00:00,143.09,143.74,142.85,143.03,7797.494,-0.00041940445183496464
2026-01-16 15:00:00,143.03,143.67,140.27,140.79,21469.763,-0.01578497999237283
2026-01-16 16:00:00,140.73,141.99,140.66,141.89,12132.353,0.0077826910447860555
2026-01-16 17:00:00,141.94,143.39,141.42,143.32,11949.228,0.01002778291753111
2026-01-16 18:00:00,143.32,144.17,142.99,143.52,7303.348,0.0013945058737330311
2026-01-16 19:00:00,143.52,144.51,143.02,144.18,6448.432,0.0045881206659466375
2026-01-16 20:00:00,144.19,144.99,143.5,144.95,9754.074,0.005326336391231907
2026-01-16 21:00:00,144.97,145.56,144.71,145.03,8189.03,0.0005517622044941783
2026-01-16 22:00:00,145.05,145.13,144.59,144.94,5656.886,-0.0006207538910233806
2026-01-16 23:00:00,144.93,145.2,144.76,144.89,3562.78,-0.0003450298485044868
2026-01-17 00:00:00,144.9,144.97,144.21,144.32,3753.25491202,-0.003941777518317293
2026-01-17 01:00:00,144.33,144.82,144.23,144.66,4501.882,0.002353105106821233
2026-01-17 02:00:00,144.66,144.68,144.26,144.59,3503.2,-0.0004840103810996623
2026-01-17 03:00:00,144.59,144.62,144.25,144.37,2683.28199981,-0.0015227023983117635
2026-01-17 04:00:00,144.37,144.5,144.23,144.31,1941.652,-0.00041568519373680573
2026-01-17 05:00:00,144.32,144.35,143.95,143.98,2758.58099962,-0.002289362406829637
2026-01-17 06:00:00,143.98,144.08,143.77,143.86,2077.424,-0.0008337966019465416
2026-01-17 07:00:00,143.86,143.97,143.62,143.64,2395.956,-0.0015304350813282932
2026-01-17 08:00:00,143.65,144.25,143.61,144.22,3257.093,0.004029742130731458
2026-01-17 09:00:00,144.23,144.65,144.0,144.46,2146.897,0.0016627411340874305
2026-01-17 10:00:00,144.46,144.62,143.93,143.97,4503.747,-0.0033977080844369402
2026-01-17 11:00:00,143.97,144.17,143.32,144.0,5421.559,0.0002083550377368153
2026-01-17 12:00:00,144.01,144.07,143.67,143.75,3215.789,-0.0017376198985408486
2026-01-17 13:00:00,143.76,144.04,143.59,144.02,3209.897,0.0018764991432610395
2026-01-17 14:00:00,144.01,144.26,143.75,143.92,3684.023,-0.0006945891784432123
2026-01-17 15:00:00,143.93,144.36,143.71,144.33,4576.995,0.002844754737194576
2026-01-17 16:00:00,144.33,144.34,143.67,143.9,5770.208,-0.002983730486149897
2026-01-17 17:00:00,143.9,144.25,143.84,144.07,3742.129,0.001180678680059392
2026-01-17 18:00:00,144.08,144.28,143.99,144.28,2529.132,0.0014565634619567237
2026-01-17 19:00:00,144.28,144.52,144.12,144.26,2368.281,-0.00013862895981170718
2026-01-17 20:00:00,144.27,144.58,144.2,144.51,1536.84,0.0017314822347126457
2026-01-17 21:00:00,144.5,144.56,144.23,144.26,2102.494,-0.0017314822347124904
2026-01-17 22:00:00,144.26,144.26,143.52,143.78,5002.087,-0.003332873519801041
2026-01-17 23:00:00,143.77,144.03,143.66,143.75,3880.12166108,-0.00020867387826566886
2026-01-18 00:00:00,143.73,143.97,143.12,143.24,5609.063,-0.0035541345472278212
2026-01-18 01:00:00,143.26,143.4,142.0,142.77,13775.225,-0.0032866013291031884
2026-01-18 02:00:00,142.77,143.03,141.95,142.56,5625.164,-0.0014719800786297053
2026-01-18 03:00:00,142.55,142.93,142.39,142.82,2483.889,0.0018221323984647362
2026-01-18 04:00:00,142.83,142.92,142.56,142.84,2171.624,0.000140026605283878
2026-01-18 05:00:00,142.85,142.97,142.57,142.85,2876.29,7.000595053438852e-05
2026-01-18 06:00:00,142.86,143.03,142.55,142.71,3906.263,-0.0009805295644822304
2026-01-18 07:00:00,142.7,142.71,142.03,142.12,3212.779,-0.004142827959473496
2026-01-18 08:00:00,142.12,142.46,141.94,142.45,3316.812,0.00231928979109077
2026-01-18 09:00:00,142.44,142.64,142.35,142.53,1853.769,0.0005614429230224921
2026-01-18 10:00:00,142.54,142.54,142.18,142.44,2363.317,-0.0006316454573626397
2026-01-18 11:00:00,142.43,142.49,142.21,142.4,1892.695,-0.00028085943170155043
2026-01-18 12:00:00,142.41,142.52,142.19,142.26,2133.347,-0.0009836296725063342
2026-01-18 13:00:00,142.25,142.5,142.02,142.38,3815.979,0.0008431703703582183
2026-01-18 14:00:00,142.37,142.74,141.65,141.72,6852.375,-0.004646259678455873
2026-01-18 15:00:00,141.72,142.14,141.51,142.0,5987.564,0.0019737776039895063
2026-01-18 16:00:00,142.0,142.41,141.77,142.04,7209.746,0.00028165047362645787
2026-01-18 17:00:00,142.04,142.47,141.87,142.39,6721.834,0.002461063718015953
2026-01-18 18:00:00,142.37,142.95,142.09,142.76,5579.725,0.002595126829056428
2026-01-18 19:00:00,142.77,143.23,142.13,142.28,5680.927,-0.003367951541705071
2026-01-18 20:00:00,142.28,142.55,141.96,142.46,4585.227,0.0012643114699533917
2026-01-18 21:00:00,142.47,142.78,142.38,142.66,5716.596,0.0014029182996841668
2026-01-18 22:00:00,142.66,143.03,142.49,142.87,4830.939,0.0014709490271748035
2026-01-18 23:00:00,142.86,142.86,137.78,137.86,30452.85612862,-0.0356964484195609
2026-01-19 00:00:00,137.86,137.86,130.01,133.77,126198.323,-0.030116770150010824
2026-01-19 01:00:00,133.76,134.44,133.44,133.78,12089.745,7.475238276690882e-05
2026-01-19 02:00:00,133.79,134.09,133.49,133.82,7981.797,0.0002989536644089179
2026-01-19 03:00:00,133.81,134.13,133.62,133.93,6477.893,0.0008216620443600577
2026-01-19 04:00:00,133.94,134.06,133.52,133.71,5075.211,-0.001643999772456553
2026-01-19 05:00:00,133.7,133.97,133.33,133.36,11885.856,-0.002621037184035562
2026-01-19 06:00:00,133.37,133.42,132.73,133.28,6682.338,-0.0006000600240060485
2026-01-19 07:00:00,133.28,133.55,133.21,133.49,4314.841,0.0015743902491084376
2026-01-19 08:00:00,133.49,134.05,133.3,133.89,8136.887,0.0029919986416470606
2026-01-19 09:00:00,133.88,134.03,133.55,133.74,4904.049,-0.0011209506834555325
2026-01-19 10:00:00,133.75,133.85,133.55,133.8,3308.33188003,0.00044853106829570487
2026-01-19 11:00:00,133.8,134.35,133.66,134.11,4661.098,0.002314211028720737
2026-01-19 12:00:00,134.11,134.18,133.72,134.12,8152.775,7.456287517887548e-05
2026-01-19 13:00:00,134.12,134.13,133.61,133.72,3376.717,-0.002986860046129986
2026-01-19 14:00:00,133.73,133.77,133.28,133.5,4676.599,-0.0016465837115936502
2026-01-19 15:00:00,133.51,133.91,133.45,133.54,6533.836,0.0002995805894183771
2026-01-19 16:00:00,133.55,134.63,133.48,134.48,7670.007,0.007014430670637401
2026-01-19 17:00:00,134.47,134.52,134.09,134.28,5560.321,-0.0014883169885258859
2026-01-19 18:00:00,134.29,134.41,133.9,134.28,3409.09,0.0
2026-01-19 19:00:00,134.28,134.7,134.26,134.46,2825.18698898,0.0013395849290565674
2026-01-19 20:00:00,134.46,135.16,134.46,134.68,3950.097,0.0016348372519830276
2026-01-19 21:00:00,134.69,134.99,134.08,134.1,3063.035,-0.0043158040052409564
2026-01-19 22:00:00,134.09,134.2,132.92,132.97,9982.744,-0.008462251419018357
2026-01-19 23:00:00,132.97,133.92,132.76,133.46,7546.303,0.0036782686068461195
2026-01-20 00:00:00,133.46,133.94,133.1,133.73,7097.239,0.002021034409244647
2026-01-20 01:00:00,133.72,134.27,133.32,133.85,5617.568,0.000896928081656378
2026-01-20 02:00:00,133.87,134.14,133.37,133.81,5813.74,-0.00029888664946398693
2026-01-20 03:00:00,133.85,134.63,133.51,134.24,10497.282,0.003208359401998647
2026-01-20 04:00:00,134.25,134.25,133.22,133.42,6909.508,-0.006127195437526809
2026-01-20 05:00:00,133.42,133.51,132.41,133.03,11428.616,-0.0029273805855548765
2026-01-20 06:00:00,133.03,133.03,131.07,131.22,20056.695,-0.013699362779082944
2026-01-20 07:00:00,131.23,131.76,130.37,130.63,14859.1735,-0.004506404418259548
2026-01-20 08:00:00,130.63,130.77,128.38,129.1,40992.55582456395,-0.011781601645875106
2026-01-20 09:00:00,129.09,129.14,128.56,128.9,14255.5763,-0.0015503879074549747
2026-01-20 10:00:00,128.91,129.34,128.74,128.91,6544.840105,7.757650987163315e-05
2026-01-20 11:00:00,128.91,129.46,128.74,128.79,6420.791,-0.0009313155504344906
2026-01-20 12:00:00,128.82,129.46,128.71,129.34,7103.484,0.004261425113867858
2026-01-20 13:00:00,129.35,129.35,128.41,128.43,8418.956085,-0.007060587193482223
2026-01-20 14:00:00,128.43,129.76,127.95,128.86,22723.813,0.0033425348855319367
2026-01-20 15:00:00,128.83,128.97,127.25,127.86,20807.43871868,-0.00779062837191576
2026-01-20 16:00:00,127.86,128.56,126.32,127.08,20956.935,-0.006119105937265329
2026-01-20 17:00:00,127.07,127.95,126.38,126.99,12925.581,-0.0007084662003734228
2026-01-20 18:00:00,126.97,127.71,126.86,126.99,12461.391,0.0
2026-01-20 19:00:00,126.98,127.52,126.59,127.25,8103.632,0.002045312229690157
2026-01-20 20:00:00,127.24,128.07,127.01,127.81,8732.21999792,0.004391130712990888
2026-01-20 21:00:00,127.83,127.95,126.98,126.99,5897.061,-0.006436442942681043
2026-01-20 22:00:00,126.98,127.49,124.67,126.09,13893.591,-0.0071124055158069055
2026-01-20 23:00:00,126.1,126.5,125.63,125.8,9758.29,-0.0023025934187949674
2026-01-21 00:00:00,125.81,127.5,125.76,127.32,7331.056,0.01201025814755191
2026-01-21 01:00:00,127.32,127.85,127.22,127.36,6760.058,0.00031411968218093085
2026-01-21 02:00:00,127.36,127.79,126.8,126.93,5640.401,-0.00338196869598708
2026-01-21 03:00:00,126.94,127.84,126.91,127.61,5753.278,0.005342984345799199
2026-01-21 04:00:00,127.6,128.03,127.45,127.77,3862.727,0.0012530348573467566
2026-01-21 05:00:00,127.77,128.74,127.75,128.51,6122.814,0.005774949715817911
2026-01-21 06:00:00,128.52,128.62,128.04,128.24,4916.186,-0.002103214017752096
2026-01-21 07:00:00,128.24,128.47,127.52,127.63,5437.208,-0.004768055306698259
2026-01-21 08:00:00,127.62,127.68,127.0,127.16,5208.965,-0.003689316951997419
2026-01-21 09:00:00,127.17,127.77,127.06,127.47,5506.07999895,0.0024349067522279775
2026-01-21 10:00:00,127.47,128.19,127.41,127.74,4371.418,0.00211590533861324
2026-01-21 11:00:00,127.74,127.91,126.83,126.95,5925.155,-0.0062036399827555995
2026-01-21 12:00:00,126.95,127.44,126.17,127.42,12927.26605728,0.003695408537654694
2026-01-21 13:00:00,127.42,127.62,126.82,127.11,8332.39397444,-0.0024358633817645908
2026-01-21 14:00:00,127.08,129.75,126.97,129.55,21589.11341694,0.01901405370154161
2026-01-21 15:00:00,129.54,131.17,129.37,130.44,22864.88575463,0.006846443912999325
2026-01-21 16:00:00,130.44,130.46,125.52,125.6,22158.88056347,-0.037811096887020126
2026-01-21 17:00:00,125.6,127.03,125.26,126.92,24033.998,0.01045471268089657
2026-01-21 18:00:00,126.92,127.85,126.35,127.63,10645.06100981,0.0055784862796044825
2026-01-21 19:00:00,127.63,131.68,127.2,131.5,19788.248,0.029871398623219966
2026-01-21 20:00:00,131.49,131.64,129.95,131.13,13803.127937,-0.0028176540744864606
2026-01-21 21:00:00,131.13,132.17,130.76,131.06,9098.7211409,-0.000533963931981996
2026-01-21 22:00:00,131.06,131.74,130.59,130.62,6862.638,-0.0033628891368397145
2026-01-21 23:00:00,130.62,131.02,129.18,129.52,6512.85396155,-0.008457035105131355
2026-01-22 00:00:00,129.53,130.34,129.53,130.0,6352.631,0.0036991410862025637
2026-01-22 01:00:00,130.01,130.6,129.9,130.24,7078.92814068,0.001844451798647732
2026-01-22 02:00:00,130.24,130.59,129.74,129.79,7158.366,-0.003461142554562723
2026-01-22 03:00:00,129.79,130.27,129.56,129.84,4697.238,0.0003851635066681922
2026-01-22 04:00:00,129.84,130.48,129.8,130.35,5820.377,0.003920217173174874
2026-01-22 05:00:00,130.36,130.44,129.97,130.11,3046.259,-0.0018428938641260454
2026-01-22 06:00:00,130.12,130.43,129.75,130.36,4783.356,0.0019196074539762564
2026-01-22 07:00:00,130.36,130.44,129.78,129.79,4708.641,-0.00438209426969333
2026-01-22 08:00:00,129.78,130.11,129.34,129.96,7029.149,0.001308951101232019
2026-01-22 09:00:00,129.96,130.27,129.62,130.17,4261.079,0.001614577677469401
2026-01-22 10:00:00,130.17,130.35,130.03,130.18,3588.807,7.681966587228656e-05
2026-01-22 11:00:00,130.17,130.33,129.73,130.12,7188.55178168,-0.0004610065390905199
2026-01-22 12:00:00,130.12,130.45,130.0,130.09,5351.628,-0.00023058299168308193
2026-01-22 13:00:00,130.1,130.95,129.12,129.36,10019.24790981,-0.0056273033446161995
2026-01-22 14:00:00,129.35,129.5,127.84,127.91,16419.505,-0.011272323657549748
2026-01-22 15:00:00,127.91,128.51,126.74,127.42,17719.461,-0.0038381749229596056
2026-01-22 16:00:00,127.43,128.29,126.92,127.91,12770.623,0.0038381749229595154
2026-01-22 17:00:00,127.91,128.81,127.57,128.75,9117.733,0.0065456479325438485
2026-01-22 18:00:00,128.71,128.8,127.65,127.74,7844.06562101,-0.007875591410402512
2026-01-22 19:00:00,127.75,129.37,127.48,129.27,9426.122,0.011906292162413415
2026-01-22 20:00:00,129.25,129.74,128.36,128.48,10169.115,-0.006129990097404908
2026-01-22 21:00:00,128.51,129.05,128.23,128.3,6611.301,-0.001401978576860638
2026-01-22 22:00:00,128.32,128.75,128.04,128.73,4899.231,0.0033459160499520317
2026-01-22 23:00:00,128.71,128.72,128.14,128.48,5048.674,-0.0019439374730915004
2026-01-23 00:00:00,128.49,128.51,128.09,128.34,3990.549,-0.0010902578760822307
2026-01-23 01:00:00,128.35,128.92,128.29,128.92,4336.34,0.004509064624867782
2026-01-23 02:00:00,128.91,128.96,128.2,128.2,4163.7314921,-0.005600512460667418
2026-01-23 03:00:00,128.18,128.76,128.14,128.75,3663.514,0.004280995057275988
2026-01-23 04:00:00,128.76,129.28,128.62,129.13,6006.05280996,0.0029471093147147133
2026-01-23 05:00:00,129.14,129.14,128.38,128.68,4940.45065217,-0.003490946487734523
2026-01-23 06:00:00,128.68,129.13,127.23,127.48,11408.909,-0.009369212821690008
2026-01-23 07:00:00,127.52,128.09,127.52,127.93,5117.318,0.0035237497798080277
2026-01-23 08:00:00,127.93,127.99,127.0,127.14,6025.954,-0.006194397820680988
2026-01-23 09:00:00,127.1,127.39,126.95,127.13,5745.938,-7.865654623162926e-05
2026-01-23 10:00:00,127.09,127.49,127.03,127.29,5921.98581299,0.0012577629203121474
2026-01-23 11:00:00,127.29,127.75,127.24,127.53,4227.565,0.0018836831564652608
2026-01-23 12:00:00,127.55,127.55,127.17,127.19,2837.128,-0.002669599575415391
2026-01-23 13:00:00,127.19,127.4,126.77,126.82,5856.284,-0.002913273191507621
2026-01-23 14:00:00,126.84,127.37,125.28,126.15,16935.835,-0.005297083184818689
2026-01-23 15:00:00,126.14,128.11,125.54,127.9,14407.93014394,0.01377703349773021
2026-01-23 16:00:00,127.91,129.19,127.47,128.45,17351.413,0.004291014971095518
2026-01-23 17:00:00,128.46,130.2,127.89,128.46,15385.619,7.784827375389477e-05
2026-01-23 18:00:00,128.45,129.56,128.27,129.05,10643.513,0.004582354334976449
2026-01-23 19:00:00,129.04,129.12,127.79,128.07,13212.531,-0.007622936726642624
2026-01-23 20:00:00,128.09,128.25,126.55,126.98,10006.781,-0.008547395695676502
2026-01-23 21:00:00,126.96,127.57,126.9,127.15,5010.573,0.0013378981258248305
2026-01-23 22:00:00,127.13,127.89,127.11,127.65,4450.42812255,0.00392465181936423
2026-01-23 23:00:00,127.67,127.68,127.27,127.43,3431.361,-0.0017249494633050405
2026-01-24 00:00:00,127.44,127.74,127.38,127.42,4301.36,-7.847753584565665e-05
2026-01-24 01:00:00,127.41,127.56,127.31,127.53,2210.027,0.0008629143504662156
2026-01-24 02:00:00,127.55,127.78,127.5,127.7,2475.01,0.001332131999685076
2026-01-24 03:00:00,127.71,128.12,127.6,127.91,3089.103,0.0016431285728080829
2026-01-24 04:00:00,127.92,128.1,127.7,127.83,2238.64,-0.0006256354313714074
2026-01-24 05:00:00,127.86,127.89,127.65,127.81,1913.252,-0.00015647003630734022
2026-01-24 06:00:00,127.81,127.83,127.55,127.65,1795.632,-0.0012526424561301506
2026-01-24 07:00:00,127.66,127.67,127.04,127.15,4866.397,-0.0039246518193642235
2026-01-24 08:00:00,127.13,127.39,127.01,127.38,1847.811,0.001807253075090909
2026-01-24 09:00:00,127.38,127.38,127.0,127.09,1885.153,-0.0022792480492406335
2026-01-24 10:00:00,127.1,127.25,126.94,127.18,1570.24699947,0.0007079089452827074
2026-01-24 11:00:00,127.19,127.37,127.14,127.18,1587.126,0.0
2026-01-24 12:00:00,127.18,127.37,127.12,127.31,2073.495,0.001021651234292246
2026-01-24 13:00:00,127.32,127.32,126.95,126.95,1738.59799781,-0.0028317489228666067
2026-01-24 14:00:00,126.95,127.26,126.82,127.17,3178.751,0.0017314658819679253
2026-01-24 15:00:00,127.17,127.4,126.82,126.84,2693.051,-0.0025983243625088536
2026-01-24 16:00:00,126.84,127.13,126.65,127.02,6495.86,0.0014181047046821727
2026-01-24 17:00:00,127.03,127.28,126.98,127.25,2539.518,0.001809101055803332
2026-01-24 18:00:00,127.26,127.46,127.17,127.39,2294.914,0.0010995916910634819
2026-01-24 19:00:00,127.39,127.5,127.25,127.3,2709.759,-0.0007067415583346659
2026-01-24 20:00:00,127.31,127.5,127.28,127.3,1585.751,0.0
2026-01-24 21:00:00,127.3,127.35,127.12,127.15,2970.825,-0.0011790136952321204
2026-01-24 22:00:00,127.16,127.73,127.16,127.64,3200.667,0.003846309541914058
2026-01-24 23:00:00,127.65,127.76,127.18,127.21,3471.582,-0.0033745372419232856
2026-01-25 00:00:00,127.22,127.47,126.86,127.34,3817.407,0.0010214104207597028
2026-01-25 01:00:00,127.35,127.42,126.95,127.14,2275.677,-0.00157183308061661
2026-01-25 02:00:00,127.14,127.42,126.94,127.06,2033.692,-0.0006294256698754475
2026-01-25 03:00:00,127.06,127.13,126.36,126.65,4304.389,-0.0032320393907029348
2026-01-25 04:00:00,126.64,127.0,126.54,126.8,3196.184,0.001183665555441274
2026-01-25 05:00:00,126.8,126.97,126.65,126.96,1998.759,0.001261034215028165
2026-01-25 06:00:00,126.96,126.96,126.45,126.73,3318.862,-0.00181323712418072
2026-01-25 07:00:00,126.74,126.74,126.39,126.49,3025.932,-0.0018955854345224234
2026-01-25 08:00:00,126.5,126.82,125.99,126.24,6043.729,-0.0019783965618862657
2026-01-25 09:00:00,126.24,126.9,126.11,126.71,5841.62399851,0.0037161537132527392
2026-01-25 10:00:00,126.72,127.2,126.64,126.98,4366.914,0.002128582931487075
2026-01-25 11:00:00,126.96,126.98,126.57,126.78,3906.192,-0.0015762928862835483
2026-01-25 12:00:00,126.78,127.07,126.6,127.06,3945.465,0.0022061149823669533
2026-01-25 13:00:00,127.07,127.12,126.51,126.98,3600.048,-0.0006298220960833075
2026-01-25 14:00:00,126.99,126.99,125.69,126.1,5692.073,-0.006954350771430045
2026-01-25 15:00:00,126.1,126.32,125.5,125.6,6233.919,-0.003972988936775558
2026-01-25 16:00:00,125.6,125.6,122.23,122.79,41251.378,-0.02262667486167687
2026-01-25 17:00:00,122.77,122.99,121.61,122.22,13940.63862507,-0.004652879705651982
2026-01-25 18:00:00,122.22,122.31,120.75,121.69,19562.33,-0.004345872118060756
2026-01-25 19:00:00,121.69,121.86,117.21,117.96,49568.966,-0.031131243401633233
2026-01-25 20:00:00,117.96,118.66,117.44,118.33,38292.027,0.0031317474493920295
2026-01-25 21:00:00,118.33,118.94,117.65,118.85,21133.11999901,0.004384862409735472
2026-01-25 22:00:00,118.85,118.85,117.91,118.43,9870.09497648,-0.0035401250727991125
2026-01-25 23:00:00,118.43,119.43,117.55,118.87,15242.528,0.0037083902591293675
2026-01-26 00:00:00,118.86,119.8,118.55,119.64,12740.123,0.006456774769214268
2026-01-26 01:00:00,119.65,122.77,119.59,122.41,21720.981,0.02288883232567375
2026-01-26 02:00:00,122.4,122.67,121.31,122.04,9585.7679995,-0.0030272062389520857
2026-01-26 03:00:00,122.05,122.33,121.11,121.56,9066.105,-0.00394089179987659
2026-01-26 04:00:00,121.57,123.58,121.57,122.54,10310.65199911,0.008029539248916152
2026-01-26 05:00:00,122.58,122.9,122.43,122.48,6151.407,-0.0004897559480801585
2026-01-26 06:00:00,122.47,122.78,122.2,122.48,7095.07307267,0.0
2026-01-26 07:00:00,122.49,123.0,122.24,122.89,8790.934,0.0033418949470774614
2026-01-26 08:00:00,122.91,123.58,122.29,122.69,10784.39416381,-0.0016287974934144215
2026-01-26 09:00:00,122.7,122.74,121.8,121.93,7819.135,-0.0062137392309180575
2026-01-26 10:00:00,121.94,122.7,121.93,122.45,6290.542,0.004255673826003428
2026-01-26 11:00:00,122.46,122.69,122.41,122.51,4231.722,0.0004898759079023805
2026-01-26 12:00:00,122.51,122.97,122.38,122.68,5499.339,0.0013866799399715076
2026-01-26 13:00:00,122.68,123.28,122.55,123.17,10004.826,0.0039861757073420346
2026-01-26 14:00:00,123.17,124.25,122.67,123.8,23597.64219552,0.005101845297102743
2026-01-26 15:00:00,123.78,125.18,123.07,123.51,22375.16568191,-0.0023452358005726544
2026-01-26 16:00:00,123.53,124.86,123.19,124.29,15035.26451023,0.006295420307497073
2026-01-26 17:00:00,124.31,124.67,123.05,124.3,11270.862,8.045375924529443e-05
2026-01-26 18:00:00,124.28,125.59,123.97,124.9,14028.793,0.00481541861486657
2026-01-26 19:00:00,124.9,125.13,124.18,124.32,8296.31701839,-0.004654530512194785
2026-01-26 20:00:00,124.32,124.46,123.44,123.69,8719.06,-0.005080451232418952
2026-01-26 21:00:00,123.7,124.81,123.54,124.52,10120.902,0.006687910186489101
2026-01-26 22:00:00,124.52,124.88,124.26,124.54,5569.699,0.0001606038708986153
2026-01-26 23:00:00,124.54,124.85,124.15,124.23,6051.462,-0.0024922632187203315
2026-01-27 00:00:00,124.24,124.43,123.89,124.1,3618.429,-0.0010469940150241279
2026-01-27 01:00:00,124.09,124.57,123.76,124.34,7618.613,0.0019320566306300418
2026-01-27 02:00:00,124.35,125.12,124.34,125.06,10491.34097605,0.005773873297960343
2026-01-27 03:00:00,125.04,125.18,124.42,124.51,6812.069,-0.004407588174830712
2026-01-27 04:00:00,124.52,125.16,124.29,124.45,6878.991,-0.0004820051507201548
2026-01-27 05:00:00,124.45,124.52,124.17,124.48,6847.678,0.0002410316164804721
2026-01-27 06:00:00,124.48,124.75,124.02,124.22,6775.46599913,-0.0020908732989245657
2026-01-27 07:00:00,124.22,124.66,124.11,124.53,5786.029,0.0024924636019000826
2026-01-27 08:00:00,124.52,124.8,124.06,124.09,6265.837,-0.0035395419465287857
2026-01-27 09:00:00,124.1,124.1,123.59,123.74,6712.917,-0.002824518683685587
2026-01-27 10:00:00,123.75,124.15,123.69,123.7,5987.021,-0.00032331070440046124
2026-01-27 11:00:00,123.71,124.28,123.62,124.13,4213.948,0.0034701241294141654
2026-01-27 12:00:00,124.13,124.34,123.85,123.9,4328.078,-0.0018546148927595751
2026-01-27 13:00:00,123.9,123.93,123.14,123.21,4767.658,-0.005584571998519963
2026-01-27 14:00:00,123.21,124.5,123.19,123.64,14405.57399961,0.0034839006273386826
2026-01-27 15:00:00,123.65,125.03,123.47,125.02,13370.90799083,0.011099607239750722
2026-01-27 16:00:00,125.02,126.78,125.0,126.31,23098.78991111,0.010265478282217704
2026-01-27 17:00:00,126.31,126.33,123.56,124.04,19008.60895048,-0.018135108553635666
2026-01-27 18:00:00,124.05,126.28,123.84,125.8,17147.9959604,0.01408925003409181
2026-01-27 19:00:00,125.81,126.26,125.42,125.84,11691.308,0.00031791448368225726
2026-01-27 20:00:00,125.83,127.51,125.74,127.37,16152.64,0.012084977851645676
2026-01-27 21:00:00,127.37,127.83,126.92,127.05,12727.05031419,-0.0025155268354950552
2026-01-27 22:00:00,127.06,127.8,127.0,127.61,7899.335,0.004398027979711973
2026-01-27 23:00:00,127.62,127.65,127.11,127.19,7245.521,-0.003296706282491866
2026-01-28 00:00:00,127.19,127.29,126.64,127.25,5981.345,0.00047162396723908994
2026-01-28 01:00:00,127.25,127.51,126.72,127.09,7394.586,-0.0012581585366530903
2026-01-28 02:00:00,127.09,127.38,126.71,127.06,6446.765,-0.00023608105559190786
2026-01-28 03:00:00,127.07,127.23,126.71,126.95,6398.002,-0.0008661076876997864
2026-01-28 04:00:00,126.95,127.04,126.48,126.8,7325.97087007,-0.0011822661475619034
2026-01-28 05:00:00,126.83,126.97,126.45,126.75,6076.008,-0.0003943995318330019
2026-01-28 06:00:00,126.76,127.52,126.76,127.39,7597.378,0.005036604650402861
2026-01-28 07:00:00,127.4,127.53,126.95,127.06,6153.28,-0.002593831283308293
2026-01-28 08:00:00,127.07,127.27,126.65,126.67,6763.134,-0.0030741363428460934
2026-01-28 09:00:00,126.68,127.6,125.99,127.56,10623.005,0.00700156264631585
2026-01-28 10:00:00,127.59,128.09,127.29,127.31,9637.338,-0.001961785068302882
2026-01-28 11:00:00,127.31,128.32,127.17,128.16,9915.399,0.006654426246495078
2026-01-28 12:00:00,128.16,128.21,127.05,127.24,10715.423,-0.007204416439105693
2026-01-28 13:00:00,127.24,127.83,126.87,127.33,10927.026,0.0007070747044009546
2026-01-28 14:00:00,127.33,127.34,126.49,126.85,11696.197,-0.0037768555400533228
2026-01-28 15:00:00,126.86,127.13,125.52,126.06,10500.583,-0.006247301960326727
2026-01-28 16:00:00,126.07,126.63,125.59,126.09,10533.244,0.00023795360017103635
2026-01-28 17:00:00,126.09,127.02,125.3,126.52,11334.016,0.0034044607523130914
2026-01-28 18:00:00,126.52,126.53,125.7,126.08,10021.36979188,-0.003483772327879109
2026-01-28 19:00:00,126.08,126.69,125.33,126.05,12073.529,-0.00023797247564022524
2026-01-28 20:00:00,126.0,126.66,125.35,125.4,10173.897,-0.005170025435108401
2026-01-28 21:00:00,125.44,125.84,124.8,125.45,9888.696,0.0003986446136109849
2026-01-28 22:00:00,125.48,125.85,125.17,125.72,5251.846,0.002149939116935484
2026-01-28 23:00:00,125.73,125.76,125.08,125.35,6662.141,-0.002947387325064526
2026-01-29 00:00:00,125.35,125.5,124.57,125.13,6909.638,-0.0017566277273388482
2026-01-29 01:00:00,125.12,125.23,124.12,124.34,7551.999,-0.006333448035772029
2026-01-29 02:00:00,124.34,124.8,123.16,123.52,12508.24,-0.006616662564725509
2026-01-29 03:00:00,123.53,123.77,122.7,123.08,9585.061,-0.003568535822624975
2026-01-29 04:00:00,123.08,123.52,122.5,123.42,4707.883,0.0027586224390796607
2026-01-29 05:00:00,123.43,123.81,123.16,123.25,3434.553,-0.0013783599701212709
2026-01-29 06:00:00,123.26,123.71,123.11,123.69,2967.543,0.0035636224641187463
2026-01-29 07:00:00,123.69,123.98,123.66,123.77,3226.214,0.0006465691650125606
2026-01-29 08:00:00,123.79,123.92,123.19,123.3,5044.035,-0.0038045943816323474
2026-01-29 09:00:00,123.3,123.37,122.99,123.04,3874.016,-0.002110904412964708
2026-01-29 10:00:00,123.04,123.29,122.92,123.22,2867.93388686,0.0014618698290907858
2026-01-29 11:00:00,123.23,123.27,122.69,122.79,5477.271,-0.003495796414003257
2026-01-29 12:00:00,122.78,123.18,122.46,122.86,5545.31599561,0.0005699165633600099
2026-01-29 13:00:00,122.86,123.15,122.7,122.9,3662.499,0.00032552083620778004
2026-01-29 14:00:00,122.92,123.09,120.36,120.36,18861.556,-0.020883764810144746
2026-01-29 15:00:00,120.36,120.43,116.14,117.69,60708.10908643,-0.02243320287227363
2026-01-29 16:00:00,117.7,119.0,116.83,119.0,26910.468,0.011069444221958522
2026-01-29 17:00:00,118.99,119.97,117.73,117.91,17673.411,-0.009201871522947427
2026-01-29 18:00:00,117.96,118.18,115.43,115.8,33915.8872,-0.018057056449687147
2026-01-29 19:00:00,115.78,117.22,115.46,116.84,14344.452,0.00894091238064532
2026-01-29 20:00:00,116.84,117.47,116.57,116.96,8801.816,0.0010265184819280026
2026-01-29 21:00:00,116.97,117.74,116.94,117.48,8193.675,0.0044361103289511416
2026-01-29 22:00:00,117.48,117.83,117.34,117.6,4335.961,0.001020929134107143
2026-01-29 23:00:00,117.6,117.94,117.32,117.83,4512.683,0.0019538722607228866
2026-01-30 00:00:00,117.83,118.15,117.53,117.66,5536.924,-0.0014437982889394714
2026-01-30 01:00:00,117.67,117.91,112.02,115.22,47152.79208097,-0.0209557651320728
2026-01-30 02:00:00,115.22,115.38,112.8,114.1,19823.309,-0.009768087436207185
2026-01-30 03:00:00,114.14,114.66,113.55,114.46,8878.045,0.003150160112926146
2026-01-30 04:00:00,114.45,115.81,114.3,115.57,8065.527,0.009650990006393627
2026-01-30 05:00:00,115.58,116.1,115.45,115.53,10099.323,-0.0003461704924227047
2026-01-30 06:00:00,115.54,115.54,113.04,113.88,22883.353,-0.014384974085090457
2026-01-30 07:00:00,113.88,116.13,113.88,115.8,10840.858,0.016719302729058076
2026-01-30 08:00:00,115.81,116.18,115.18,115.39,6933.70299955,-0.003546869932318515
2026-01-30 09:00:00,115.39,116.04,114.69,115.39,11173.916,0.0
2026-01-30 10:00:00,115.38,116.01,115.1,115.91,8678.4785305,0.0044963326940772866
2026-01-30 11:00:00,115.91,117.26,115.78,117.08,8190.715,0.010043433923031496
2026-01-30 12:00:00,117.09,117.32,115.97,116.28,9511.964,-0.0068563861330099415
2026-01-30 13:00:00,116.28,116.41,115.22,115.8,13640.963,-0.00413651055178039
2026-01-30 14:00:00,115.79,117.63,115.79,116.34,16877.16567112,0.004652373343720674
2026-01-30 15:00:00,116.35,117.13,114.58,116.81,16030.66199803,0.004031744684989305
2026-01-30 16:00:00,116.8,117.98,116.23,117.11,17030.983,0.002564980886441154
2026-01-30 17:00:00,117.15,117.76,116.56,116.64,13062.46927373,-0.004021395793697892
2026-01-30 18:00:00,116.64,118.6,114.36,118.1,25169.03838046,0.012439454942968596
2026-01-30 19:00:00,118.13,119.11,118.13,118.28,21776.554,0.0015229717809600043
2026-01-30 20:00:00,118.29,118.43,116.52,117.0,21103.098,-0.010880760186520398
2026-01-30 21:00:00,117.01,118.0,116.88,117.39,10166.583,0.0033277900926747457
2026-01-30 22:00:00,117.41,117.54,116.58,117.39,8919.877,0.0
2026-01-30 23:00:00,117.38,117.62,116.9,117.6,4043.101,0.0017873105740956587
2026-01-31 00:00:00,117.61,117.98,117.4,117.55,5828.514,-0.00042526047844804307
2026-01-31 01:00:00,117.55,118.36,117.54,118.16,6297.58699954,0.005175863237045851
2026-01-31 02:00:00,118.17,118.55,117.62,118.31,6471.951,0.0012686600424471038
2026-01-31 03:00:00,118.32,118.64,118.19,118.39,3757.088,0.0006759611579735318
2026-01-31 04:00:00,118.4,118.85,118.29,118.43,3914.009,0.0003378093098588232
2026-01-31 05:00:00,118.44,118.77,118.03,118.63,5794.607,0.0016873369396080476
2026-01-31 06:00:00,118.63,118.81,117.91,118.54,8889.361,-0.0007589493133197637
2026-01-31 07:00:00,118.54,118.6,117.23,117.36,9072.593,-0.010004322524965905
2026-01-31 08:00:00,117.37,117.53,114.24,115.62,42253.585,-0.014937182180396203
2026-01-31 09:00:00,115.62,116.82,115.41,116.36,8299.183,0.006379881972670737
2026-01-31 10:00:00,116.39,116.93,116.07,116.78,5076.859,0.003602989228390642
2026-01-31 11:00:00,116.79,116.79,115.99,116.04,5597.97388555,-0.0063568636021882315
2026-01-31 12:00:00,116.06,116.18,115.04,115.19,10618.88050364,-0.00735202031478829
2026-01-31 13:00:00,115.19,115.23,113.65,114.18,15800.754,-0.00880678840230182
2026-01-31 14:00:00,114.16,114.43,108.25,109.13,73488.60662522,-0.045236318411114806
2026-01-31 15:00:00,109.12,110.19,108.41,108.64,21520.18,-0.004500168314612454
2026-01-31 16:00:00,108.66,109.81,105.64,106.29,39767.4557,-0.0218684562648956
2026-01-31 17:00:00,106.27,106.71,100.31,103.31,82519.14920195,-0.0284370306841363
2026-01-31 18:00:00,103.31,103.87,96.45,101.93,109628.2638,-0.013447873681032632
2026-01-31 19:00:00,101.94,103.49,101.52,101.75,33902.0526531,-0.0017674788576170948
2026-01-31 20:00:00,101.78,102.56,100.41,102.03,22651.999,0.0027480633645093617
2026-01-31 21:00:00,101.98,103.8,101.34,103.5,34509.165,0.014304725018209972
2026-01-31 22:00:00,103.57,104.39,103.34,104.12,17089.093,0.0059724674209408616
2026-01-31 23:00:00,104.1,106.55,103.88,105.58,22923.487,0.013924879269105597
2026-02-01 00:00:00,105.58,106.41,105.34,105.68,17321.513,0.0009467008185996781
2026-02-01 01:00:00,105.67,105.79,104.24,104.98,14626.816,-0.006645804389916187
2026-02-01 02:00:00,104.99,105.96,104.79,105.59,11119.271,0.00579381399426939
2026-02-01 03:00:00,105.56,105.67,104.55,104.98,8227.065,-0.005793813994269285
2026-02-01 04:00:00,104.99,105.5,104.8,105.19,7595.929,0.001998382927029042
2026-02-01 05:00:00,105.21,105.68,104.5,104.68,7999.162,-0.0048601610892375245
2026-02-01 06:00:00,104.69,105.43,104.54,105.09,7269.2168407,0.003909048215559903
2026-02-01 07:00:00,105.08,106.03,103.97,105.2,11479.38963005,0.001046174426104302
2026-02-01 08:00:00,105.2,106.05,104.82,105.54,9688.019,0.003226727673912283
2026-02-01 09:00:00,105.54,105.93,104.98,105.79,7670.396,0.0023659690211613096
2026-02-01 10:00:00,105.8,105.85,103.61,103.76,13650.501,-0.01937545699049477
2026-02-01 11:00:00,103.76,105.38,103.76,105.06,9108.884,0.012451075517627091
2026-02-01 12:00:00,105.06,105.18,104.13,105.07,14155.55,9.517917486837694e-05
2026-02-01 13:00:00,105.05,106.67,104.09,104.44,16937.601,-0.006014050869755697
2026-02-01 14:00:00,104.44,104.8,101.76,102.93,39497.64441225,-0.014563598292459932
2026-02-01 15:00:00,102.95,102.95,100.22,101.68,26442.071,-0.01221851865726946
2026-02-01 16:00:00,101.7,102.88,100.94,101.73,18571.434,0.0004916179244583233
2026-02-01 17:00:00,101.74,102.49,101.13,102.44,11482.5818885,0.006955016525667545
2026-02-01 18:00:00,102.44,104.23,102.44,103.47,19757.59,0.010004454285534816
2026-02-01 19:00:00,103.45,103.76,101.55,101.94,12061.946,-0.014897310704963557
2026-02-01 20:00:00,101.94,102.85,100.2,101.58,16134.121,-0.0035377395387967045
2026-02-01 21:00:00,101.58,101.7,100.15,100.85,16876.033,-0.007212400972878206
2026-02-01 22:00:00,100.86,102.87,100.84,101.79,16430.493,0.009277603064027893
2026-02-01 23:00:00,101.79,102.04,98.03,100.77,36922.87498329,-0.010071175171937546
2026-02-02 00:00:00,100.79,102.9,99.66,102.29,23677.336,0.01497122417660509
2026-02-02 01:00:00,102.29,103.13,100.43,102.11,15752.66899976,-0.0017612529014694959
2026-02-02 02:00:00,102.1,102.71,100.58,100.77,13783.352,-0.01320997127513557
2026-02-02 03:00:00,100.75,100.88,95.96,100.03,54497.6067,-0.007370551295221702
2026-02-02 04:00:00,100.09,101.78,98.66,100.27,21372.11,0.002396406538744576
2026-02-02 05:00:00,100.31,100.45,97.66,98.31,21878.883,-0.019740796157001042
2026-02-02 06:00:00,98.3,101.38,97.09,100.7,40780.03199844,0.024020048345683595
2026-02-02 07:00:00,100.68,102.43,100.49,101.42,24379.328,0.007124510642356299
2026-02-02 08:00:00,101.44,102.47,101.39,101.7,17960.71599844,0.002756992687641275
2026-02-02 09:00:00,101.74,103.17,101.42,102.77,21111.15799497,0.01046617858246743
2026-02-02 10:00:00,102.79,103.44,102.61,102.88,16626.031,0.0010697788523275076
2026-02-02 11:00:00,102.89,103.42,102.67,102.77,15975.916,-0.0010697788523275154
2026-02-02 12:00:00,102.78,103.75,102.78,103.3,17436.554,0.005143894488611132
2026-02-02 13:00:00,103.29,103.69,102.84,103.34,15418.71576838,0.00038714673344565853
2026-02-02 14:00:00,103.33,105.15,102.4,103.97,34785.83699881,0.00607787313084024
2026-02-02 15:00:00,103.95,106.1,103.57,104.7,24567.58097745,0.006996721886612471
2026-02-02 16:00:00,104.7,105.75,104.29,105.01,15107.79551874,0.0029564658414109484
2026-02-02 17:00:00,105.01,105.58,104.47,104.81,9637.80751054,-0.0019063965358160986
2026-02-02 18:00:00,104.81,105.02,103.89,104.74,9406.43498845,-0.0006680983307444387
2026-02-02 19:00:00,104.74,104.84,103.53,103.9,15165.8887,-0.008052190746159796
2026-02-02 20:00:00,103.89,104.25,103.32,103.84,10558.927,-0.0005776451494018868
2026-02-02 21:00:00,103.85,104.98,103.81,104.84,7684.345,0.009584125499425623
2026-02-02 22:00:00,104.84,105.2,104.58,105.0,7321.481,0.001524971702317668
2026-02-02 23:00:00,105.05,105.06,104.42,104.52,5254.878,-0.004581909505111621
2026-02-03 00:00:00,104.54,104.67,103.72,104.19,11357.25,-0.003162285228319417
2026-02-03 01:00:00,104.19,104.38,103.5,104.38,20630.354,0.0018219307911747935
2026-02-03 02:00:00,104.39,104.4,102.36,102.43,11211.01197452,-0.018858447766823782
2026-02-03 03:00:00,102.43,104.42,102.2,104.15,11390.665,0.016652529258537677
2026-02-03 04:00:00,104.17,105.09,103.87,104.68,8951.00695683,0.005075909954964093
2026-02-03 05:00:00,104.69,104.73,103.67,103.72,6325.403,-0.009213116991481593
2026-02-03 06:00:00,103.72,104.07,102.96,103.98,9477.754,0.0025036122851060574
2026-02-03 07:00:00,103.98,104.9,103.76,104.7,8678.673,0.006900544920921491
2026-02-03 08:00:00,104.69,105.02,104.09,104.14,9933.078,-0.005362970141738194
2026-02-03 09:00:00,104.13,104.2,102.55,103.15,12660.987,-0.009551908217492086
2026-02-03 10:00:00,103.15,103.32,102.52,102.94,6764.903,-0.002037945292652413
2026-02-03 11:00:00,102.91,103.41,102.85,103.01,6429.514,0.0006797766709936149
2026-02-03 12:00:00,103.02,103.36,102.54,103.13,10135.428,0.0011642574323756196
2026-02-03 13:00:00,103.14,103.58,102.78,103.43,9182.962,0.0029047270617346653
2026-02-03 14:00:00,103.43,103.63,100.76,100.87,22121.388,-0.02506249632296824
2026-02-03 15:00:00,100.85,102.76,100.42,102.56,30392.366,0.016615434105615872
2026-02-03 16:00:00,102.56,102.56,99.94,100.73,25001.34,-0.01800432321777015
2026-02-03 17:00:00,100.73,100.96,99.03,99.09,33012.47499968,-0.016415141883781754
2026-02-03 18:00:00,99.11,99.42,96.67,96.83,43033.8754047,-0.023071664447368266
2026-02-03 19:00:00,96.82,100.09,96.7,99.02,33962.81404,0.022364986309837128
2026-02-03 20:00:00,99.0,102.07,98.32,101.15,33197.361,0.021282713680477468
2026-02-03 21:00:00,101.14,101.82,100.01,100.19,15048.757,-0.009536180342582983
2026-02-03 22:00:00,100.22,100.29,98.12,98.49,12059.466,-0.017113363089560713
2026-02-03 23:00:00,98.48,98.6,97.23,97.88,15278.443,-0.00621278160714004
2026-02-04 00:00:00,97.89,98.79,97.19,97.97,13518.62399733,0.000919070782080085
2026-02-04 01:00:00,97.99,99.66,97.99,99.12,20137.164,0.011669927964336128
2026-02-04 02:00:00,99.11,99.18,97.42,97.94,14097.874,-0.011976191046715762
2026-02-04 03:00:00,97.94,99.61,97.91,99.1,16685.75498877,0.01177439506177089
2026-02-04 04:00:00,99.11,99.37,98.06,98.09,7086.704,-0.01024401675971789
2026-02-04 05:00:00,98.1,98.44,96.48,97.02,20095.194,-0.010968281759153821
2026-02-04 06:00:00,97.01,98.78,96.79,98.25,12852.886,0.012598107932300082
2026-02-04 07:00:00,98.25,98.25,97.43,97.92,10743.855,-0.003364431985354595
2026-02-04 08:00:00,97.92,97.95,96.8,97.73,11391.30240042,-0.0019422444132715054
2026-02-04 09:00:00,97.72,97.78,96.78,97.14,15687.212,-0.006055337433145699
2026-02-04 10:00:00,97.15,97.29,96.77,97.03,14415.798,-0.001133027880390704
2026-02-04 11:00:00,97.06,97.07,94.72,96.11,50472.0504,-0.009526840202015083
2026-02-04 12:00:00,96.12,96.73,95.86,96.5,13227.81098155,0.0040496395097473215
2026-02-04 13:00:00,96.47,96.47,94.19,94.42,26518.1335,-0.021790093226799537
2026-02-04 14:00:00,94.38,95.03,92.97,93.12,39957.6121,-0.013863931135013007
2026-02-04 15:00:00,93.12,94.2,91.33,92.78,51113.8411,-0.0036578846595300635
2026-02-04 16:00:00,92.81,93.13,90.98,91.99,52005.9074,-0.00855122383453175
2026-02-04 17:00:00,91.99,92.62,90.02,91.44,44998.07771311,-0.005996856002510589
2026-02-04 18:00:00,91.44,93.28,90.35,92.3,46678.771,0.00936112202225134
2026-02-04 19:00:00,92.3,94.71,92.27,94.37,41747.627,0.022179084524435337
2026-02-04 20:00:00,94.38,94.51,93.01,93.24,24746.957,-0.012046411865685329
2026-02-04 21:00:00,93.23,93.37,90.73,91.33,36660.129,-0.020697493463968816
2026-02-04 22:00:00,91.34,92.89,89.33,90.84,49383.6877,-0.005379603466229759
2026-02-04 23:00:00,90.82,92.93,90.25,92.13,28092.1049763,0.014100905883482888
2026-02-05 00:00:00,92.11,92.76,91.39,91.77,19577.8479802,-0.003915176289918922
2026-02-05 01:00:00,91.78,92.89,90.54,91.92,29705.02592012,0.0016331867095785997
2026-02-05 02:00:00,91.96,92.71,90.72,90.9,29646.756,-0.011158632357067063
2026-02-05 03:00:00,90.92,91.68,90.26,91.15,28594.605,0.0027464999412389465
2026-02-05 04:00:00,91.15,91.92,90.33,91.13,33553.19,-0.00021944261663670522
2026-02-05 05:00:00,91.13,92.14,89.92,91.16,38209.94199165,0.0003291458694479626
2026-02-05 06:00:00,91.17,91.24,89.7,90.22,28336.637,-0.010365072397233624
2026-02-05 07:00:00,90.21,91.65,90.16,90.52,33177.685,0.003319688785086627
2026-02-05 08:00:00,90.54,92.45,90.54,91.77,23858.461,0.013714626065585205
2026-02-05 09:00:00,91.78,93.41,91.74,92.5,25031.337,0.00792319768745769
2026-02-05 10:00:00,92.51,92.63,89.68,90.3,21913.95018982,-0.024071184095439752
2026-02-05 11:00:00,90.29,90.8,88.68,89.98,39088.92,-0.0035500370099134093
2026-02-05 12:00:00,89.98,90.75,88.7,89.52,35457.910591,-0.005125359409356518
2026-02-05 13:00:00,89.5,90.05,88.2,88.48,26025.3315,-0.011685526229645056
2026-02-05 14:00:00,88.47,91.43,88.32,88.59,36301.366,0.0012424466499162824
2026-02-05 15:00:00,88.6,88.98,83.48,84.61,87535.67088651,-0.045966521487531484
2026-02-05 16:00:00,84.61,86.2,83.7,85.54,52322.02908252,0.010931639862353055
2026-02-05 17:00:00,85.55,85.71,82.45,82.69,49691.61087326,-0.03388542706468735
2026-02-05 18:00:00,82.72,83.35,81.22,82.96,49986.8049,0.003259888187196566
2026-02-05 19:00:00,82.96,83.31,81.42,81.67,34281.269,-0.015671826551087443
2026-02-05 20:00:00,81.68,82.29,77.69,78.83,89384.3031,-0.035393102298367535
2026-02-05 21:00:00,78.85,81.24,78.39,79.03,49068.09,0.0025338921450670606
2026-02-05 22:00:00,79.03,80.68,77.59,79.8,49597.89046525,0.009695977238879107
2026-02-05 23:00:00,79.81,81.62,78.1,78.35,40832.088,-0.01833753565373329
2026-02-06 00:00:00,78.35,78.78,67.53,75.53,294398.18160318,-0.03665604047667318
2026-02-06 01:00:00,75.54,79.76,75.5,79.53,59162.71243377,0.051604380643687164
2026-02-06 02:00:00,79.6,80.29,76.39,76.94,50459.064,-0.033108411644894864
2026-02-06 03:00:00,76.94,77.39,75.73,76.71,30181.8354652,-0.0029938193529441275
2026-02-06 04:00:00,76.71,78.02,76.23,77.79,31025.27981862,0.013980810247477899
2026-02-06 05:00:00,77.74,81.63,77.6,81.13,33650.001,0.04203991818829072
2026-02-06 06:00:00,81.15,81.6,79.4,79.5,34211.46487343,-0.02029578474668736
2026-02-06 07:00:00,79.5,80.62,78.77,79.58,31942.63153239,0.0010057833384964072
2026-02-06 08:00:00,79.6,80.22,78.67,79.07,29206.062,-0.006429268915946952
2026-02-06 09:00:00,79.06,81.68,78.96,81.33,29285.411,0.028181416095848226
2026-02-06 10:00:00,81.33,82.05,80.75,80.83,28533.33799968,-0.006166768432930845
2026-02-06 11:00:00,80.81,81.73,80.46,81.36,25866.06495953,0.006535567994551508
2026-02-06 12:00:00,81.36,81.96,80.86,81.89,22479.746,0.006493131541792491
2026-02-06 13:00:00,81.89,83.83,81.72,83.12,37025.816,0.014908463508875026
2026-02-06 14:00:00,83.12,85.19,81.92,84.15,52267.831,0.012315573845843138
2026-02-06 15:00:00,84.17,85.04,83.41,84.49,39175.7119075,0.00403226352793823
2026-02-06 16:00:00,84.48,87.21,83.7,86.72,49558.573,0.02605135352658279
2026-02-06 17:00:00,86.74,88.71,86.19,86.73,48436.63,0.0001153070050284353
2026-02-06 18:00:00,86.73,86.86,85.25,86.16,32214.77035658,-0.006593811848231344
2026-02-06 19:00:00,86.19,87.46,85.57,87.08,36963.177,0.010621203518213553
2026-02-06 20:00:00,87.09,87.11,86.91,87.08,936.949,0.0
